[0;34m[INFO][0m Starting consolidated email processor at Fri Feb 27 10:30:02 WAT 2026
[0;34m[INFO][0m Checking for IHS Towers emails...
[0;32m[SUCCESS][0m No IHS Towers emails found
[0;34m[INFO][0m Starting batch email processing
[0;34m[INFO][0m Processed 0/0 emails in batch
[0;34m[INFO][0m Summary report generated
[0;34m[INFO][0m Cleaned up old cache files
[0;32m[SUCCESS][0m Email processing completed successfully
[0;34m[INFO][0m Starting consolidated email processor at Fri Feb 27 10:40:01 WAT 2026
[0;34m[INFO][0m Checking for IHS Towers emails...
[0;32m[SUCCESS][0m No IHS Towers emails found
[0;34m[INFO][0m Starting batch email processing
[0;34m[INFO][0m Processed 0/0 emails in batch
[0;34m[INFO][0m Summary report generated
[0;34m[INFO][0m Cleaned up old cache files
[0;32m[SUCCESS][0m Email processing completed successfully
[0;34m[INFO][0m Starting consolidated email processor at Fri Feb 27 10:50:00 WAT 2026
[0;34m[INFO][0m Checking for IHS Towers emails...
[0;32m[SUCCESS][0m No IHS Towers emails found
[0;34m[INFO][0m Starting batch email processing
[0;34m[INFO][0m Processed 0/0 emails in batch
[0;34m[INFO][0m Summary report generated
[0;34m[INFO][0m Cleaned up old cache files
[0;32m[SUCCESS][0m Email processing completed successfully
[0;34m[INFO][0m Starting consolidated email processor at Fri Feb 27 11:00:00 WAT 2026
[0;34m[INFO][0m Checking for IHS Towers emails...
[0;32m[SUCCESS][0m No IHS Towers emails found
[0;34m[INFO][0m Starting batch email processing
[0;34m[INFO][0m Processed 0/0 emails in batch
[0;34m[INFO][0m Summary report generated
[0;34m[INFO][0m Cleaned up old cache files
[0;32m[SUCCESS][0m Email processing completed successfully
[0;34m[INFO][0m Starting consolidated email processor at Fri Feb 27 11:10:00 WAT 2026
[0;34m[INFO][0m Checking for IHS Towers emails...
[0;32m[SUCCESS][0m No IHS Towers emails found
[0;34m[INFO][0m Starting batch email processing
[0;34m[INFO][0m Processed 0/0 emails in batch
[0;34m[INFO][0m Summary report generated
[0;34m[INFO][0m Cleaned up old cache files
[0;32m[SUCCESS][0m Email processing completed successfully
[0;34m[INFO][0m Starting consolidated email processor at Fri Feb 27 11:20:00 WAT 2026
[0;34m[INFO][0m Checking for IHS Towers emails...
[0;32m[SUCCESS][0m No IHS Towers emails found
[0;34m[INFO][0m Starting batch email processing
[0;34m[INFO][0m Processed 0/0 emails in batch
[0;34m[INFO][0m Summary report generated
[0;34m[INFO][0m Cleaned up old cache files
[0;32m[SUCCESS][0m Email processing completed successfully
[0;34m[INFO][0m Starting consolidated email processor at Fri Feb 27 11:30:00 WAT 2026
[0;34m[INFO][0m Checking for IHS Towers emails...
[0;32m[SUCCESS][0m No IHS Towers emails found
[0;34m[INFO][0m Starting batch email processing
[0;34m[INFO][0m Processed 0/0 emails in batch
[0;34m[INFO][0m Summary report generated
[0;34m[INFO][0m Cleaned up old cache files
[0;32m[SUCCESS][0m Email processing completed successfully
[0;34m[INFO][0m Starting consolidated email processor at Fri Feb 27 11:40:00 WAT 2026
[0;34m[INFO][0m Checking for IHS Towers emails...
[0;32m[SUCCESS][0m No IHS Towers emails found
[0;34m[INFO][0m Starting batch email processing
[0;34m[INFO][0m Processed 0/0 emails in batch
[0;34m[INFO][0m Summary report generated
[0;34m[INFO][0m Cleaned up old cache files
[0;32m[SUCCESS][0m Email processing completed successfully
[0;34m[INFO][0m Starting consolidated email processor at Fri Feb 27 11:50:00 WAT 2026
[0;34m[INFO][0m Checking for IHS Towers emails...
[0;32m[SUCCESS][0m No IHS Towers emails found
[0;34m[INFO][0m Starting batch email processing
[0;34m[INFO][0m Processed 0/0 emails in batch
[0;34m[INFO][0m Summary report generated
[0;34m[INFO][0m Cleaned up old cache files
[0;32m[SUCCESS][0m Email processing completed successfully
[0;34m[INFO][0m Starting consolidated email processor at Fri Feb 27 12:00:00 WAT 2026
[0;34m[INFO][0m Checking for IHS Towers emails...
[0;32m[SUCCESS][0m No IHS Towers emails found
[0;34m[INFO][0m Starting batch email processing
[0;34m[INFO][0m Processed 0/0 emails in batch
[0;34m[INFO][0m Summary report generated
[0;34m[INFO][0m Cleaned up old cache files
[0;32m[SUCCESS][0m Email processing completed successfully
[0;34m[INFO][0m Starting consolidated email processor at Fri Feb 27 12:10:01 WAT 2026
[0;34m[INFO][0m Checking for IHS Towers emails...
[0;32m[SUCCESS][0m No IHS Towers emails found
[0;34m[INFO][0m Starting batch email processing
[0;34m[INFO][0m Processed 0/0 emails in batch
[0;34m[INFO][0m Summary report generated
[0;34m[INFO][0m Cleaned up old cache files
[0;32m[SUCCESS][0m Email processing completed successfully
[0;34m[INFO][0m Starting consolidated email processor at Fri Feb 27 12:20:00 WAT 2026
[0;34m[INFO][0m Checking for IHS Towers emails...
[0;32m[SUCCESS][0m No IHS Towers emails found
[0;34m[INFO][0m Starting batch email processing
[0;34m[INFO][0m Processed 0/0 emails in batch
[0;34m[INFO][0m Summary report generated
[0;34m[INFO][0m Cleaned up old cache files
[0;32m[SUCCESS][0m Email processing completed successfully
[0;34m[INFO][0m Starting consolidated email processor at Fri Feb 27 12:30:00 WAT 2026
[0;34m[INFO][0m Checking for IHS Towers emails...
[0;32m[SUCCESS][0m No IHS Towers emails found
[0;34m[INFO][0m Starting batch email processing
[0;34m[INFO][0m Processed 0/0 emails in batch
[0;34m[INFO][0m Summary report generated
[0;34m[INFO][0m Cleaned up old cache files
[0;32m[SUCCESS][0m Email processing completed successfully
[0;34m[INFO][0m Starting consolidated email processor at Fri Feb 27 12:40:00 WAT 2026
[0;34m[INFO][0m Checking for IHS Towers emails...
[0;32m[SUCCESS][0m No IHS Towers emails found
[0;34m[INFO][0m Starting batch email processing
[0;34m[INFO][0m Processed 0/0 emails in batch
[0;34m[INFO][0m Summary report generated
[0;34m[INFO][0m Cleaned up old cache files
[0;32m[SUCCESS][0m Email processing completed successfully
[0;34m[INFO][0m Starting consolidated email processor at Fri Feb 27 12:50:00 WAT 2026
[0;34m[INFO][0m Checking for IHS Towers emails...
[0;32m[SUCCESS][0m No IHS Towers emails found
[0;34m[INFO][0m Starting batch email processing
[0;34m[INFO][0m Processed 0/0 emails in batch
[0;34m[INFO][0m Summary report generated
[0;34m[INFO][0m Cleaned up old cache files
[0;32m[SUCCESS][0m Email processing completed successfully
[0;34m[INFO][0m Starting consolidated email processor at Fri Feb 27 13:00:01 WAT 2026
[0;34m[INFO][0m Checking for IHS Towers emails...
[0;32m[SUCCESS][0m No IHS Towers emails found
[0;34m[INFO][0m Starting batch email processing
[0;34m[INFO][0m Processed 0/0 emails in batch
[0;34m[INFO][0m Summary report generated
[0;34m[INFO][0m Cleaned up old cache files
[0;32m[SUCCESS][0m Email processing completed successfully
[0;34m[INFO][0m Starting consolidated email processor at Fri Feb 27 13:10:00 WAT 2026
[0;34m[INFO][0m Checking for IHS Towers emails...
[0;32m[SUCCESS][0m No IHS Towers emails found
[0;34m[INFO][0m Starting batch email processing
[0;34m[INFO][0m Processed 0/0 emails in batch
[0;34m[INFO][0m Summary report generated
[0;34m[INFO][0m Cleaned up old cache files
[0;32m[SUCCESS][0m Email processing completed successfully
[0;34m[INFO][0m Starting consolidated email processor at Fri Feb 27 13:20:00 WAT 2026
[0;34m[INFO][0m Checking for IHS Towers emails...
[0;32m[SUCCESS][0m No IHS Towers emails found
[0;34m[INFO][0m Starting batch email processing
[0;34m[INFO][0m Processed 0/0 emails in batch
[0;34m[INFO][0m Summary report generated
[0;34m[INFO][0m Cleaned up old cache files
[0;32m[SUCCESS][0m Email processing completed successfully
[0;34m[INFO][0m Starting consolidated email processor at Fri Feb 27 13:30:00 WAT 2026
[0;34m[INFO][0m Checking for IHS Towers emails...
[0;32m[SUCCESS][0m No IHS Towers emails found
[0;34m[INFO][0m Starting batch email processing
[0;34m[INFO][0m Processed 0/0 emails in batch
[0;34m[INFO][0m Summary report generated
[0;34m[INFO][0m Cleaned up old cache files
[0;32m[SUCCESS][0m Email processing completed successfully
[0;34m[INFO][0m Starting consolidated email processor at Fri Feb 27 13:40:00 WAT 2026
[0;34m[INFO][0m Checking for IHS Towers emails...
[0;32m[SUCCESS][0m No IHS Towers emails found
[0;34m[INFO][0m Starting batch email processing
[0;34m[INFO][0m Processed 0/0 emails in batch
[0;34m[INFO][0m Summary report generated
[0;34m[INFO][0m Cleaned up old cache files
[0;32m[SUCCESS][0m Email processing completed successfully
[0;34m[INFO][0m Starting consolidated email processor at Fri Feb 27 13:50:01 WAT 2026
[0;34m[INFO][0m Checking for IHS Towers emails...
[0;32m[SUCCESS][0m No IHS Towers emails found
[0;34m[INFO][0m Starting batch email processing
[0;34m[INFO][0m Processed 0/0 emails in batch
[0;34m[INFO][0m Summary report generated
[0;34m[INFO][0m Cleaned up old cache files
[0;32m[SUCCESS][0m Email processing completed successfully
[0;34m[INFO][0m Starting consolidated email processor at Fri Feb 27 14:00:00 WAT 2026
[0;34m[INFO][0m Checking for IHS Towers emails...
[0;32m[SUCCESS][0m No IHS Towers emails found
[0;34m[INFO][0m Starting batch email processing
[0;34m[INFO][0m Processed 0/0 emails in batch
[0;34m[INFO][0m Summary report generated
[0;34m[INFO][0m Cleaned up old cache files
[0;32m[SUCCESS][0m Email processing completed successfully
[0;34m[INFO][0m Starting consolidated email processor at Fri Feb 27 14:10:00 WAT 2026
[0;34m[INFO][0m Checking for IHS Towers emails...
[0;32m[SUCCESS][0m No IHS Towers emails found
[0;34m[INFO][0m Starting batch email processing
[0;34m[INFO][0m Processed 0/0 emails in batch
[0;34m[INFO][0m Summary report generated
[0;34m[INFO][0m Cleaned up old cache files
[0;32m[SUCCESS][0m Email processing completed successfully
[0;34m[INFO][0m Starting consolidated email processor at Fri Feb 27 14:20:00 WAT 2026
[0;34m[INFO][0m Checking for IHS Towers emails...
[0;32m[SUCCESS][0m No IHS Towers emails found
[0;34m[INFO][0m Starting batch email processing
[0;34m[INFO][0m Processed 0/0 emails in batch
[0;34m[INFO][0m Summary report generated
[0;34m[INFO][0m Cleaned up old cache files
[0;32m[SUCCESS][0m Email processing completed successfully
[0;34m[INFO][0m Starting consolidated email processor at Fri Feb 27 14:30:00 WAT 2026
[0;34m[INFO][0m Checking for IHS Towers emails...
[0;32m[SUCCESS][0m No IHS Towers emails found
[0;34m[INFO][0m Starting batch email processing
[0;34m[INFO][0m Processed 0/0 emails in batch
[0;34m[INFO][0m Summary report generated
[0;34m[INFO][0m Cleaned up old cache files
[0;32m[SUCCESS][0m Email processing completed successfully
[0;34m[INFO][0m Starting consolidated email processor at Fri Feb 27 14:40:00 WAT 2026
[0;34m[INFO][0m Checking for IHS Towers emails...
[0;32m[SUCCESS][0m No IHS Towers emails found
[0;34m[INFO][0m Starting batch email processing
[0;34m[INFO][0m Processed 0/0 emails in batch
[0;34m[INFO][0m Summary report generated
[0;34m[INFO][0m Cleaned up old cache files
[0;32m[SUCCESS][0m Email processing completed successfully
[0;34m[INFO][0m Starting consolidated email processor at Fri Feb 27 14:50:00 WAT 2026
[0;34m[INFO][0m Checking for IHS Towers emails...
[0;32m[SUCCESS][0m No IHS Towers emails found
[0;34m[INFO][0m Starting batch email processing
[0;34m[INFO][0m Processed 0/0 emails in batch
[0;34m[INFO][0m Summary report generated
[0;34m[INFO][0m Cleaned up old cache files
[0;32m[SUCCESS][0m Email processing completed successfully
[0;34m[INFO][0m Starting consolidated email processor at Fri Feb 27 15:00:00 WAT 2026
[0;34m[INFO][0m Checking for IHS Towers emails...
[0;32m[SUCCESS][0m No IHS Towers emails found
[0;34m[INFO][0m Starting batch email processing
[0;34m[INFO][0m Processed 0/0 emails in batch
[0;34m[INFO][0m Summary report generated
[0;34m[INFO][0m Cleaned up old cache files
[0;32m[SUCCESS][0m Email processing completed successfully
[0;34m[INFO][0m Starting consolidated email processor at Fri Feb 27 15:10:00 WAT 2026
[0;34m[INFO][0m Checking for IHS Towers emails...
[0;32m[SUCCESS][0m No IHS Towers emails found
[0;34m[INFO][0m Starting batch email processing
[0;34m[INFO][0m Processed 0/0 emails in batch
[0;34m[INFO][0m Summary report generated
[0;34m[INFO][0m Cleaned up old cache files
[0;32m[SUCCESS][0m Email processing completed successfully
[0;34m[INFO][0m Starting consolidated email processor at Fri Feb 27 15:20:00 WAT 2026
[0;34m[INFO][0m Checking for IHS Towers emails...
[0;32m[SUCCESS][0m No IHS Towers emails found
[0;34m[INFO][0m Starting batch email processing
[0;34m[INFO][0m Processed 0/0 emails in batch
[0;34m[INFO][0m Summary report generated
[0;34m[INFO][0m Cleaned up old cache files
[0;32m[SUCCESS][0m Email processing completed successfully
[0;34m[INFO][0m Starting consolidated email processor at Fri Feb 27 15:30:00 WAT 2026
[0;34m[INFO][0m Checking for IHS Towers emails...
[0;32m[SUCCESS][0m No IHS Towers emails found
[0;34m[INFO][0m Starting batch email processing
[0;34m[INFO][0m Processed 0/0 emails in batch
[0;34m[INFO][0m Summary report generated
[0;34m[INFO][0m Cleaned up old cache files
[0;32m[SUCCESS][0m Email processing completed successfully
[0;34m[INFO][0m Starting consolidated email processor at Fri Feb 27 15:40:00 WAT 2026
[0;34m[INFO][0m Checking for IHS Towers emails...
[0;32m[SUCCESS][0m No IHS Towers emails found
[0;34m[INFO][0m Starting batch email processing
[0;34m[INFO][0m Processed 0/0 emails in batch
[0;34m[INFO][0m Summary report generated
[0;34m[INFO][0m Cleaned up old cache files
[0;32m[SUCCESS][0m Email processing completed successfully
[0;34m[INFO][0m Starting consolidated email processor at Fri Feb 27 15:50:00 WAT 2026
[0;34m[INFO][0m Checking for IHS Towers emails...
[0;32m[SUCCESS][0m No IHS Towers emails found
[0;34m[INFO][0m Starting batch email processing
[0;34m[INFO][0m Processed 0/0 emails in batch
[0;34m[INFO][0m Summary report generated
[0;34m[INFO][0m Cleaned up old cache files
[0;32m[SUCCESS][0m Email processing completed successfully
[0;34m[INFO][0m Starting consolidated email processor at Fri Feb 27 16:00:00 WAT 2026
[0;34m[INFO][0m Checking for IHS Towers emails...
[0;32m[SUCCESS][0m No IHS Towers emails found
[0;34m[INFO][0m Starting batch email processing
[0;34m[INFO][0m Processed 0/0 emails in batch
[0;34m[INFO][0m Summary report generated
[0;34m[INFO][0m Cleaned up old cache files
[0;32m[SUCCESS][0m Email processing completed successfully
[0;34m[INFO][0m Starting consolidated email processor at Fri Feb 27 16:10:00 WAT 2026
[0;34m[INFO][0m Checking for IHS Towers emails...
[0;32m[SUCCESS][0m No IHS Towers emails found
[0;34m[INFO][0m Starting batch email processing
[0;34m[INFO][0m Processed 0/0 emails in batch
[0;34m[INFO][0m Summary report generated
[0;34m[INFO][0m Cleaned up old cache files
[0;32m[SUCCESS][0m Email processing completed successfully
[0;34m[INFO][0m Starting consolidated email processor at Fri Feb 27 16:20:00 WAT 2026
[0;34m[INFO][0m Checking for IHS Towers emails...
[0;32m[SUCCESS][0m No IHS Towers emails found
[0;34m[INFO][0m Starting batch email processing
[0;34m[INFO][0m Processed 0/0 emails in batch
[0;34m[INFO][0m Summary report generated
[0;34m[INFO][0m Cleaned up old cache files
[0;32m[SUCCESS][0m Email processing completed successfully
[0;34m[INFO][0m Starting consolidated email processor at Fri Feb 27 16:30:00 WAT 2026
[0;34m[INFO][0m Checking for IHS Towers emails...
[0;32m[SUCCESS][0m No IHS Towers emails found
[0;34m[INFO][0m Starting batch email processing
[0;34m[INFO][0m Processed 0/0 emails in batch
[0;34m[INFO][0m Summary report generated
[0;34m[INFO][0m Cleaned up old cache files
[0;32m[SUCCESS][0m Email processing completed successfully
[0;34m[INFO][0m Starting consolidated email processor at Fri Feb 27 16:40:00 WAT 2026
[0;34m[INFO][0m Checking for IHS Towers emails...
[0;32m[SUCCESS][0m No IHS Towers emails found
[0;34m[INFO][0m Starting batch email processing
[0;34m[INFO][0m Processed 0/0 emails in batch
[0;34m[INFO][0m Summary report generated
[0;34m[INFO][0m Cleaned up old cache files
[0;32m[SUCCESS][0m Email processing completed successfully
[0;34m[INFO][0m Starting consolidated email processor at Fri Feb 27 16:50:00 WAT 2026
[0;34m[INFO][0m Checking for IHS Towers emails...
[0;32m[SUCCESS][0m No IHS Towers emails found
[0;34m[INFO][0m Starting batch email processing
[0;34m[INFO][0m Processed 0/0 emails in batch
[0;34m[INFO][0m Summary report generated
[0;34m[INFO][0m Cleaned up old cache files
[0;32m[SUCCESS][0m Email processing completed successfully
[0;34m[INFO][0m Starting consolidated email processor at Fri Feb 27 17:00:00 WAT 2026
[0;34m[INFO][0m Checking for IHS Towers emails...
[0;32m[SUCCESS][0m No IHS Towers emails found
[0;34m[INFO][0m Starting batch email processing
[0;34m[INFO][0m Processed 0/0 emails in batch
[0;34m[INFO][0m Summary report generated
[0;34m[INFO][0m Cleaned up old cache files
[0;32m[SUCCESS][0m Email processing completed successfully
[0;34m[INFO][0m Starting consolidated email processor at Fri Feb 27 17:10:00 WAT 2026
[0;34m[INFO][0m Checking for IHS Towers emails...
[0;32m[SUCCESS][0m No IHS Towers emails found
[0;34m[INFO][0m Starting batch email processing
[0;34m[INFO][0m Processed 0/0 emails in batch
[0;34m[INFO][0m Summary report generated
[0;34m[INFO][0m Cleaned up old cache files
[0;32m[SUCCESS][0m Email processing completed successfully
[0;34m[INFO][0m Starting consolidated email processor at Fri Feb 27 17:20:00 WAT 2026
[0;34m[INFO][0m Checking for IHS Towers emails...
[0;32m[SUCCESS][0m No IHS Towers emails found
[0;34m[INFO][0m Starting batch email processing
[0;34m[INFO][0m Processed 0/0 emails in batch
[0;34m[INFO][0m Summary report generated
[0;34m[INFO][0m Cleaned up old cache files
[0;32m[SUCCESS][0m Email processing completed successfully
[0;34m[INFO][0m Starting consolidated email processor at Fri Feb 27 17:30:00 WAT 2026
[0;34m[INFO][0m Checking for IHS Towers emails...
[0;32m[SUCCESS][0m No IHS Towers emails found
[0;34m[INFO][0m Starting batch email processing
[0;34m[INFO][0m Processed 0/0 emails in batch
[0;34m[INFO][0m Summary report generated
[0;34m[INFO][0m Cleaned up old cache files
[0;32m[SUCCESS][0m Email processing completed successfully
[0;34m[INFO][0m Starting consolidated email processor at Fri Feb 27 17:40:00 WAT 2026
[0;34m[INFO][0m Checking for IHS Towers emails...
[0;32m[SUCCESS][0m No IHS Towers emails found
[0;34m[INFO][0m Starting batch email processing
[0;34m[INFO][0m Processed 0/0 emails in batch
[0;34m[INFO][0m Summary report generated
[0;34m[INFO][0m Cleaned up old cache files
[0;32m[SUCCESS][0m Email processing completed successfully
[0;34m[INFO][0m Starting consolidated email processor at Fri Feb 27 17:50:00 WAT 2026
[0;34m[INFO][0m Checking for IHS Towers emails...
[0;32m[SUCCESS][0m No IHS Towers emails found
[0;34m[INFO][0m Starting batch email processing
[0;34m[INFO][0m Processed 0/0 emails in batch
[0;34m[INFO][0m Summary report generated
[0;34m[INFO][0m Cleaned up old cache files
[0;32m[SUCCESS][0m Email processing completed successfully
[0;34m[INFO][0m Starting consolidated email processor at Fri Feb 27 18:00:00 WAT 2026
[0;34m[INFO][0m Checking for IHS Towers emails...
[0;32m[SUCCESS][0m No IHS Towers emails found
[0;34m[INFO][0m Starting batch email processing
[0;34m[INFO][0m Processed 0/0 emails in batch
[0;34m[INFO][0m Summary report generated
[0;34m[INFO][0m Cleaned up old cache files
[0;32m[SUCCESS][0m Email processing completed successfully
[0;34m[INFO][0m Starting consolidated email processor at Fri Feb 27 18:10:00 WAT 2026
[0;34m[INFO][0m Checking for IHS Towers emails...
[0;32m[SUCCESS][0m No IHS Towers emails found
[0;34m[INFO][0m Starting batch email processing
[0;34m[INFO][0m Processed 0/0 emails in batch
[0;34m[INFO][0m Summary report generated
[0;34m[INFO][0m Cleaned up old cache files
[0;32m[SUCCESS][0m Email processing completed successfully
[0;34m[INFO][0m Starting consolidated email processor at Fri Feb 27 18:20:00 WAT 2026
[0;34m[INFO][0m Checking for IHS Towers emails...
[0;32m[SUCCESS][0m No IHS Towers emails found
[0;34m[INFO][0m Starting batch email processing
[0;34m[INFO][0m Processed 0/0 emails in batch
[0;34m[INFO][0m Summary report generated
[0;34m[INFO][0m Cleaned up old cache files
[0;32m[SUCCESS][0m Email processing completed successfully
[0;34m[INFO][0m Starting consolidated email processor at Fri Feb 27 18:30:00 WAT 2026
[0;34m[INFO][0m Checking for IHS Towers emails...
[0;32m[SUCCESS][0m No IHS Towers emails found
[0;34m[INFO][0m Starting batch email processing
[0;34m[INFO][0m Processed 0/0 emails in batch
[0;34m[INFO][0m Summary report generated
[0;34m[INFO][0m Cleaned up old cache files
[0;32m[SUCCESS][0m Email processing completed successfully
[0;34m[INFO][0m Starting consolidated email processor at Fri Feb 27 18:40:00 WAT 2026
[0;34m[INFO][0m Checking for IHS Towers emails...
[0;32m[SUCCESS][0m No IHS Towers emails found
[0;34m[INFO][0m Starting batch email processing
[0;34m[INFO][0m Processed 0/0 emails in batch
[0;34m[INFO][0m Summary report generated
[0;34m[INFO][0m Cleaned up old cache files
[0;32m[SUCCESS][0m Email processing completed successfully
[0;34m[INFO][0m Starting consolidated email processor at Fri Feb 27 18:50:00 WAT 2026
[0;34m[INFO][0m Checking for IHS Towers emails...
[0;32m[SUCCESS][0m No IHS Towers emails found
[0;34m[INFO][0m Starting batch email processing
[0;34m[INFO][0m Processed 0/0 emails in batch
[0;34m[INFO][0m Summary report generated
[0;34m[INFO][0m Cleaned up old cache files
[0;32m[SUCCESS][0m Email processing completed successfully
[0;32m[2026-03-02 08:00:00] INFO: === Starting Corrected Email Processor Wrapper ===[0m
[0;32m[2026-03-02 08:00:00] INFO: Running corrected email auto-processor...[0m
[0;32m[2026-03-02 08:00:00] INFO: Cron ID: 54a989a6-a3fc-4ee8-9cfe-bea1d012660e[0m
=========================================
CORRECTED EMAIL AUTO-PROCESSOR
Cron ID: 54a989a6-a3fc-4ee8-9cfe-bea1d012660e
Time: Monday, March 02, 2026 — 08:00 AM (WAT)
=========================================
[2026-03-02 08:00:00] Starting corrected email auto-processor
[2026-03-02 08:00:00] Cron ID: 54a989a6-a3fc-4ee8-9cfe-bea1d012660e
[2026-03-02 08:00:00] Current time: Monday, March 02, 2026 — 08:00 AM (WAT)
=========================================
CORRECTED EMAIL AUTO-PROCESSOR
Cron ID: 54a989a6-a3fc-4ee8-9cfe-bea1d012660e
Time: Monday, March 02, 2026 — 08:00 AM (WAT)
=========================================

[2026-03-02 08:00:00] Error: himalaya not available
Please install himalaya: brew install himalaya
[0;31m[2026-03-02 08:00:00] ERROR: Corrected email processor failed[0m
[0;31m[2026-03-02 08:00:00] ERROR: === Corrected Email Processing Failed ===[0m
[0;32m[2026-03-02 08:20:01] INFO: === Starting Corrected Email Processor Wrapper ===[0m
[0;32m[2026-03-02 08:20:01] INFO: Running corrected email auto-processor...[0m
[0;32m[2026-03-02 08:20:01] INFO: Cron ID: 54a989a6-a3fc-4ee8-9cfe-bea1d012660e[0m
=========================================
CORRECTED EMAIL AUTO-PROCESSOR
Cron ID: 54a989a6-a3fc-4ee8-9cfe-bea1d012660e
Time: Monday, March 02, 2026 — 08:20 AM (WAT)
=========================================
[2026-03-02 08:20:01] Starting corrected email auto-processor
[2026-03-02 08:20:01] Cron ID: 54a989a6-a3fc-4ee8-9cfe-bea1d012660e
[2026-03-02 08:20:01] Current time: Monday, March 02, 2026 — 08:20 AM (WAT)
=========================================
CORRECTED EMAIL AUTO-PROCESSOR
Cron ID: 54a989a6-a3fc-4ee8-9cfe-bea1d012660e
Time: Monday, March 02, 2026 — 08:20 AM (WAT)
=========================================

[2026-03-02 08:20:01] Error: himalaya not available
Please install himalaya: brew install himalaya
[0;31m[2026-03-02 08:20:01] ERROR: Corrected email processor failed[0m
[0;31m[2026-03-02 08:20:01] ERROR: === Corrected Email Processing Failed ===[0m
[0;32m[2026-03-02 08:40:00] INFO: === Starting Corrected Email Processor Wrapper ===[0m
[0;32m[2026-03-02 08:40:00] INFO: Running corrected email auto-processor...[0m
[0;32m[2026-03-02 08:40:00] INFO: Cron ID: 54a989a6-a3fc-4ee8-9cfe-bea1d012660e[0m
=========================================
CORRECTED EMAIL AUTO-PROCESSOR
Cron ID: 54a989a6-a3fc-4ee8-9cfe-bea1d012660e
Time: Monday, March 02, 2026 — 08:40 AM (WAT)
=========================================
[2026-03-02 08:40:00] Starting corrected email auto-processor
[2026-03-02 08:40:00] Cron ID: 54a989a6-a3fc-4ee8-9cfe-bea1d012660e
[2026-03-02 08:40:00] Current time: Monday, March 02, 2026 — 08:40 AM (WAT)
=========================================
CORRECTED EMAIL AUTO-PROCESSOR
Cron ID: 54a989a6-a3fc-4ee8-9cfe-bea1d012660e
Time: Monday, March 02, 2026 — 08:40 AM (WAT)
=========================================

[2026-03-02 08:40:00] Error: himalaya not available
Please install himalaya: brew install himalaya
[0;31m[2026-03-02 08:40:00] ERROR: Corrected email processor failed[0m
[0;31m[2026-03-02 08:40:00] ERROR: === Corrected Email Processing Failed ===[0m
[0;32m[2026-03-02 09:00:00] INFO: === Starting Corrected Email Processor Wrapper ===[0m
[0;32m[2026-03-02 09:00:00] INFO: Running corrected email auto-processor...[0m
[0;32m[2026-03-02 09:00:00] INFO: Cron ID: 54a989a6-a3fc-4ee8-9cfe-bea1d012660e[0m
=========================================
CORRECTED EMAIL AUTO-PROCESSOR
Cron ID: 54a989a6-a3fc-4ee8-9cfe-bea1d012660e
Time: Monday, March 02, 2026 — 09:00 AM (WAT)
=========================================
[2026-03-02 09:00:00] Starting corrected email auto-processor
[2026-03-02 09:00:00] Cron ID: 54a989a6-a3fc-4ee8-9cfe-bea1d012660e
[2026-03-02 09:00:00] Current time: Monday, March 02, 2026 — 09:00 AM (WAT)
=========================================
CORRECTED EMAIL AUTO-PROCESSOR
Cron ID: 54a989a6-a3fc-4ee8-9cfe-bea1d012660e
Time: Monday, March 02, 2026 — 09:00 AM (WAT)
=========================================

[2026-03-02 09:00:00] Error: himalaya not available
Please install himalaya: brew install himalaya
[0;31m[2026-03-02 09:00:00] ERROR: Corrected email processor failed[0m
[0;31m[2026-03-02 09:00:00] ERROR: === Corrected Email Processing Failed ===[0m
[0;32m[2026-03-02 09:20:00] INFO: === Starting Corrected Email Processor Wrapper ===[0m
[0;32m[2026-03-02 09:20:00] INFO: Running corrected email auto-processor...[0m
[0;32m[2026-03-02 09:20:00] INFO: Cron ID: 54a989a6-a3fc-4ee8-9cfe-bea1d012660e[0m
=========================================
CORRECTED EMAIL AUTO-PROCESSOR
Cron ID: 54a989a6-a3fc-4ee8-9cfe-bea1d012660e
Time: Monday, March 02, 2026 — 09:20 AM (WAT)
=========================================
[2026-03-02 09:20:00] Starting corrected email auto-processor
[2026-03-02 09:20:00] Cron ID: 54a989a6-a3fc-4ee8-9cfe-bea1d012660e
[2026-03-02 09:20:00] Current time: Monday, March 02, 2026 — 09:20 AM (WAT)
=========================================
CORRECTED EMAIL AUTO-PROCESSOR
Cron ID: 54a989a6-a3fc-4ee8-9cfe-bea1d012660e
Time: Monday, March 02, 2026 — 09:20 AM (WAT)
=========================================

[2026-03-02 09:20:00] Error: himalaya not available
Please install himalaya: brew install himalaya
[0;31m[2026-03-02 09:20:00] ERROR: Corrected email processor failed[0m
[0;31m[2026-03-02 09:20:00] ERROR: === Corrected Email Processing Failed ===[0m
[0;32m[2026-03-02 09:40:01] INFO: === Starting Corrected Email Processor Wrapper ===[0m
[0;32m[2026-03-02 09:40:01] INFO: Running corrected email auto-processor...[0m
[0;32m[2026-03-02 09:40:01] INFO: Cron ID: 54a989a6-a3fc-4ee8-9cfe-bea1d012660e[0m
=========================================
CORRECTED EMAIL AUTO-PROCESSOR
Cron ID: 54a989a6-a3fc-4ee8-9cfe-bea1d012660e
Time: Monday, March 02, 2026 — 09:40 AM (WAT)
=========================================
[2026-03-02 09:40:01] Starting corrected email auto-processor
[2026-03-02 09:40:01] Cron ID: 54a989a6-a3fc-4ee8-9cfe-bea1d012660e
[2026-03-02 09:40:01] Current time: Monday, March 02, 2026 — 09:40 AM (WAT)
=========================================
CORRECTED EMAIL AUTO-PROCESSOR
Cron ID: 54a989a6-a3fc-4ee8-9cfe-bea1d012660e
Time: Monday, March 02, 2026 — 09:40 AM (WAT)
=========================================

[2026-03-02 09:40:01] Error: himalaya not available
Please install himalaya: brew install himalaya
[0;31m[2026-03-02 09:40:01] ERROR: Corrected email processor failed[0m
[0;31m[2026-03-02 09:40:01] ERROR: === Corrected Email Processing Failed ===[0m
[0;32m[2026-03-02 10:00:00] INFO: === Starting Corrected Email Processor Wrapper ===[0m
[0;32m[2026-03-02 10:00:00] INFO: Running corrected email auto-processor...[0m
[0;32m[2026-03-02 10:00:00] INFO: Cron ID: 54a989a6-a3fc-4ee8-9cfe-bea1d012660e[0m
=========================================
CORRECTED EMAIL AUTO-PROCESSOR
Cron ID: 54a989a6-a3fc-4ee8-9cfe-bea1d012660e
Time: Monday, March 02, 2026 — 10:00 AM (WAT)
=========================================
[2026-03-02 10:00:00] Starting corrected email auto-processor
[2026-03-02 10:00:00] Cron ID: 54a989a6-a3fc-4ee8-9cfe-bea1d012660e
[2026-03-02 10:00:00] Current time: Monday, March 02, 2026 — 10:00 AM (WAT)
=========================================
CORRECTED EMAIL AUTO-PROCESSOR
Cron ID: 54a989a6-a3fc-4ee8-9cfe-bea1d012660e
Time: Monday, March 02, 2026 — 10:00 AM (WAT)
=========================================

[2026-03-02 10:00:00] Error: himalaya not available
Please install himalaya: brew install himalaya
[0;31m[2026-03-02 10:00:00] ERROR: Corrected email processor failed[0m
[0;31m[2026-03-02 10:00:00] ERROR: === Corrected Email Processing Failed ===[0m
[0;32m[2026-03-02 10:20:00] INFO: === Starting Corrected Email Processor Wrapper ===[0m
[0;32m[2026-03-02 10:20:00] INFO: Running corrected email auto-processor...[0m
[0;32m[2026-03-02 10:20:00] INFO: Cron ID: 54a989a6-a3fc-4ee8-9cfe-bea1d012660e[0m
=========================================
CORRECTED EMAIL AUTO-PROCESSOR
Cron ID: 54a989a6-a3fc-4ee8-9cfe-bea1d012660e
Time: Monday, March 02, 2026 — 10:20 AM (WAT)
=========================================
[2026-03-02 10:20:00] Starting corrected email auto-processor
[2026-03-02 10:20:00] Cron ID: 54a989a6-a3fc-4ee8-9cfe-bea1d012660e
[2026-03-02 10:20:00] Current time: Monday, March 02, 2026 — 10:20 AM (WAT)
=========================================
CORRECTED EMAIL AUTO-PROCESSOR
Cron ID: 54a989a6-a3fc-4ee8-9cfe-bea1d012660e
Time: Monday, March 02, 2026 — 10:20 AM (WAT)
=========================================

[2026-03-02 10:20:00] Error: himalaya not available
Please install himalaya: brew install himalaya
[0;31m[2026-03-02 10:20:00] ERROR: Corrected email processor failed[0m
[0;31m[2026-03-02 10:20:00] ERROR: === Corrected Email Processing Failed ===[0m
[0;32m[2026-03-02 10:40:00] INFO: === Starting Corrected Email Processor Wrapper ===[0m
[0;32m[2026-03-02 10:40:00] INFO: Running corrected email auto-processor...[0m
[0;32m[2026-03-02 10:40:00] INFO: Cron ID: 54a989a6-a3fc-4ee8-9cfe-bea1d012660e[0m
=========================================
CORRECTED EMAIL AUTO-PROCESSOR
Cron ID: 54a989a6-a3fc-4ee8-9cfe-bea1d012660e
Time: Monday, March 02, 2026 — 10:40 AM (WAT)
=========================================
[2026-03-02 10:40:00] Starting corrected email auto-processor
[2026-03-02 10:40:00] Cron ID: 54a989a6-a3fc-4ee8-9cfe-bea1d012660e
[2026-03-02 10:40:00] Current time: Monday, March 02, 2026 — 10:40 AM (WAT)
=========================================
CORRECTED EMAIL AUTO-PROCESSOR
Cron ID: 54a989a6-a3fc-4ee8-9cfe-bea1d012660e
Time: Monday, March 02, 2026 — 10:40 AM (WAT)
=========================================

[2026-03-02 10:40:00] Error: himalaya not available
Please install himalaya: brew install himalaya
[0;31m[2026-03-02 10:40:00] ERROR: Corrected email processor failed[0m
[0;31m[2026-03-02 10:40:00] ERROR: === Corrected Email Processing Failed ===[0m
[0;32m[2026-03-02 11:00:00] INFO: === Starting Corrected Email Processor Wrapper ===[0m
[0;32m[2026-03-02 11:00:00] INFO: Running corrected email auto-processor...[0m
[0;32m[2026-03-02 11:00:00] INFO: Cron ID: 54a989a6-a3fc-4ee8-9cfe-bea1d012660e[0m
=========================================
CORRECTED EMAIL AUTO-PROCESSOR
Cron ID: 54a989a6-a3fc-4ee8-9cfe-bea1d012660e
Time: Monday, March 02, 2026 — 11:00 AM (WAT)
=========================================
[2026-03-02 11:00:00] Starting corrected email auto-processor
[2026-03-02 11:00:00] Cron ID: 54a989a6-a3fc-4ee8-9cfe-bea1d012660e
[2026-03-02 11:00:01] Current time: Monday, March 02, 2026 — 11:00 AM (WAT)
=========================================
CORRECTED EMAIL AUTO-PROCESSOR
Cron ID: 54a989a6-a3fc-4ee8-9cfe-bea1d012660e
Time: Monday, March 02, 2026 — 11:00 AM (WAT)
=========================================

[2026-03-02 11:00:01] Error: himalaya not available
Please install himalaya: brew install himalaya
[0;31m[2026-03-02 11:00:01] ERROR: Corrected email processor failed[0m
[0;31m[2026-03-02 11:00:01] ERROR: === Corrected Email Processing Failed ===[0m
[0;32m[2026-03-02 11:20:00] INFO: === Starting Corrected Email Processor Wrapper ===[0m
[0;32m[2026-03-02 11:20:00] INFO: Running corrected email auto-processor...[0m
[0;32m[2026-03-02 11:20:00] INFO: Cron ID: 54a989a6-a3fc-4ee8-9cfe-bea1d012660e[0m
=========================================
CORRECTED EMAIL AUTO-PROCESSOR
Cron ID: 54a989a6-a3fc-4ee8-9cfe-bea1d012660e
Time: Monday, March 02, 2026 — 11:20 AM (WAT)
=========================================
[2026-03-02 11:20:00] Starting corrected email auto-processor
[2026-03-02 11:20:00] Cron ID: 54a989a6-a3fc-4ee8-9cfe-bea1d012660e
[2026-03-02 11:20:00] Current time: Monday, March 02, 2026 — 11:20 AM (WAT)
=========================================
CORRECTED EMAIL AUTO-PROCESSOR
Cron ID: 54a989a6-a3fc-4ee8-9cfe-bea1d012660e
Time: Monday, March 02, 2026 — 11:20 AM (WAT)
=========================================

[2026-03-02 11:20:00] Error: himalaya not available
Please install himalaya: brew install himalaya
[0;31m[2026-03-02 11:20:00] ERROR: Corrected email processor failed[0m
[0;31m[2026-03-02 11:20:00] ERROR: === Corrected Email Processing Failed ===[0m
[0;32m[2026-03-02 11:40:00] INFO: === Starting Corrected Email Processor Wrapper ===[0m
[0;32m[2026-03-02 11:40:00] INFO: Running corrected email auto-processor...[0m
[0;32m[2026-03-02 11:40:00] INFO: Cron ID: 54a989a6-a3fc-4ee8-9cfe-bea1d012660e[0m
=========================================
CORRECTED EMAIL AUTO-PROCESSOR
Cron ID: 54a989a6-a3fc-4ee8-9cfe-bea1d012660e
Time: Monday, March 02, 2026 — 11:40 AM (WAT)
=========================================
[2026-03-02 11:40:00] Starting corrected email auto-processor
[2026-03-02 11:40:00] Cron ID: 54a989a6-a3fc-4ee8-9cfe-bea1d012660e
[2026-03-02 11:40:00] Current time: Monday, March 02, 2026 — 11:40 AM (WAT)
=========================================
CORRECTED EMAIL AUTO-PROCESSOR
Cron ID: 54a989a6-a3fc-4ee8-9cfe-bea1d012660e
Time: Monday, March 02, 2026 — 11:40 AM (WAT)
=========================================

[2026-03-02 11:40:00] Error: himalaya not available
Please install himalaya: brew install himalaya
[0;31m[2026-03-02 11:40:00] ERROR: Corrected email processor failed[0m
[0;31m[2026-03-02 11:40:00] ERROR: === Corrected Email Processing Failed ===[0m
[0;32m[2026-03-02 12:00:00] INFO: === Starting Corrected Email Processor Wrapper ===[0m
[0;32m[2026-03-02 12:00:00] INFO: Running corrected email auto-processor...[0m
[0;32m[2026-03-02 12:00:00] INFO: Cron ID: 54a989a6-a3fc-4ee8-9cfe-bea1d012660e[0m
=========================================
CORRECTED EMAIL AUTO-PROCESSOR
Cron ID: 54a989a6-a3fc-4ee8-9cfe-bea1d012660e
Time: Monday, March 02, 2026 — 12:00 PM (WAT)
=========================================
[2026-03-02 12:00:01] Starting corrected email auto-processor
[2026-03-02 12:00:01] Cron ID: 54a989a6-a3fc-4ee8-9cfe-bea1d012660e
[2026-03-02 12:00:01] Current time: Monday, March 02, 2026 — 12:00 PM (WAT)
=========================================
CORRECTED EMAIL AUTO-PROCESSOR
Cron ID: 54a989a6-a3fc-4ee8-9cfe-bea1d012660e
Time: Monday, March 02, 2026 — 12:00 PM (WAT)
=========================================

[2026-03-02 12:00:01] Error: himalaya not available
Please install himalaya: brew install himalaya
[0;31m[2026-03-02 12:00:01] ERROR: Corrected email processor failed[0m
[0;31m[2026-03-02 12:00:01] ERROR: === Corrected Email Processing Failed ===[0m
[0;32m[2026-03-02 12:20:00] INFO: === Starting Corrected Email Processor Wrapper ===[0m
[0;32m[2026-03-02 12:20:00] INFO: Running corrected email auto-processor...[0m
[0;32m[2026-03-02 12:20:00] INFO: Cron ID: 54a989a6-a3fc-4ee8-9cfe-bea1d012660e[0m
=========================================
CORRECTED EMAIL AUTO-PROCESSOR
Cron ID: 54a989a6-a3fc-4ee8-9cfe-bea1d012660e
Time: Monday, March 02, 2026 — 12:20 PM (WAT)
=========================================
[2026-03-02 12:20:00] Starting corrected email auto-processor
[2026-03-02 12:20:00] Cron ID: 54a989a6-a3fc-4ee8-9cfe-bea1d012660e
[2026-03-02 12:20:00] Current time: Monday, March 02, 2026 — 12:20 PM (WAT)
=========================================
CORRECTED EMAIL AUTO-PROCESSOR
Cron ID: 54a989a6-a3fc-4ee8-9cfe-bea1d012660e
Time: Monday, March 02, 2026 — 12:20 PM (WAT)
=========================================

[2026-03-02 12:20:00] Error: himalaya not available
Please install himalaya: brew install himalaya
[0;31m[2026-03-02 12:20:00] ERROR: Corrected email processor failed[0m
[0;31m[2026-03-02 12:20:00] ERROR: === Corrected Email Processing Failed ===[0m
[0;32m[2026-03-02 12:40:00] INFO: === Starting Corrected Email Processor Wrapper ===[0m
[0;32m[2026-03-02 12:40:00] INFO: Running corrected email auto-processor...[0m
[0;32m[2026-03-02 12:40:00] INFO: Cron ID: 54a989a6-a3fc-4ee8-9cfe-bea1d012660e[0m
=========================================
CORRECTED EMAIL AUTO-PROCESSOR
Cron ID: 54a989a6-a3fc-4ee8-9cfe-bea1d012660e
Time: Monday, March 02, 2026 — 12:40 PM (WAT)
=========================================
[2026-03-02 12:40:00] Starting corrected email auto-processor
[2026-03-02 12:40:00] Cron ID: 54a989a6-a3fc-4ee8-9cfe-bea1d012660e
[2026-03-02 12:40:00] Current time: Monday, March 02, 2026 — 12:40 PM (WAT)
=========================================
CORRECTED EMAIL AUTO-PROCESSOR
Cron ID: 54a989a6-a3fc-4ee8-9cfe-bea1d012660e
Time: Monday, March 02, 2026 — 12:40 PM (WAT)
=========================================

[2026-03-02 12:40:00] Error: himalaya not available
Please install himalaya: brew install himalaya
[0;31m[2026-03-02 12:40:00] ERROR: Corrected email processor failed[0m
[0;31m[2026-03-02 12:40:00] ERROR: === Corrected Email Processing Failed ===[0m
[0;32m[2026-03-02 13:00:00] INFO: === Starting Corrected Email Processor Wrapper ===[0m
[0;32m[2026-03-02 13:00:00] INFO: Running corrected email auto-processor...[0m
[0;32m[2026-03-02 13:00:00] INFO: Cron ID: 54a989a6-a3fc-4ee8-9cfe-bea1d012660e[0m
=========================================
CORRECTED EMAIL AUTO-PROCESSOR
Cron ID: 54a989a6-a3fc-4ee8-9cfe-bea1d012660e
Time: Monday, March 02, 2026 — 01:00 PM (WAT)
=========================================
[2026-03-02 13:00:00] Starting corrected email auto-processor
[2026-03-02 13:00:00] Cron ID: 54a989a6-a3fc-4ee8-9cfe-bea1d012660e
[2026-03-02 13:00:00] Current time: Monday, March 02, 2026 — 01:00 PM (WAT)
=========================================
CORRECTED EMAIL AUTO-PROCESSOR
Cron ID: 54a989a6-a3fc-4ee8-9cfe-bea1d012660e
Time: Monday, March 02, 2026 — 01:00 PM (WAT)
=========================================

[2026-03-02 13:00:00] Error: himalaya not available
Please install himalaya: brew install himalaya
[0;31m[2026-03-02 13:00:00] ERROR: Corrected email processor failed[0m
[0;31m[2026-03-02 13:00:00] ERROR: === Corrected Email Processing Failed ===[0m
[0;32m[2026-03-02 13:20:00] INFO: === Starting Corrected Email Processor Wrapper ===[0m
[0;32m[2026-03-02 13:20:00] INFO: Running corrected email auto-processor...[0m
[0;32m[2026-03-02 13:20:00] INFO: Cron ID: 54a989a6-a3fc-4ee8-9cfe-bea1d012660e[0m
=========================================
CORRECTED EMAIL AUTO-PROCESSOR
Cron ID: 54a989a6-a3fc-4ee8-9cfe-bea1d012660e
Time: Monday, March 02, 2026 — 01:20 PM (WAT)
=========================================
[2026-03-02 13:20:00] Starting corrected email auto-processor
[2026-03-02 13:20:00] Cron ID: 54a989a6-a3fc-4ee8-9cfe-bea1d012660e
[2026-03-02 13:20:00] Current time: Monday, March 02, 2026 — 01:20 PM (WAT)
=========================================
CORRECTED EMAIL AUTO-PROCESSOR
Cron ID: 54a989a6-a3fc-4ee8-9cfe-bea1d012660e
Time: Monday, March 02, 2026 — 01:20 PM (WAT)
=========================================

[2026-03-02 13:20:00] Error: himalaya not available
Please install himalaya: brew install himalaya
[0;31m[2026-03-02 13:20:00] ERROR: Corrected email processor failed[0m
[0;31m[2026-03-02 13:20:00] ERROR: === Corrected Email Processing Failed ===[0m
[0;32m[2026-03-02 13:40:00] INFO: === Starting Corrected Email Processor Wrapper ===[0m
[0;32m[2026-03-02 13:40:00] INFO: Running corrected email auto-processor...[0m
[0;32m[2026-03-02 13:40:00] INFO: Cron ID: 54a989a6-a3fc-4ee8-9cfe-bea1d012660e[0m
=========================================
CORRECTED EMAIL AUTO-PROCESSOR
Cron ID: 54a989a6-a3fc-4ee8-9cfe-bea1d012660e
Time: Monday, March 02, 2026 — 01:40 PM (WAT)
=========================================
[2026-03-02 13:40:00] Starting corrected email auto-processor
[2026-03-02 13:40:00] Cron ID: 54a989a6-a3fc-4ee8-9cfe-bea1d012660e
[2026-03-02 13:40:01] Current time: Monday, March 02, 2026 — 01:40 PM (WAT)
=========================================
CORRECTED EMAIL AUTO-PROCESSOR
Cron ID: 54a989a6-a3fc-4ee8-9cfe-bea1d012660e
Time: Monday, March 02, 2026 — 01:40 PM (WAT)
=========================================

[2026-03-02 13:40:01] Error: himalaya not available
Please install himalaya: brew install himalaya
[0;31m[2026-03-02 13:40:01] ERROR: Corrected email processor failed[0m
[0;31m[2026-03-02 13:40:01] ERROR: === Corrected Email Processing Failed ===[0m
[0;32m[2026-03-02 14:00:00] INFO: === Starting Corrected Email Processor Wrapper ===[0m
[0;32m[2026-03-02 14:00:00] INFO: Running corrected email auto-processor...[0m
[0;32m[2026-03-02 14:00:00] INFO: Cron ID: 54a989a6-a3fc-4ee8-9cfe-bea1d012660e[0m
=========================================
CORRECTED EMAIL AUTO-PROCESSOR
Cron ID: 54a989a6-a3fc-4ee8-9cfe-bea1d012660e
Time: Monday, March 02, 2026 — 02:00 PM (WAT)
=========================================
[2026-03-02 14:00:00] Starting corrected email auto-processor
[2026-03-02 14:00:00] Cron ID: 54a989a6-a3fc-4ee8-9cfe-bea1d012660e
[2026-03-02 14:00:00] Current time: Monday, March 02, 2026 — 02:00 PM (WAT)
=========================================
CORRECTED EMAIL AUTO-PROCESSOR
Cron ID: 54a989a6-a3fc-4ee8-9cfe-bea1d012660e
Time: Monday, March 02, 2026 — 02:00 PM (WAT)
=========================================

[2026-03-02 14:00:00] Error: himalaya not available
Please install himalaya: brew install himalaya
[0;31m[2026-03-02 14:00:00] ERROR: Corrected email processor failed[0m
[0;31m[2026-03-02 14:00:00] ERROR: === Corrected Email Processing Failed ===[0m
[0;32m[2026-03-02 14:20:01] INFO: === Starting Corrected Email Processor Wrapper ===[0m
[0;32m[2026-03-02 14:20:01] INFO: Running corrected email auto-processor...[0m
[0;32m[2026-03-02 14:20:01] INFO: Cron ID: 54a989a6-a3fc-4ee8-9cfe-bea1d012660e[0m
=========================================
CORRECTED EMAIL AUTO-PROCESSOR
Cron ID: 54a989a6-a3fc-4ee8-9cfe-bea1d012660e
Time: Monday, March 02, 2026 — 02:20 PM (WAT)
=========================================
[2026-03-02 14:20:01] Starting corrected email auto-processor
[2026-03-02 14:20:01] Cron ID: 54a989a6-a3fc-4ee8-9cfe-bea1d012660e
[2026-03-02 14:20:01] Current time: Monday, March 02, 2026 — 02:20 PM (WAT)
=========================================
CORRECTED EMAIL AUTO-PROCESSOR
Cron ID: 54a989a6-a3fc-4ee8-9cfe-bea1d012660e
Time: Monday, March 02, 2026 — 02:20 PM (WAT)
=========================================

[2026-03-02 14:20:01] Error: himalaya not available
Please install himalaya: brew install himalaya
[0;31m[2026-03-02 14:20:01] ERROR: Corrected email processor failed[0m
[0;31m[2026-03-02 14:20:01] ERROR: === Corrected Email Processing Failed ===[0m
[0;32m[2026-03-02 14:40:00] INFO: === Starting Corrected Email Processor Wrapper ===[0m
[0;32m[2026-03-02 14:40:00] INFO: Running corrected email auto-processor...[0m
[0;32m[2026-03-02 14:40:00] INFO: Cron ID: 54a989a6-a3fc-4ee8-9cfe-bea1d012660e[0m
=========================================
CORRECTED EMAIL AUTO-PROCESSOR
Cron ID: 54a989a6-a3fc-4ee8-9cfe-bea1d012660e
Time: Monday, March 02, 2026 — 02:40 PM (WAT)
=========================================
[2026-03-02 14:40:00] Starting corrected email auto-processor
[2026-03-02 14:40:00] Cron ID: 54a989a6-a3fc-4ee8-9cfe-bea1d012660e
[2026-03-02 14:40:00] Current time: Monday, March 02, 2026 — 02:40 PM (WAT)
=========================================
CORRECTED EMAIL AUTO-PROCESSOR
Cron ID: 54a989a6-a3fc-4ee8-9cfe-bea1d012660e
Time: Monday, March 02, 2026 — 02:40 PM (WAT)
=========================================

[2026-03-02 14:40:00] Error: himalaya not available
Please install himalaya: brew install himalaya
[0;31m[2026-03-02 14:40:00] ERROR: Corrected email processor failed[0m
[0;31m[2026-03-02 14:40:00] ERROR: === Corrected Email Processing Failed ===[0m
[0;32m[2026-03-02 15:00:00] INFO: === Starting Corrected Email Processor Wrapper ===[0m
[0;32m[2026-03-02 15:00:00] INFO: Running corrected email auto-processor...[0m
[0;32m[2026-03-02 15:00:00] INFO: Cron ID: 54a989a6-a3fc-4ee8-9cfe-bea1d012660e[0m
=========================================
CORRECTED EMAIL AUTO-PROCESSOR
Cron ID: 54a989a6-a3fc-4ee8-9cfe-bea1d012660e
Time: Monday, March 02, 2026 — 03:00 PM (WAT)
=========================================
[2026-03-02 15:00:00] Starting corrected email auto-processor
[2026-03-02 15:00:00] Cron ID: 54a989a6-a3fc-4ee8-9cfe-bea1d012660e
[2026-03-02 15:00:00] Current time: Monday, March 02, 2026 — 03:00 PM (WAT)
=========================================
CORRECTED EMAIL AUTO-PROCESSOR
Cron ID: 54a989a6-a3fc-4ee8-9cfe-bea1d012660e
Time: Monday, March 02, 2026 — 03:00 PM (WAT)
=========================================

[2026-03-02 15:00:00] Error: himalaya not available
Please install himalaya: brew install himalaya
[0;31m[2026-03-02 15:00:00] ERROR: Corrected email processor failed[0m
[0;31m[2026-03-02 15:00:00] ERROR: === Corrected Email Processing Failed ===[0m
[0;32m[2026-03-02 15:20:00] INFO: === Starting Corrected Email Processor Wrapper ===[0m
[0;32m[2026-03-02 15:20:00] INFO: Running corrected email auto-processor...[0m
[0;32m[2026-03-02 15:20:00] INFO: Cron ID: 54a989a6-a3fc-4ee8-9cfe-bea1d012660e[0m
=========================================
CORRECTED EMAIL AUTO-PROCESSOR
Cron ID: 54a989a6-a3fc-4ee8-9cfe-bea1d012660e
Time: Monday, March 02, 2026 — 03:20 PM (WAT)
=========================================
[2026-03-02 15:20:00] Starting corrected email auto-processor
[2026-03-02 15:20:00] Cron ID: 54a989a6-a3fc-4ee8-9cfe-bea1d012660e
[2026-03-02 15:20:00] Current time: Monday, March 02, 2026 — 03:20 PM (WAT)
=========================================
CORRECTED EMAIL AUTO-PROCESSOR
Cron ID: 54a989a6-a3fc-4ee8-9cfe-bea1d012660e
Time: Monday, March 02, 2026 — 03:20 PM (WAT)
=========================================

[2026-03-02 15:20:00] Error: himalaya not available
Please install himalaya: brew install himalaya
[0;31m[2026-03-02 15:20:00] ERROR: Corrected email processor failed[0m
[0;31m[2026-03-02 15:20:00] ERROR: === Corrected Email Processing Failed ===[0m
[0;32m[2026-03-02 15:40:01] INFO: === Starting Corrected Email Processor Wrapper ===[0m
[0;32m[2026-03-02 15:40:01] INFO: Running corrected email auto-processor...[0m
[0;32m[2026-03-02 15:40:01] INFO: Cron ID: 54a989a6-a3fc-4ee8-9cfe-bea1d012660e[0m
=========================================
CORRECTED EMAIL AUTO-PROCESSOR
Cron ID: 54a989a6-a3fc-4ee8-9cfe-bea1d012660e
Time: Monday, March 02, 2026 — 03:40 PM (WAT)
=========================================
[2026-03-02 15:40:01] Starting corrected email auto-processor
[2026-03-02 15:40:01] Cron ID: 54a989a6-a3fc-4ee8-9cfe-bea1d012660e
[2026-03-02 15:40:01] Current time: Monday, March 02, 2026 — 03:40 PM (WAT)
=========================================
CORRECTED EMAIL AUTO-PROCESSOR
Cron ID: 54a989a6-a3fc-4ee8-9cfe-bea1d012660e
Time: Monday, March 02, 2026 — 03:40 PM (WAT)
=========================================

[2026-03-02 15:40:01] Error: himalaya not available
Please install himalaya: brew install himalaya
[0;31m[2026-03-02 15:40:01] ERROR: Corrected email processor failed[0m
[0;31m[2026-03-02 15:40:01] ERROR: === Corrected Email Processing Failed ===[0m
[0;32m[2026-03-02 16:00:01] INFO: === Starting Corrected Email Processor Wrapper ===[0m
[0;32m[2026-03-02 16:00:01] INFO: Running corrected email auto-processor...[0m
[0;32m[2026-03-02 16:00:01] INFO: Cron ID: 54a989a6-a3fc-4ee8-9cfe-bea1d012660e[0m
=========================================
CORRECTED EMAIL AUTO-PROCESSOR
Cron ID: 54a989a6-a3fc-4ee8-9cfe-bea1d012660e
Time: Monday, March 02, 2026 — 04:00 PM (WAT)
=========================================
[2026-03-02 16:00:01] Starting corrected email auto-processor
[2026-03-02 16:00:01] Cron ID: 54a989a6-a3fc-4ee8-9cfe-bea1d012660e
[2026-03-02 16:00:01] Current time: Monday, March 02, 2026 — 04:00 PM (WAT)
=========================================
CORRECTED EMAIL AUTO-PROCESSOR
Cron ID: 54a989a6-a3fc-4ee8-9cfe-bea1d012660e
Time: Monday, March 02, 2026 — 04:00 PM (WAT)
=========================================

[2026-03-02 16:00:01] Error: himalaya not available
Please install himalaya: brew install himalaya
[0;31m[2026-03-02 16:00:01] ERROR: Corrected email processor failed[0m
[0;31m[2026-03-02 16:00:01] ERROR: === Corrected Email Processing Failed ===[0m
[0;32m[2026-03-02 16:20:00] INFO: === Starting Corrected Email Processor Wrapper ===[0m
[0;32m[2026-03-02 16:20:00] INFO: Running corrected email auto-processor...[0m
[0;32m[2026-03-02 16:20:00] INFO: Cron ID: 54a989a6-a3fc-4ee8-9cfe-bea1d012660e[0m
=========================================
CORRECTED EMAIL AUTO-PROCESSOR
Cron ID: 54a989a6-a3fc-4ee8-9cfe-bea1d012660e
Time: Monday, March 02, 2026 — 04:20 PM (WAT)
=========================================
[2026-03-02 16:20:00] Starting corrected email auto-processor
[2026-03-02 16:20:00] Cron ID: 54a989a6-a3fc-4ee8-9cfe-bea1d012660e
[2026-03-02 16:20:00] Current time: Monday, March 02, 2026 — 04:20 PM (WAT)
=========================================
CORRECTED EMAIL AUTO-PROCESSOR
Cron ID: 54a989a6-a3fc-4ee8-9cfe-bea1d012660e
Time: Monday, March 02, 2026 — 04:20 PM (WAT)
=========================================

[2026-03-02 16:20:00] Error: himalaya not available
Please install himalaya: brew install himalaya
[0;31m[2026-03-02 16:20:00] ERROR: Corrected email processor failed[0m
[0;31m[2026-03-02 16:20:00] ERROR: === Corrected Email Processing Failed ===[0m
[0;32m[2026-03-02 16:40:00] INFO: === Starting Corrected Email Processor Wrapper ===[0m
[0;32m[2026-03-02 16:40:00] INFO: Running corrected email auto-processor...[0m
[0;32m[2026-03-02 16:40:00] INFO: Cron ID: 54a989a6-a3fc-4ee8-9cfe-bea1d012660e[0m
=========================================
CORRECTED EMAIL AUTO-PROCESSOR
Cron ID: 54a989a6-a3fc-4ee8-9cfe-bea1d012660e
Time: Monday, March 02, 2026 — 04:40 PM (WAT)
=========================================
[2026-03-02 16:40:00] Starting corrected email auto-processor
[2026-03-02 16:40:00] Cron ID: 54a989a6-a3fc-4ee8-9cfe-bea1d012660e
[2026-03-02 16:40:00] Current time: Monday, March 02, 2026 — 04:40 PM (WAT)
=========================================
CORRECTED EMAIL AUTO-PROCESSOR
Cron ID: 54a989a6-a3fc-4ee8-9cfe-bea1d012660e
Time: Monday, March 02, 2026 — 04:40 PM (WAT)
=========================================

[2026-03-02 16:40:00] Error: himalaya not available
Please install himalaya: brew install himalaya
[0;31m[2026-03-02 16:40:00] ERROR: Corrected email processor failed[0m
[0;31m[2026-03-02 16:40:00] ERROR: === Corrected Email Processing Failed ===[0m
[0;32m[2026-03-02 17:00:00] INFO: === Starting Corrected Email Processor Wrapper ===[0m
[0;32m[2026-03-02 17:00:00] INFO: Running corrected email auto-processor...[0m
[0;32m[2026-03-02 17:00:00] INFO: Cron ID: 54a989a6-a3fc-4ee8-9cfe-bea1d012660e[0m
=========================================
CORRECTED EMAIL AUTO-PROCESSOR
Cron ID: 54a989a6-a3fc-4ee8-9cfe-bea1d012660e
Time: Monday, March 02, 2026 — 05:00 PM (WAT)
=========================================
[2026-03-02 17:00:00] Starting corrected email auto-processor
[2026-03-02 17:00:00] Cron ID: 54a989a6-a3fc-4ee8-9cfe-bea1d012660e
[2026-03-02 17:00:00] Current time: Monday, March 02, 2026 — 05:00 PM (WAT)
=========================================
CORRECTED EMAIL AUTO-PROCESSOR
Cron ID: 54a989a6-a3fc-4ee8-9cfe-bea1d012660e
Time: Monday, March 02, 2026 — 05:00 PM (WAT)
=========================================

[2026-03-02 17:00:00] Error: himalaya not available
Please install himalaya: brew install himalaya
[0;31m[2026-03-02 17:00:00] ERROR: Corrected email processor failed[0m
[0;31m[2026-03-02 17:00:00] ERROR: === Corrected Email Processing Failed ===[0m
[0;32m[2026-03-02 17:20:00] INFO: === Starting Corrected Email Processor Wrapper ===[0m
[0;32m[2026-03-02 17:20:00] INFO: Running corrected email auto-processor...[0m
[0;32m[2026-03-02 17:20:00] INFO: Cron ID: 54a989a6-a3fc-4ee8-9cfe-bea1d012660e[0m
=========================================
CORRECTED EMAIL AUTO-PROCESSOR
Cron ID: 54a989a6-a3fc-4ee8-9cfe-bea1d012660e
Time: Monday, March 02, 2026 — 05:20 PM (WAT)
=========================================
[2026-03-02 17:20:00] Starting corrected email auto-processor
[2026-03-02 17:20:00] Cron ID: 54a989a6-a3fc-4ee8-9cfe-bea1d012660e
[2026-03-02 17:20:01] Current time: Monday, March 02, 2026 — 05:20 PM (WAT)
=========================================
CORRECTED EMAIL AUTO-PROCESSOR
Cron ID: 54a989a6-a3fc-4ee8-9cfe-bea1d012660e
Time: Monday, March 02, 2026 — 05:20 PM (WAT)
=========================================

[2026-03-02 17:20:01] Error: himalaya not available
Please install himalaya: brew install himalaya
[0;31m[2026-03-02 17:20:01] ERROR: Corrected email processor failed[0m
[0;31m[2026-03-02 17:20:01] ERROR: === Corrected Email Processing Failed ===[0m
[0;32m[2026-03-02 17:40:00] INFO: === Starting Corrected Email Processor Wrapper ===[0m
[0;32m[2026-03-02 17:40:00] INFO: Running corrected email auto-processor...[0m
[0;32m[2026-03-02 17:40:00] INFO: Cron ID: 54a989a6-a3fc-4ee8-9cfe-bea1d012660e[0m
=========================================
CORRECTED EMAIL AUTO-PROCESSOR
Cron ID: 54a989a6-a3fc-4ee8-9cfe-bea1d012660e
Time: Monday, March 02, 2026 — 05:40 PM (WAT)
=========================================
[2026-03-02 17:40:00] Starting corrected email auto-processor
[2026-03-02 17:40:00] Cron ID: 54a989a6-a3fc-4ee8-9cfe-bea1d012660e
[2026-03-02 17:40:00] Current time: Monday, March 02, 2026 — 05:40 PM (WAT)
=========================================
CORRECTED EMAIL AUTO-PROCESSOR
Cron ID: 54a989a6-a3fc-4ee8-9cfe-bea1d012660e
Time: Monday, March 02, 2026 — 05:40 PM (WAT)
=========================================

[2026-03-02 17:40:00] Error: himalaya not available
Please install himalaya: brew install himalaya
[0;31m[2026-03-02 17:40:00] ERROR: Corrected email processor failed[0m
[0;31m[2026-03-02 17:40:00] ERROR: === Corrected Email Processing Failed ===[0m
[0;32m[2026-03-02 18:00:01] INFO: === Starting Corrected Email Processor Wrapper ===[0m
[0;32m[2026-03-02 18:00:01] INFO: Running corrected email auto-processor...[0m
[0;32m[2026-03-02 18:00:01] INFO: Cron ID: 54a989a6-a3fc-4ee8-9cfe-bea1d012660e[0m
=========================================
CORRECTED EMAIL AUTO-PROCESSOR
Cron ID: 54a989a6-a3fc-4ee8-9cfe-bea1d012660e
Time: Monday, March 02, 2026 — 06:00 PM (WAT)
=========================================
[2026-03-02 18:00:01] Starting corrected email auto-processor
[2026-03-02 18:00:01] Cron ID: 54a989a6-a3fc-4ee8-9cfe-bea1d012660e
[2026-03-02 18:00:01] Current time: Monday, March 02, 2026 — 06:00 PM (WAT)
=========================================
CORRECTED EMAIL AUTO-PROCESSOR
Cron ID: 54a989a6-a3fc-4ee8-9cfe-bea1d012660e
Time: Monday, March 02, 2026 — 06:00 PM (WAT)
=========================================

[2026-03-02 18:00:01] Error: himalaya not available
Please install himalaya: brew install himalaya
[0;31m[2026-03-02 18:00:01] ERROR: Corrected email processor failed[0m
[0;31m[2026-03-02 18:00:01] ERROR: === Corrected Email Processing Failed ===[0m
[0;32m[2026-03-02 18:20:01] INFO: === Starting Corrected Email Processor Wrapper ===[0m
[0;32m[2026-03-02 18:20:01] INFO: Running corrected email auto-processor...[0m
[0;32m[2026-03-02 18:20:01] INFO: Cron ID: 54a989a6-a3fc-4ee8-9cfe-bea1d012660e[0m
=========================================
CORRECTED EMAIL AUTO-PROCESSOR
Cron ID: 54a989a6-a3fc-4ee8-9cfe-bea1d012660e
Time: Monday, March 02, 2026 — 06:20 PM (WAT)
=========================================
[2026-03-02 18:20:01] Starting corrected email auto-processor
[2026-03-02 18:20:01] Cron ID: 54a989a6-a3fc-4ee8-9cfe-bea1d012660e
[2026-03-02 18:20:01] Current time: Monday, March 02, 2026 — 06:20 PM (WAT)
=========================================
CORRECTED EMAIL AUTO-PROCESSOR
Cron ID: 54a989a6-a3fc-4ee8-9cfe-bea1d012660e
Time: Monday, March 02, 2026 — 06:20 PM (WAT)
=========================================

[2026-03-02 18:20:01] Error: himalaya not available
Please install himalaya: brew install himalaya
[0;31m[2026-03-02 18:20:01] ERROR: Corrected email processor failed[0m
[0;31m[2026-03-02 18:20:01] ERROR: === Corrected Email Processing Failed ===[0m
[0;32m[2026-03-02 18:40:00] INFO: === Starting Corrected Email Processor Wrapper ===[0m
[0;32m[2026-03-02 18:40:00] INFO: Running corrected email auto-processor...[0m
[0;32m[2026-03-02 18:40:00] INFO: Cron ID: 54a989a6-a3fc-4ee8-9cfe-bea1d012660e[0m
=========================================
CORRECTED EMAIL AUTO-PROCESSOR
Cron ID: 54a989a6-a3fc-4ee8-9cfe-bea1d012660e
Time: Monday, March 02, 2026 — 06:40 PM (WAT)
=========================================
[2026-03-02 18:40:00] Starting corrected email auto-processor
[2026-03-02 18:40:00] Cron ID: 54a989a6-a3fc-4ee8-9cfe-bea1d012660e
[2026-03-02 18:40:00] Current time: Monday, March 02, 2026 — 06:40 PM (WAT)
=========================================
CORRECTED EMAIL AUTO-PROCESSOR
Cron ID: 54a989a6-a3fc-4ee8-9cfe-bea1d012660e
Time: Monday, March 02, 2026 — 06:40 PM (WAT)
=========================================

[2026-03-02 18:40:00] Error: himalaya not available
Please install himalaya: brew install himalaya
[0;31m[2026-03-02 18:40:00] ERROR: Corrected email processor failed[0m
[0;31m[2026-03-02 18:40:00] ERROR: === Corrected Email Processing Failed ===[0m
[0;32m[2026-03-03 08:40:00] INFO: === Starting Corrected Email Processor Wrapper ===[0m
[0;32m[2026-03-03 08:40:00] INFO: Running corrected email auto-processor...[0m
[0;32m[2026-03-03 08:40:00] INFO: Cron ID: 54a989a6-a3fc-4ee8-9cfe-bea1d012660e[0m
=========================================
CORRECTED EMAIL AUTO-PROCESSOR
Cron ID: 54a989a6-a3fc-4ee8-9cfe-bea1d012660e
Time: Tuesday, March 03, 2026 — 08:40 AM (WAT)
=========================================
[2026-03-03 08:40:00] Starting corrected email auto-processor
[2026-03-03 08:40:00] Cron ID: 54a989a6-a3fc-4ee8-9cfe-bea1d012660e
[2026-03-03 08:40:00] Current time: Tuesday, March 03, 2026 — 08:40 AM (WAT)
=========================================
CORRECTED EMAIL AUTO-PROCESSOR
Cron ID: 54a989a6-a3fc-4ee8-9cfe-bea1d012660e
Time: Tuesday, March 03, 2026 — 08:40 AM (WAT)
=========================================

[2026-03-03 08:40:00] Error: himalaya not available
Please install himalaya: brew install himalaya
[0;31m[2026-03-03 08:40:00] ERROR: Corrected email processor failed[0m
[0;31m[2026-03-03 08:40:00] ERROR: === Corrected Email Processing Failed ===[0m
[0;32m[2026-03-03 09:00:00] INFO: === Starting Corrected Email Processor Wrapper ===[0m
[0;32m[2026-03-03 09:00:00] INFO: Running corrected email auto-processor...[0m
[0;32m[2026-03-03 09:00:00] INFO: Cron ID: 54a989a6-a3fc-4ee8-9cfe-bea1d012660e[0m
=========================================
CORRECTED EMAIL AUTO-PROCESSOR
Cron ID: 54a989a6-a3fc-4ee8-9cfe-bea1d012660e
Time: Tuesday, March 03, 2026 — 09:00 AM (WAT)
=========================================
[2026-03-03 09:00:00] Starting corrected email auto-processor
[2026-03-03 09:00:00] Cron ID: 54a989a6-a3fc-4ee8-9cfe-bea1d012660e
[2026-03-03 09:00:00] Current time: Tuesday, March 03, 2026 — 09:00 AM (WAT)
=========================================
CORRECTED EMAIL AUTO-PROCESSOR
Cron ID: 54a989a6-a3fc-4ee8-9cfe-bea1d012660e
Time: Tuesday, March 03, 2026 — 09:00 AM (WAT)
=========================================

[2026-03-03 09:00:00] Error: himalaya not available
Please install himalaya: brew install himalaya
[0;31m[2026-03-03 09:00:00] ERROR: Corrected email processor failed[0m
[0;31m[2026-03-03 09:00:00] ERROR: === Corrected Email Processing Failed ===[0m
[0;32m[2026-03-03 09:20:00] INFO: === Starting Corrected Email Processor Wrapper ===[0m
[0;32m[2026-03-03 09:20:00] INFO: Running corrected email auto-processor...[0m
[0;32m[2026-03-03 09:20:00] INFO: Cron ID: 54a989a6-a3fc-4ee8-9cfe-bea1d012660e[0m
=========================================
CORRECTED EMAIL AUTO-PROCESSOR
Cron ID: 54a989a6-a3fc-4ee8-9cfe-bea1d012660e
Time: Tuesday, March 03, 2026 — 09:20 AM (WAT)
=========================================
[2026-03-03 09:20:00] Starting corrected email auto-processor
[2026-03-03 09:20:00] Cron ID: 54a989a6-a3fc-4ee8-9cfe-bea1d012660e
[2026-03-03 09:20:00] Current time: Tuesday, March 03, 2026 — 09:20 AM (WAT)
=========================================
CORRECTED EMAIL AUTO-PROCESSOR
Cron ID: 54a989a6-a3fc-4ee8-9cfe-bea1d012660e
Time: Tuesday, March 03, 2026 — 09:20 AM (WAT)
=========================================

[2026-03-03 09:20:00] Error: himalaya not available
Please install himalaya: brew install himalaya
[0;31m[2026-03-03 09:20:00] ERROR: Corrected email processor failed[0m
[0;31m[2026-03-03 09:20:00] ERROR: === Corrected Email Processing Failed ===[0m
[0;32m[2026-03-03 09:40:01] INFO: === Starting Corrected Email Processor Wrapper ===[0m
[0;32m[2026-03-03 09:40:01] INFO: Running corrected email auto-processor...[0m
[0;32m[2026-03-03 09:40:01] INFO: Cron ID: 54a989a6-a3fc-4ee8-9cfe-bea1d012660e[0m
=========================================
CORRECTED EMAIL AUTO-PROCESSOR
Cron ID: 54a989a6-a3fc-4ee8-9cfe-bea1d012660e
Time: Tuesday, March 03, 2026 — 09:40 AM (WAT)
=========================================
[2026-03-03 09:40:01] Starting corrected email auto-processor
[2026-03-03 09:40:01] Cron ID: 54a989a6-a3fc-4ee8-9cfe-bea1d012660e
[2026-03-03 09:40:01] Current time: Tuesday, March 03, 2026 — 09:40 AM (WAT)
=========================================
CORRECTED EMAIL AUTO-PROCESSOR
Cron ID: 54a989a6-a3fc-4ee8-9cfe-bea1d012660e
Time: Tuesday, March 03, 2026 — 09:40 AM (WAT)
=========================================

[2026-03-03 09:40:01] Error: himalaya not available
Please install himalaya: brew install himalaya
[0;31m[2026-03-03 09:40:01] ERROR: Corrected email processor failed[0m
[0;31m[2026-03-03 09:40:01] ERROR: === Corrected Email Processing Failed ===[0m
[0;32m[2026-03-03 10:00:00] INFO: === Starting Corrected Email Processor Wrapper ===[0m
[0;32m[2026-03-03 10:00:00] INFO: Running corrected email auto-processor...[0m
[0;32m[2026-03-03 10:00:00] INFO: Cron ID: 54a989a6-a3fc-4ee8-9cfe-bea1d012660e[0m
=========================================
CORRECTED EMAIL AUTO-PROCESSOR
Cron ID: 54a989a6-a3fc-4ee8-9cfe-bea1d012660e
Time: Tuesday, March 03, 2026 — 10:00 AM (WAT)
=========================================
[2026-03-03 10:00:00] Starting corrected email auto-processor
[2026-03-03 10:00:00] Cron ID: 54a989a6-a3fc-4ee8-9cfe-bea1d012660e
[2026-03-03 10:00:00] Current time: Tuesday, March 03, 2026 — 10:00 AM (WAT)
=========================================
CORRECTED EMAIL AUTO-PROCESSOR
Cron ID: 54a989a6-a3fc-4ee8-9cfe-bea1d012660e
Time: Tuesday, March 03, 2026 — 10:00 AM (WAT)
=========================================

[2026-03-03 10:00:00] Error: himalaya not available
Please install himalaya: brew install himalaya
[0;31m[2026-03-03 10:00:00] ERROR: Corrected email processor failed[0m
[0;31m[2026-03-03 10:00:00] ERROR: === Corrected Email Processing Failed ===[0m
[0;32m[2026-03-03 10:20:00] INFO: === Starting Corrected Email Processor Wrapper ===[0m
[0;32m[2026-03-03 10:20:00] INFO: Running corrected email auto-processor...[0m
[0;32m[2026-03-03 10:20:00] INFO: Cron ID: 54a989a6-a3fc-4ee8-9cfe-bea1d012660e[0m
=========================================
CORRECTED EMAIL AUTO-PROCESSOR
Cron ID: 54a989a6-a3fc-4ee8-9cfe-bea1d012660e
Time: Tuesday, March 03, 2026 — 10:20 AM (WAT)
=========================================
[2026-03-03 10:20:00] Starting corrected email auto-processor
[2026-03-03 10:20:00] Cron ID: 54a989a6-a3fc-4ee8-9cfe-bea1d012660e
[2026-03-03 10:20:00] Current time: Tuesday, March 03, 2026 — 10:20 AM (WAT)
=========================================
CORRECTED EMAIL AUTO-PROCESSOR
Cron ID: 54a989a6-a3fc-4ee8-9cfe-bea1d012660e
Time: Tuesday, March 03, 2026 — 10:20 AM (WAT)
=========================================

[2026-03-03 10:20:00] Error: himalaya not available
Please install himalaya: brew install himalaya
[0;31m[2026-03-03 10:20:00] ERROR: Corrected email processor failed[0m
[0;31m[2026-03-03 10:20:00] ERROR: === Corrected Email Processing Failed ===[0m
[0;32m[2026-03-03 10:40:01] INFO: === Starting Corrected Email Processor Wrapper ===[0m
[0;32m[2026-03-03 10:40:01] INFO: Running corrected email auto-processor...[0m
[0;32m[2026-03-03 10:40:01] INFO: Cron ID: 54a989a6-a3fc-4ee8-9cfe-bea1d012660e[0m
=========================================
CORRECTED EMAIL AUTO-PROCESSOR
Cron ID: 54a989a6-a3fc-4ee8-9cfe-bea1d012660e
Time: Tuesday, March 03, 2026 — 10:40 AM (WAT)
=========================================
[2026-03-03 10:40:01] Starting corrected email auto-processor
[2026-03-03 10:40:01] Cron ID: 54a989a6-a3fc-4ee8-9cfe-bea1d012660e
[2026-03-03 10:40:01] Current time: Tuesday, March 03, 2026 — 10:40 AM (WAT)
=========================================
CORRECTED EMAIL AUTO-PROCESSOR
Cron ID: 54a989a6-a3fc-4ee8-9cfe-bea1d012660e
Time: Tuesday, March 03, 2026 — 10:40 AM (WAT)
=========================================

[2026-03-03 10:40:01] Error: himalaya not available
Please install himalaya: brew install himalaya
[0;31m[2026-03-03 10:40:01] ERROR: Corrected email processor failed[0m
[0;31m[2026-03-03 10:40:01] ERROR: === Corrected Email Processing Failed ===[0m
[0;32m[2026-03-03 11:00:01] INFO: === Starting Corrected Email Processor Wrapper ===[0m
[0;32m[2026-03-03 11:00:01] INFO: Running corrected email auto-processor...[0m
[0;32m[2026-03-03 11:00:01] INFO: Cron ID: 54a989a6-a3fc-4ee8-9cfe-bea1d012660e[0m
=========================================
CORRECTED EMAIL AUTO-PROCESSOR
Cron ID: 54a989a6-a3fc-4ee8-9cfe-bea1d012660e
Time: Tuesday, March 03, 2026 — 11:00 AM (WAT)
=========================================
[2026-03-03 11:00:01] Starting corrected email auto-processor
[2026-03-03 11:00:01] Cron ID: 54a989a6-a3fc-4ee8-9cfe-bea1d012660e
[2026-03-03 11:00:01] Current time: Tuesday, March 03, 2026 — 11:00 AM (WAT)
=========================================
CORRECTED EMAIL AUTO-PROCESSOR
Cron ID: 54a989a6-a3fc-4ee8-9cfe-bea1d012660e
Time: Tuesday, March 03, 2026 — 11:00 AM (WAT)
=========================================

[2026-03-03 11:00:01] Error: himalaya not available
Please install himalaya: brew install himalaya
[0;31m[2026-03-03 11:00:01] ERROR: Corrected email processor failed[0m
[0;31m[2026-03-03 11:00:01] ERROR: === Corrected Email Processing Failed ===[0m
[0;32m[2026-03-03 11:20:00] INFO: === Starting Corrected Email Processor Wrapper ===[0m
[0;32m[2026-03-03 11:20:00] INFO: Running corrected email auto-processor...[0m
[0;32m[2026-03-03 11:20:00] INFO: Cron ID: 54a989a6-a3fc-4ee8-9cfe-bea1d012660e[0m
=========================================
CORRECTED EMAIL AUTO-PROCESSOR
Cron ID: 54a989a6-a3fc-4ee8-9cfe-bea1d012660e
Time: Tuesday, March 03, 2026 — 11:20 AM (WAT)
=========================================
[2026-03-03 11:20:00] Starting corrected email auto-processor
[2026-03-03 11:20:00] Cron ID: 54a989a6-a3fc-4ee8-9cfe-bea1d012660e
[2026-03-03 11:20:00] Current time: Tuesday, March 03, 2026 — 11:20 AM (WAT)
=========================================
CORRECTED EMAIL AUTO-PROCESSOR
Cron ID: 54a989a6-a3fc-4ee8-9cfe-bea1d012660e
Time: Tuesday, March 03, 2026 — 11:20 AM (WAT)
=========================================

[2026-03-03 11:20:00] Error: himalaya not available
Please install himalaya: brew install himalaya
[0;31m[2026-03-03 11:20:00] ERROR: Corrected email processor failed[0m
[0;31m[2026-03-03 11:20:00] ERROR: === Corrected Email Processing Failed ===[0m
[0;32m[2026-03-03 11:40:00] INFO: === Starting Corrected Email Processor Wrapper ===[0m
[0;32m[2026-03-03 11:40:00] INFO: Running corrected email auto-processor...[0m
[0;32m[2026-03-03 11:40:00] INFO: Cron ID: 54a989a6-a3fc-4ee8-9cfe-bea1d012660e[0m
=========================================
CORRECTED EMAIL AUTO-PROCESSOR
Cron ID: 54a989a6-a3fc-4ee8-9cfe-bea1d012660e
Time: Tuesday, March 03, 2026 — 11:40 AM (WAT)
=========================================
[2026-03-03 11:40:00] Starting corrected email auto-processor
[2026-03-03 11:40:00] Cron ID: 54a989a6-a3fc-4ee8-9cfe-bea1d012660e
[2026-03-03 11:40:00] Current time: Tuesday, March 03, 2026 — 11:40 AM (WAT)
=========================================
CORRECTED EMAIL AUTO-PROCESSOR
Cron ID: 54a989a6-a3fc-4ee8-9cfe-bea1d012660e
Time: Tuesday, March 03, 2026 — 11:40 AM (WAT)
=========================================

[2026-03-03 11:40:00] Error: himalaya not available
Please install himalaya: brew install himalaya
[0;31m[2026-03-03 11:40:00] ERROR: Corrected email processor failed[0m
[0;31m[2026-03-03 11:40:00] ERROR: === Corrected Email Processing Failed ===[0m
[0;32m[2026-03-03 12:00:00] INFO: === Starting Corrected Email Processor Wrapper ===[0m
[0;32m[2026-03-03 12:00:00] INFO: Running corrected email auto-processor...[0m
[0;32m[2026-03-03 12:00:00] INFO: Cron ID: 54a989a6-a3fc-4ee8-9cfe-bea1d012660e[0m
=========================================
CORRECTED EMAIL AUTO-PROCESSOR
Cron ID: 54a989a6-a3fc-4ee8-9cfe-bea1d012660e
Time: Tuesday, March 03, 2026 — 12:00 PM (WAT)
=========================================
[2026-03-03 12:00:01] Starting corrected email auto-processor
[2026-03-03 12:00:01] Cron ID: 54a989a6-a3fc-4ee8-9cfe-bea1d012660e
[2026-03-03 12:00:01] Current time: Tuesday, March 03, 2026 — 12:00 PM (WAT)
=========================================
CORRECTED EMAIL AUTO-PROCESSOR
Cron ID: 54a989a6-a3fc-4ee8-9cfe-bea1d012660e
Time: Tuesday, March 03, 2026 — 12:00 PM (WAT)
=========================================

[2026-03-03 12:00:01] Error: himalaya not available
Please install himalaya: brew install himalaya
[0;31m[2026-03-03 12:00:01] ERROR: Corrected email processor failed[0m
[0;31m[2026-03-03 12:00:01] ERROR: === Corrected Email Processing Failed ===[0m
[0;32m[2026-03-03 12:20:00] INFO: === Starting Corrected Email Processor Wrapper ===[0m
[0;32m[2026-03-03 12:20:00] INFO: Running corrected email auto-processor...[0m
[0;32m[2026-03-03 12:20:00] INFO: Cron ID: 54a989a6-a3fc-4ee8-9cfe-bea1d012660e[0m
=========================================
CORRECTED EMAIL AUTO-PROCESSOR
Cron ID: 54a989a6-a3fc-4ee8-9cfe-bea1d012660e
Time: Tuesday, March 03, 2026 — 12:20 PM (WAT)
=========================================
[2026-03-03 12:20:00] Starting corrected email auto-processor
[2026-03-03 12:20:00] Cron ID: 54a989a6-a3fc-4ee8-9cfe-bea1d012660e
[2026-03-03 12:20:00] Current time: Tuesday, March 03, 2026 — 12:20 PM (WAT)
=========================================
CORRECTED EMAIL AUTO-PROCESSOR
Cron ID: 54a989a6-a3fc-4ee8-9cfe-bea1d012660e
Time: Tuesday, March 03, 2026 — 12:20 PM (WAT)
=========================================

[2026-03-03 12:20:00] Error: himalaya not available
Please install himalaya: brew install himalaya
[0;31m[2026-03-03 12:20:00] ERROR: Corrected email processor failed[0m
[0;31m[2026-03-03 12:20:00] ERROR: === Corrected Email Processing Failed ===[0m
[0;32m[2026-03-03 12:40:00] INFO: === Starting Corrected Email Processor Wrapper ===[0m
[0;32m[2026-03-03 12:40:00] INFO: Running corrected email auto-processor...[0m
[0;32m[2026-03-03 12:40:00] INFO: Cron ID: 54a989a6-a3fc-4ee8-9cfe-bea1d012660e[0m
=========================================
CORRECTED EMAIL AUTO-PROCESSOR
Cron ID: 54a989a6-a3fc-4ee8-9cfe-bea1d012660e
Time: Tuesday, March 03, 2026 — 12:40 PM (WAT)
=========================================
[2026-03-03 12:40:00] Starting corrected email auto-processor
[2026-03-03 12:40:00] Cron ID: 54a989a6-a3fc-4ee8-9cfe-bea1d012660e
[2026-03-03 12:40:00] Current time: Tuesday, March 03, 2026 — 12:40 PM (WAT)
=========================================
CORRECTED EMAIL AUTO-PROCESSOR
Cron ID: 54a989a6-a3fc-4ee8-9cfe-bea1d012660e
Time: Tuesday, March 03, 2026 — 12:40 PM (WAT)
=========================================

[2026-03-03 12:40:00] Error: himalaya not available
Please install himalaya: brew install himalaya
[0;31m[2026-03-03 12:40:00] ERROR: Corrected email processor failed[0m
[0;31m[2026-03-03 12:40:00] ERROR: === Corrected Email Processing Failed ===[0m
[0;32m[2026-03-03 13:00:01] INFO: === Starting Corrected Email Processor Wrapper ===[0m
[0;32m[2026-03-03 13:00:01] INFO: Running corrected email auto-processor...[0m
[0;32m[2026-03-03 13:00:01] INFO: Cron ID: 54a989a6-a3fc-4ee8-9cfe-bea1d012660e[0m
=========================================
CORRECTED EMAIL AUTO-PROCESSOR
Cron ID: 54a989a6-a3fc-4ee8-9cfe-bea1d012660e
Time: Tuesday, March 03, 2026 — 01:00 PM (WAT)
=========================================
[2026-03-03 13:00:01] Starting corrected email auto-processor
[2026-03-03 13:00:01] Cron ID: 54a989a6-a3fc-4ee8-9cfe-bea1d012660e
[2026-03-03 13:00:01] Current time: Tuesday, March 03, 2026 — 01:00 PM (WAT)
=========================================
CORRECTED EMAIL AUTO-PROCESSOR
Cron ID: 54a989a6-a3fc-4ee8-9cfe-bea1d012660e
Time: Tuesday, March 03, 2026 — 01:00 PM (WAT)
=========================================

[2026-03-03 13:00:01] Error: himalaya not available
Please install himalaya: brew install himalaya
[0;31m[2026-03-03 13:00:01] ERROR: Corrected email processor failed[0m
[0;31m[2026-03-03 13:00:01] ERROR: === Corrected Email Processing Failed ===[0m
[0;32m[2026-03-03 13:20:00] INFO: === Starting Corrected Email Processor Wrapper ===[0m
[0;32m[2026-03-03 13:20:00] INFO: Running corrected email auto-processor...[0m
[0;32m[2026-03-03 13:20:00] INFO: Cron ID: 54a989a6-a3fc-4ee8-9cfe-bea1d012660e[0m
=========================================
CORRECTED EMAIL AUTO-PROCESSOR
Cron ID: 54a989a6-a3fc-4ee8-9cfe-bea1d012660e
Time: Tuesday, March 03, 2026 — 01:20 PM (WAT)
=========================================
[2026-03-03 13:20:00] Starting corrected email auto-processor
[2026-03-03 13:20:00] Cron ID: 54a989a6-a3fc-4ee8-9cfe-bea1d012660e
[2026-03-03 13:20:00] Current time: Tuesday, March 03, 2026 — 01:20 PM (WAT)
=========================================
CORRECTED EMAIL AUTO-PROCESSOR
Cron ID: 54a989a6-a3fc-4ee8-9cfe-bea1d012660e
Time: Tuesday, March 03, 2026 — 01:20 PM (WAT)
=========================================

[2026-03-03 13:20:00] Error: himalaya not available
Please install himalaya: brew install himalaya
[0;31m[2026-03-03 13:20:00] ERROR: Corrected email processor failed[0m
[0;31m[2026-03-03 13:20:00] ERROR: === Corrected Email Processing Failed ===[0m
[0;32m[2026-03-03 13:40:00] INFO: === Starting Corrected Email Processor Wrapper ===[0m
[0;32m[2026-03-03 13:40:00] INFO: Running corrected email auto-processor...[0m
[0;32m[2026-03-03 13:40:00] INFO: Cron ID: 54a989a6-a3fc-4ee8-9cfe-bea1d012660e[0m
=========================================
CORRECTED EMAIL AUTO-PROCESSOR
Cron ID: 54a989a6-a3fc-4ee8-9cfe-bea1d012660e
Time: Tuesday, March 03, 2026 — 01:40 PM (WAT)
=========================================
[2026-03-03 13:40:00] Starting corrected email auto-processor
[2026-03-03 13:40:00] Cron ID: 54a989a6-a3fc-4ee8-9cfe-bea1d012660e
[2026-03-03 13:40:00] Current time: Tuesday, March 03, 2026 — 01:40 PM (WAT)
=========================================
CORRECTED EMAIL AUTO-PROCESSOR
Cron ID: 54a989a6-a3fc-4ee8-9cfe-bea1d012660e
Time: Tuesday, March 03, 2026 — 01:40 PM (WAT)
=========================================

[2026-03-03 13:40:00] Error: himalaya not available
Please install himalaya: brew install himalaya
[0;31m[2026-03-03 13:40:00] ERROR: Corrected email processor failed[0m
[0;31m[2026-03-03 13:40:00] ERROR: === Corrected Email Processing Failed ===[0m
[0;32m[2026-03-03 14:00:00] INFO: === Starting Corrected Email Processor Wrapper ===[0m
[0;32m[2026-03-03 14:00:00] INFO: Running corrected email auto-processor...[0m
[0;32m[2026-03-03 14:00:00] INFO: Cron ID: 54a989a6-a3fc-4ee8-9cfe-bea1d012660e[0m
=========================================
CORRECTED EMAIL AUTO-PROCESSOR
Cron ID: 54a989a6-a3fc-4ee8-9cfe-bea1d012660e
Time: Tuesday, March 03, 2026 — 02:00 PM (WAT)
=========================================
[2026-03-03 14:00:00] Starting corrected email auto-processor
[2026-03-03 14:00:00] Cron ID: 54a989a6-a3fc-4ee8-9cfe-bea1d012660e
[2026-03-03 14:00:00] Current time: Tuesday, March 03, 2026 — 02:00 PM (WAT)
=========================================
CORRECTED EMAIL AUTO-PROCESSOR
Cron ID: 54a989a6-a3fc-4ee8-9cfe-bea1d012660e
Time: Tuesday, March 03, 2026 — 02:00 PM (WAT)
=========================================

[2026-03-03 14:00:00] Error: himalaya not available
Please install himalaya: brew install himalaya
[0;31m[2026-03-03 14:00:00] ERROR: Corrected email processor failed[0m
[0;31m[2026-03-03 14:00:00] ERROR: === Corrected Email Processing Failed ===[0m
[0;32m[2026-03-03 14:20:00] INFO: === Starting Corrected Email Processor Wrapper ===[0m
[0;32m[2026-03-03 14:20:00] INFO: Running corrected email auto-processor...[0m
[0;32m[2026-03-03 14:20:00] INFO: Cron ID: 54a989a6-a3fc-4ee8-9cfe-bea1d012660e[0m
=========================================
CORRECTED EMAIL AUTO-PROCESSOR
Cron ID: 54a989a6-a3fc-4ee8-9cfe-bea1d012660e
Time: Tuesday, March 03, 2026 — 02:20 PM (WAT)
=========================================
[2026-03-03 14:20:00] Starting corrected email auto-processor
[2026-03-03 14:20:00] Cron ID: 54a989a6-a3fc-4ee8-9cfe-bea1d012660e
[2026-03-03 14:20:00] Current time: Tuesday, March 03, 2026 — 02:20 PM (WAT)
=========================================
CORRECTED EMAIL AUTO-PROCESSOR
Cron ID: 54a989a6-a3fc-4ee8-9cfe-bea1d012660e
Time: Tuesday, March 03, 2026 — 02:20 PM (WAT)
=========================================

[2026-03-03 14:20:00] Error: himalaya not available
Please install himalaya: brew install himalaya
[0;31m[2026-03-03 14:20:00] ERROR: Corrected email processor failed[0m
[0;31m[2026-03-03 14:20:00] ERROR: === Corrected Email Processing Failed ===[0m
[0;32m[2026-03-03 14:40:00] INFO: === Starting Corrected Email Processor Wrapper ===[0m
[0;32m[2026-03-03 14:40:00] INFO: Running corrected email auto-processor...[0m
[0;32m[2026-03-03 14:40:00] INFO: Cron ID: 54a989a6-a3fc-4ee8-9cfe-bea1d012660e[0m
=========================================
CORRECTED EMAIL AUTO-PROCESSOR
Cron ID: 54a989a6-a3fc-4ee8-9cfe-bea1d012660e
Time: Tuesday, March 03, 2026 — 02:40 PM (WAT)
=========================================
[2026-03-03 14:40:00] Starting corrected email auto-processor
[2026-03-03 14:40:00] Cron ID: 54a989a6-a3fc-4ee8-9cfe-bea1d012660e
[2026-03-03 14:40:00] Current time: Tuesday, March 03, 2026 — 02:40 PM (WAT)
=========================================
CORRECTED EMAIL AUTO-PROCESSOR
Cron ID: 54a989a6-a3fc-4ee8-9cfe-bea1d012660e
Time: Tuesday, March 03, 2026 — 02:40 PM (WAT)
=========================================

[2026-03-03 14:40:00] Error: himalaya not available
Please install himalaya: brew install himalaya
[0;31m[2026-03-03 14:40:00] ERROR: Corrected email processor failed[0m
[0;31m[2026-03-03 14:40:00] ERROR: === Corrected Email Processing Failed ===[0m
[0;32m[2026-03-03 15:00:00] INFO: === Starting Corrected Email Processor Wrapper ===[0m
[0;32m[2026-03-03 15:00:00] INFO: Running corrected email auto-processor...[0m
[0;32m[2026-03-03 15:00:00] INFO: Cron ID: 54a989a6-a3fc-4ee8-9cfe-bea1d012660e[0m
=========================================
CORRECTED EMAIL AUTO-PROCESSOR
Cron ID: 54a989a6-a3fc-4ee8-9cfe-bea1d012660e
Time: Tuesday, March 03, 2026 — 03:00 PM (WAT)
=========================================
[2026-03-03 15:00:00] Starting corrected email auto-processor
[2026-03-03 15:00:00] Cron ID: 54a989a6-a3fc-4ee8-9cfe-bea1d012660e
[2026-03-03 15:00:00] Current time: Tuesday, March 03, 2026 — 03:00 PM (WAT)
=========================================
CORRECTED EMAIL AUTO-PROCESSOR
Cron ID: 54a989a6-a3fc-4ee8-9cfe-bea1d012660e
Time: Tuesday, March 03, 2026 — 03:00 PM (WAT)
=========================================

[2026-03-03 15:00:00] Error: himalaya not available
Please install himalaya: brew install himalaya
[0;31m[2026-03-03 15:00:00] ERROR: Corrected email processor failed[0m
[0;31m[2026-03-03 15:00:00] ERROR: === Corrected Email Processing Failed ===[0m
[0;32m[2026-03-03 15:20:00] INFO: === Starting Corrected Email Processor Wrapper ===[0m
[0;32m[2026-03-03 15:20:00] INFO: Running corrected email auto-processor...[0m
[0;32m[2026-03-03 15:20:00] INFO: Cron ID: 54a989a6-a3fc-4ee8-9cfe-bea1d012660e[0m
=========================================
CORRECTED EMAIL AUTO-PROCESSOR
Cron ID: 54a989a6-a3fc-4ee8-9cfe-bea1d012660e
Time: Tuesday, March 03, 2026 — 03:20 PM (WAT)
=========================================
[2026-03-03 15:20:00] Starting corrected email auto-processor
[2026-03-03 15:20:00] Cron ID: 54a989a6-a3fc-4ee8-9cfe-bea1d012660e
[2026-03-03 15:20:00] Current time: Tuesday, March 03, 2026 — 03:20 PM (WAT)
=========================================
CORRECTED EMAIL AUTO-PROCESSOR
Cron ID: 54a989a6-a3fc-4ee8-9cfe-bea1d012660e
Time: Tuesday, March 03, 2026 — 03:20 PM (WAT)
=========================================

[2026-03-03 15:20:00] Error: himalaya not available
Please install himalaya: brew install himalaya
[0;31m[2026-03-03 15:20:00] ERROR: Corrected email processor failed[0m
[0;31m[2026-03-03 15:20:00] ERROR: === Corrected Email Processing Failed ===[0m
[0;32m[2026-03-03 15:40:00] INFO: === Starting Corrected Email Processor Wrapper ===[0m
[0;32m[2026-03-03 15:40:00] INFO: Running corrected email auto-processor...[0m
[0;32m[2026-03-03 15:40:00] INFO: Cron ID: 54a989a6-a3fc-4ee8-9cfe-bea1d012660e[0m
=========================================
CORRECTED EMAIL AUTO-PROCESSOR
Cron ID: 54a989a6-a3fc-4ee8-9cfe-bea1d012660e
Time: Tuesday, March 03, 2026 — 03:40 PM (WAT)
=========================================
[2026-03-03 15:40:00] Starting corrected email auto-processor
[2026-03-03 15:40:00] Cron ID: 54a989a6-a3fc-4ee8-9cfe-bea1d012660e
[2026-03-03 15:40:00] Current time: Tuesday, March 03, 2026 — 03:40 PM (WAT)
=========================================
CORRECTED EMAIL AUTO-PROCESSOR
Cron ID: 54a989a6-a3fc-4ee8-9cfe-bea1d012660e
Time: Tuesday, March 03, 2026 — 03:40 PM (WAT)
=========================================

[2026-03-03 15:40:00] Error: himalaya not available
Please install himalaya: brew install himalaya
[0;31m[2026-03-03 15:40:00] ERROR: Corrected email processor failed[0m
[0;31m[2026-03-03 15:40:00] ERROR: === Corrected Email Processing Failed ===[0m
[0;32m[2026-03-03 16:00:00] INFO: === Starting Corrected Email Processor Wrapper ===[0m
[0;32m[2026-03-03 16:00:00] INFO: Running corrected email auto-processor...[0m
[0;32m[2026-03-03 16:00:00] INFO: Cron ID: 54a989a6-a3fc-4ee8-9cfe-bea1d012660e[0m
=========================================
CORRECTED EMAIL AUTO-PROCESSOR
Cron ID: 54a989a6-a3fc-4ee8-9cfe-bea1d012660e
Time: Tuesday, March 03, 2026 — 04:00 PM (WAT)
=========================================
[2026-03-03 16:00:00] Starting corrected email auto-processor
[2026-03-03 16:00:00] Cron ID: 54a989a6-a3fc-4ee8-9cfe-bea1d012660e
[2026-03-03 16:00:00] Current time: Tuesday, March 03, 2026 — 04:00 PM (WAT)
=========================================
CORRECTED EMAIL AUTO-PROCESSOR
Cron ID: 54a989a6-a3fc-4ee8-9cfe-bea1d012660e
Time: Tuesday, March 03, 2026 — 04:00 PM (WAT)
=========================================

[2026-03-03 16:00:00] Error: himalaya not available
Please install himalaya: brew install himalaya
[0;31m[2026-03-03 16:00:00] ERROR: Corrected email processor failed[0m
[0;31m[2026-03-03 16:00:00] ERROR: === Corrected Email Processing Failed ===[0m
[0;32m[2026-03-03 16:20:00] INFO: === Starting Corrected Email Processor Wrapper ===[0m
[0;32m[2026-03-03 16:20:00] INFO: Running corrected email auto-processor...[0m
[0;32m[2026-03-03 16:20:00] INFO: Cron ID: 54a989a6-a3fc-4ee8-9cfe-bea1d012660e[0m
=========================================
CORRECTED EMAIL AUTO-PROCESSOR
Cron ID: 54a989a6-a3fc-4ee8-9cfe-bea1d012660e
Time: Tuesday, March 03, 2026 — 04:20 PM (WAT)
=========================================
[2026-03-03 16:20:00] Starting corrected email auto-processor
[2026-03-03 16:20:00] Cron ID: 54a989a6-a3fc-4ee8-9cfe-bea1d012660e
[2026-03-03 16:20:00] Current time: Tuesday, March 03, 2026 — 04:20 PM (WAT)
=========================================
CORRECTED EMAIL AUTO-PROCESSOR
Cron ID: 54a989a6-a3fc-4ee8-9cfe-bea1d012660e
Time: Tuesday, March 03, 2026 — 04:20 PM (WAT)
=========================================

[2026-03-03 16:20:00] Error: himalaya not available
Please install himalaya: brew install himalaya
[0;31m[2026-03-03 16:20:00] ERROR: Corrected email processor failed[0m
[0;31m[2026-03-03 16:20:00] ERROR: === Corrected Email Processing Failed ===[0m
[0;32m[2026-03-03 16:40:00] INFO: === Starting Corrected Email Processor Wrapper ===[0m
[0;32m[2026-03-03 16:40:00] INFO: Running corrected email auto-processor...[0m
[0;32m[2026-03-03 16:40:00] INFO: Cron ID: 54a989a6-a3fc-4ee8-9cfe-bea1d012660e[0m
=========================================
CORRECTED EMAIL AUTO-PROCESSOR
Cron ID: 54a989a6-a3fc-4ee8-9cfe-bea1d012660e
Time: Tuesday, March 03, 2026 — 04:40 PM (WAT)
=========================================
[2026-03-03 16:40:00] Starting corrected email auto-processor
[2026-03-03 16:40:00] Cron ID: 54a989a6-a3fc-4ee8-9cfe-bea1d012660e
[2026-03-03 16:40:00] Current time: Tuesday, March 03, 2026 — 04:40 PM (WAT)
=========================================
CORRECTED EMAIL AUTO-PROCESSOR
Cron ID: 54a989a6-a3fc-4ee8-9cfe-bea1d012660e
Time: Tuesday, March 03, 2026 — 04:40 PM (WAT)
=========================================

[2026-03-03 16:40:00] Error: himalaya not available
Please install himalaya: brew install himalaya
[0;31m[2026-03-03 16:40:00] ERROR: Corrected email processor failed[0m
[0;31m[2026-03-03 16:40:00] ERROR: === Corrected Email Processing Failed ===[0m
[0;32m[2026-03-03 17:00:00] INFO: === Starting Corrected Email Processor Wrapper ===[0m
[0;32m[2026-03-03 17:00:00] INFO: Running corrected email auto-processor...[0m
[0;32m[2026-03-03 17:00:00] INFO: Cron ID: 54a989a6-a3fc-4ee8-9cfe-bea1d012660e[0m
=========================================
CORRECTED EMAIL AUTO-PROCESSOR
Cron ID: 54a989a6-a3fc-4ee8-9cfe-bea1d012660e
Time: Tuesday, March 03, 2026 — 05:00 PM (WAT)
=========================================
[2026-03-03 17:00:00] Starting corrected email auto-processor
[2026-03-03 17:00:00] Cron ID: 54a989a6-a3fc-4ee8-9cfe-bea1d012660e
[2026-03-03 17:00:00] Current time: Tuesday, March 03, 2026 — 05:00 PM (WAT)
=========================================
CORRECTED EMAIL AUTO-PROCESSOR
Cron ID: 54a989a6-a3fc-4ee8-9cfe-bea1d012660e
Time: Tuesday, March 03, 2026 — 05:00 PM (WAT)
=========================================

[2026-03-03 17:00:00] Error: himalaya not available
Please install himalaya: brew install himalaya
[0;31m[2026-03-03 17:00:00] ERROR: Corrected email processor failed[0m
[0;31m[2026-03-03 17:00:00] ERROR: === Corrected Email Processing Failed ===[0m
[0;32m[2026-03-03 17:20:00] INFO: === Starting Corrected Email Processor Wrapper ===[0m
[0;32m[2026-03-03 17:20:00] INFO: Running corrected email auto-processor...[0m
[0;32m[2026-03-03 17:20:00] INFO: Cron ID: 54a989a6-a3fc-4ee8-9cfe-bea1d012660e[0m
=========================================
CORRECTED EMAIL AUTO-PROCESSOR
Cron ID: 54a989a6-a3fc-4ee8-9cfe-bea1d012660e
Time: Tuesday, March 03, 2026 — 05:20 PM (WAT)
=========================================
[2026-03-03 17:20:01] Starting corrected email auto-processor
[2026-03-03 17:20:01] Cron ID: 54a989a6-a3fc-4ee8-9cfe-bea1d012660e
[2026-03-03 17:20:01] Current time: Tuesday, March 03, 2026 — 05:20 PM (WAT)
=========================================
CORRECTED EMAIL AUTO-PROCESSOR
Cron ID: 54a989a6-a3fc-4ee8-9cfe-bea1d012660e
Time: Tuesday, March 03, 2026 — 05:20 PM (WAT)
=========================================

[2026-03-03 17:20:01] Error: himalaya not available
Please install himalaya: brew install himalaya
[0;31m[2026-03-03 17:20:01] ERROR: Corrected email processor failed[0m
[0;31m[2026-03-03 17:20:01] ERROR: === Corrected Email Processing Failed ===[0m
[0;32m[2026-03-03 17:40:00] INFO: === Starting Corrected Email Processor Wrapper ===[0m
[0;32m[2026-03-03 17:40:00] INFO: Running corrected email auto-processor...[0m
[0;32m[2026-03-03 17:40:00] INFO: Cron ID: 54a989a6-a3fc-4ee8-9cfe-bea1d012660e[0m
=========================================
CORRECTED EMAIL AUTO-PROCESSOR
Cron ID: 54a989a6-a3fc-4ee8-9cfe-bea1d012660e
Time: Tuesday, March 03, 2026 — 05:40 PM (WAT)
=========================================
[2026-03-03 17:40:00] Starting corrected email auto-processor
[2026-03-03 17:40:00] Cron ID: 54a989a6-a3fc-4ee8-9cfe-bea1d012660e
[2026-03-03 17:40:00] Current time: Tuesday, March 03, 2026 — 05:40 PM (WAT)
=========================================
CORRECTED EMAIL AUTO-PROCESSOR
Cron ID: 54a989a6-a3fc-4ee8-9cfe-bea1d012660e
Time: Tuesday, March 03, 2026 — 05:40 PM (WAT)
=========================================

[2026-03-03 17:40:00] Error: himalaya not available
Please install himalaya: brew install himalaya
[0;31m[2026-03-03 17:40:00] ERROR: Corrected email processor failed[0m
[0;31m[2026-03-03 17:40:00] ERROR: === Corrected Email Processing Failed ===[0m
[0;32m[2026-03-03 18:00:00] INFO: === Starting Corrected Email Processor Wrapper ===[0m
[0;32m[2026-03-03 18:00:00] INFO: Running corrected email auto-processor...[0m
[0;32m[2026-03-03 18:00:00] INFO: Cron ID: 54a989a6-a3fc-4ee8-9cfe-bea1d012660e[0m
=========================================
CORRECTED EMAIL AUTO-PROCESSOR
Cron ID: 54a989a6-a3fc-4ee8-9cfe-bea1d012660e
Time: Tuesday, March 03, 2026 — 06:00 PM (WAT)
=========================================
[2026-03-03 18:00:00] Starting corrected email auto-processor
[2026-03-03 18:00:00] Cron ID: 54a989a6-a3fc-4ee8-9cfe-bea1d012660e
[2026-03-03 18:00:00] Current time: Tuesday, March 03, 2026 — 06:00 PM (WAT)
=========================================
CORRECTED EMAIL AUTO-PROCESSOR
Cron ID: 54a989a6-a3fc-4ee8-9cfe-bea1d012660e
Time: Tuesday, March 03, 2026 — 06:00 PM (WAT)
=========================================

[2026-03-03 18:00:00] Error: himalaya not available
Please install himalaya: brew install himalaya
[0;31m[2026-03-03 18:00:00] ERROR: Corrected email processor failed[0m
[0;31m[2026-03-03 18:00:00] ERROR: === Corrected Email Processing Failed ===[0m
[0;32m[2026-03-03 18:20:00] INFO: === Starting Corrected Email Processor Wrapper ===[0m
[0;32m[2026-03-03 18:20:00] INFO: Running corrected email auto-processor...[0m
[0;32m[2026-03-03 18:20:00] INFO: Cron ID: 54a989a6-a3fc-4ee8-9cfe-bea1d012660e[0m
=========================================
CORRECTED EMAIL AUTO-PROCESSOR
Cron ID: 54a989a6-a3fc-4ee8-9cfe-bea1d012660e
Time: Tuesday, March 03, 2026 — 06:20 PM (WAT)
=========================================
[2026-03-03 18:20:00] Starting corrected email auto-processor
[2026-03-03 18:20:00] Cron ID: 54a989a6-a3fc-4ee8-9cfe-bea1d012660e
[2026-03-03 18:20:00] Current time: Tuesday, March 03, 2026 — 06:20 PM (WAT)
=========================================
CORRECTED EMAIL AUTO-PROCESSOR
Cron ID: 54a989a6-a3fc-4ee8-9cfe-bea1d012660e
Time: Tuesday, March 03, 2026 — 06:20 PM (WAT)
=========================================

[2026-03-03 18:20:00] Error: himalaya not available
Please install himalaya: brew install himalaya
[0;31m[2026-03-03 18:20:00] ERROR: Corrected email processor failed[0m
[0;31m[2026-03-03 18:20:00] ERROR: === Corrected Email Processing Failed ===[0m
[0;32m[2026-03-03 18:40:00] INFO: === Starting Corrected Email Processor Wrapper ===[0m
[0;32m[2026-03-03 18:40:00] INFO: Running corrected email auto-processor...[0m
[0;32m[2026-03-03 18:40:00] INFO: Cron ID: 54a989a6-a3fc-4ee8-9cfe-bea1d012660e[0m
=========================================
CORRECTED EMAIL AUTO-PROCESSOR
Cron ID: 54a989a6-a3fc-4ee8-9cfe-bea1d012660e
Time: Tuesday, March 03, 2026 — 06:40 PM (WAT)
=========================================
[2026-03-03 18:40:00] Starting corrected email auto-processor
[2026-03-03 18:40:00] Cron ID: 54a989a6-a3fc-4ee8-9cfe-bea1d012660e
[2026-03-03 18:40:00] Current time: Tuesday, March 03, 2026 — 06:40 PM (WAT)
=========================================
CORRECTED EMAIL AUTO-PROCESSOR
Cron ID: 54a989a6-a3fc-4ee8-9cfe-bea1d012660e
Time: Tuesday, March 03, 2026 — 06:40 PM (WAT)
=========================================

[2026-03-03 18:40:00] Error: himalaya not available
Please install himalaya: brew install himalaya
[0;31m[2026-03-03 18:40:00] ERROR: Corrected email processor failed[0m
[0;31m[2026-03-03 18:40:01] ERROR: === Corrected Email Processing Failed ===[0m
[0;34m[INFO][0m Starting consolidated email processor at Wed Mar  4 13:00:00 WAT 2026
[0;34m[INFO][0m Policy guard OK (mode=iih)
[0;34m[INFO][0m Policy source: /Users/clawdia/.openclaw/workspace/EMAIL_OPERATIONS_MASTER.md
[0;34m[INFO][0m Skill source: /Users/clawdia/.openclaw/workspace/skills/email-ops/SKILL.md
[0;34m[INFO][0m Checking for IHS Towers emails...
[0;32m[SUCCESS][0m No IHS Towers emails found
[0;34m[INFO][0m Starting batch email processing
[0;34m[INFO][0m Processed 0/0 emails in batch
[0;34m[INFO][0m Summary report generated
[0;34m[INFO][0m Cleaned up old cache files
[0;32m[SUCCESS][0m Email processing completed successfully
[0;34m[INFO][0m Starting consolidated email processor at Wed Mar  4 13:20:00 WAT 2026
[0;34m[INFO][0m Policy guard OK (mode=iih)
[0;34m[INFO][0m Policy source: /Users/clawdia/.openclaw/workspace/EMAIL_OPERATIONS_MASTER.md
[0;34m[INFO][0m Skill source: /Users/clawdia/.openclaw/workspace/skills/email-ops/SKILL.md
[0;34m[INFO][0m Checking for IHS Towers emails...
[0;32m[SUCCESS][0m No IHS Towers emails found
[0;34m[INFO][0m Starting batch email processing
[0;34m[INFO][0m Processed 0/0 emails in batch
[0;34m[INFO][0m Summary report generated
[0;34m[INFO][0m Cleaned up old cache files
[0;32m[SUCCESS][0m Email processing completed successfully
[0;34m[INFO][0m Starting consolidated email processor at Wed Mar  4 13:40:00 WAT 2026
[0;34m[INFO][0m Policy guard OK (mode=iih)
[0;34m[INFO][0m Policy source: /Users/clawdia/.openclaw/workspace/EMAIL_OPERATIONS_MASTER.md
[0;34m[INFO][0m Skill source: /Users/clawdia/.openclaw/workspace/skills/email-ops/SKILL.md
[0;34m[INFO][0m Checking for IHS Towers emails...
[0;32m[SUCCESS][0m No IHS Towers emails found
[0;34m[INFO][0m Starting batch email processing
[0;34m[INFO][0m Processed 0/0 emails in batch
[0;34m[INFO][0m Summary report generated
[0;34m[INFO][0m Cleaned up old cache files
[0;32m[SUCCESS][0m Email processing completed successfully
[0;34m[INFO][0m Starting consolidated email processor at Wed Mar  4 14:00:00 WAT 2026
[0;34m[INFO][0m Policy guard OK (mode=iih)
[0;34m[INFO][0m Policy source: /Users/clawdia/.openclaw/workspace/EMAIL_OPERATIONS_MASTER.md
[0;34m[INFO][0m Skill source: /Users/clawdia/.openclaw/workspace/skills/email-ops/SKILL.md
[0;34m[INFO][0m Checking for IHS Towers emails...
[0;32m[SUCCESS][0m No IHS Towers emails found
[0;34m[INFO][0m Starting batch email processing
[0;34m[INFO][0m Processed 0/0 emails in batch
[0;34m[INFO][0m Summary report generated
[0;34m[INFO][0m Cleaned up old cache files
[0;32m[SUCCESS][0m Email processing completed successfully
[0;34m[INFO][0m Starting consolidated email processor at Wed Mar  4 14:20:00 WAT 2026
[0;34m[INFO][0m Policy guard OK (mode=iih)
[0;34m[INFO][0m Policy source: /Users/clawdia/.openclaw/workspace/EMAIL_OPERATIONS_MASTER.md
[0;34m[INFO][0m Skill source: /Users/clawdia/.openclaw/workspace/skills/email-ops/SKILL.md
[0;34m[INFO][0m Checking for IHS Towers emails...
[0;32m[SUCCESS][0m No IHS Towers emails found
[0;34m[INFO][0m Starting batch email processing
[0;34m[INFO][0m Processed 0/0 emails in batch
[0;34m[INFO][0m Summary report generated
[0;34m[INFO][0m Cleaned up old cache files
[0;32m[SUCCESS][0m Email processing completed successfully
[0;34m[INFO][0m Starting consolidated email processor at Wed Mar  4 14:40:00 WAT 2026
[0;34m[INFO][0m Policy guard OK (mode=iih)
[0;34m[INFO][0m Policy source: /Users/clawdia/.openclaw/workspace/EMAIL_OPERATIONS_MASTER.md
[0;34m[INFO][0m Skill source: /Users/clawdia/.openclaw/workspace/skills/email-ops/SKILL.md
[0;34m[INFO][0m Checking for IHS Towers emails...
[0;32m[SUCCESS][0m No IHS Towers emails found
[0;34m[INFO][0m Starting batch email processing
[0;34m[INFO][0m Processed 0/0 emails in batch
[0;34m[INFO][0m Summary report generated
[0;34m[INFO][0m Cleaned up old cache files
[0;32m[SUCCESS][0m Email processing completed successfully
[0;34m[INFO][0m Starting consolidated email processor at Wed Mar  4 15:00:01 WAT 2026
[0;34m[INFO][0m Policy guard OK (mode=iih)
[0;34m[INFO][0m Policy source: /Users/clawdia/.openclaw/workspace/EMAIL_OPERATIONS_MASTER.md
[0;34m[INFO][0m Skill source: /Users/clawdia/.openclaw/workspace/skills/email-ops/SKILL.md
[0;34m[INFO][0m Checking for IHS Towers emails...
[0;32m[SUCCESS][0m No IHS Towers emails found
[0;34m[INFO][0m Starting batch email processing
[0;34m[INFO][0m Processed 0/0 emails in batch
[0;34m[INFO][0m Summary report generated
[0;34m[INFO][0m Cleaned up old cache files
[0;32m[SUCCESS][0m Email processing completed successfully
[0;34m[INFO][0m Starting consolidated email processor at Wed Mar  4 15:20:00 WAT 2026
[0;34m[INFO][0m Policy guard OK (mode=iih)
[0;34m[INFO][0m Policy source: /Users/clawdia/.openclaw/workspace/EMAIL_OPERATIONS_MASTER.md
[0;34m[INFO][0m Skill source: /Users/clawdia/.openclaw/workspace/skills/email-ops/SKILL.md
[0;34m[INFO][0m Checking for IHS Towers emails...
[0;32m[SUCCESS][0m No IHS Towers emails found
[0;34m[INFO][0m Starting batch email processing
[0;34m[INFO][0m Processed 0/0 emails in batch
[0;34m[INFO][0m Summary report generated
[0;34m[INFO][0m Cleaned up old cache files
[0;32m[SUCCESS][0m Email processing completed successfully
[0;34m[INFO][0m Starting consolidated email processor at Wed Mar  4 15:40:01 WAT 2026
[0;34m[INFO][0m Policy guard OK (mode=iih)
[0;34m[INFO][0m Policy source: /Users/clawdia/.openclaw/workspace/EMAIL_OPERATIONS_MASTER.md
[0;34m[INFO][0m Skill source: /Users/clawdia/.openclaw/workspace/skills/email-ops/SKILL.md
[0;34m[INFO][0m Checking for IHS Towers emails...
[0;32m[SUCCESS][0m No IHS Towers emails found
[0;34m[INFO][0m Starting batch email processing
[0;34m[INFO][0m Processed 0/0 emails in batch
[0;34m[INFO][0m Summary report generated
[0;34m[INFO][0m Cleaned up old cache files
[0;32m[SUCCESS][0m Email processing completed successfully
[0;34m[INFO][0m Starting consolidated email processor at Wed Mar  4 16:00:00 WAT 2026
[0;34m[INFO][0m Policy guard OK (mode=iih)
[0;34m[INFO][0m Policy source: /Users/clawdia/.openclaw/workspace/EMAIL_OPERATIONS_MASTER.md
[0;34m[INFO][0m Skill source: /Users/clawdia/.openclaw/workspace/skills/email-ops/SKILL.md
[0;34m[INFO][0m Checking for IHS Towers emails...
[0;32m[SUCCESS][0m No IHS Towers emails found
[0;34m[INFO][0m Starting batch email processing
[0;34m[INFO][0m Processed 0/0 emails in batch
[0;34m[INFO][0m Summary report generated
[0;34m[INFO][0m Cleaned up old cache files
[0;32m[SUCCESS][0m Email processing completed successfully
[0;34m[INFO][0m Starting consolidated email processor at Wed Mar  4 16:20:00 WAT 2026
[0;34m[INFO][0m Policy guard OK (mode=iih)
[0;34m[INFO][0m Policy source: /Users/clawdia/.openclaw/workspace/EMAIL_OPERATIONS_MASTER.md
[0;34m[INFO][0m Skill source: /Users/clawdia/.openclaw/workspace/skills/email-ops/SKILL.md
[0;34m[INFO][0m Checking for IHS Towers emails...
[0;32m[SUCCESS][0m No IHS Towers emails found
[0;34m[INFO][0m Starting batch email processing
[0;34m[INFO][0m Processed 0/0 emails in batch
[0;34m[INFO][0m Summary report generated
[0;34m[INFO][0m Cleaned up old cache files
[0;32m[SUCCESS][0m Email processing completed successfully
[0;34m[INFO][0m Starting consolidated email processor at Wed Mar  4 16:40:00 WAT 2026
[0;34m[INFO][0m Policy guard OK (mode=iih)
[0;34m[INFO][0m Policy source: /Users/clawdia/.openclaw/workspace/EMAIL_OPERATIONS_MASTER.md
[0;34m[INFO][0m Skill source: /Users/clawdia/.openclaw/workspace/skills/email-ops/SKILL.md
[0;34m[INFO][0m Checking for IHS Towers emails...
[0;32m[SUCCESS][0m No IHS Towers emails found
[0;34m[INFO][0m Starting batch email processing
[0;34m[INFO][0m Processed 0/0 emails in batch
[0;34m[INFO][0m Summary report generated
[0;34m[INFO][0m Cleaned up old cache files
[0;32m[SUCCESS][0m Email processing completed successfully
[0;34m[INFO][0m Starting consolidated email processor at Wed Mar  4 17:00:00 WAT 2026
[0;34m[INFO][0m Policy guard OK (mode=iih)
[0;34m[INFO][0m Policy source: /Users/clawdia/.openclaw/workspace/EMAIL_OPERATIONS_MASTER.md
[0;34m[INFO][0m Skill source: /Users/clawdia/.openclaw/workspace/skills/email-ops/SKILL.md
[0;34m[INFO][0m Checking for IHS Towers emails...
[0;32m[SUCCESS][0m No IHS Towers emails found
[0;34m[INFO][0m Starting batch email processing
[0;34m[INFO][0m Processed 0/0 emails in batch
[0;34m[INFO][0m Summary report generated
[0;34m[INFO][0m Cleaned up old cache files
[0;32m[SUCCESS][0m Email processing completed successfully
[0;34m[INFO][0m Starting consolidated email processor at Wed Mar  4 17:20:00 WAT 2026
[0;34m[INFO][0m Policy guard OK (mode=iih)
[0;34m[INFO][0m Policy source: /Users/clawdia/.openclaw/workspace/EMAIL_OPERATIONS_MASTER.md
[0;34m[INFO][0m Skill source: /Users/clawdia/.openclaw/workspace/skills/email-ops/SKILL.md
[0;34m[INFO][0m Checking for IHS Towers emails...
[0;32m[SUCCESS][0m No IHS Towers emails found
[0;34m[INFO][0m Starting batch email processing
[0;34m[INFO][0m Processed 0/0 emails in batch
[0;34m[INFO][0m Summary report generated
[0;34m[INFO][0m Cleaned up old cache files
[0;32m[SUCCESS][0m Email processing completed successfully
[0;34m[INFO][0m Starting consolidated email processor at Wed Mar  4 17:40:00 WAT 2026
[0;34m[INFO][0m Policy guard OK (mode=iih)
[0;34m[INFO][0m Policy source: /Users/clawdia/.openclaw/workspace/EMAIL_OPERATIONS_MASTER.md
[0;34m[INFO][0m Skill source: /Users/clawdia/.openclaw/workspace/skills/email-ops/SKILL.md
[0;34m[INFO][0m Checking for IHS Towers emails...
[0;32m[SUCCESS][0m No IHS Towers emails found
[0;34m[INFO][0m Starting batch email processing
[0;34m[INFO][0m Processed 0/0 emails in batch
[0;34m[INFO][0m Summary report generated
[0;34m[INFO][0m Cleaned up old cache files
[0;32m[SUCCESS][0m Email processing completed successfully
[0;34m[INFO][0m Starting consolidated email processor at Wed Mar  4 18:00:00 WAT 2026
[0;34m[INFO][0m Policy guard OK (mode=iih)
[0;34m[INFO][0m Policy source: /Users/clawdia/.openclaw/workspace/EMAIL_OPERATIONS_MASTER.md
[0;34m[INFO][0m Skill source: /Users/clawdia/.openclaw/workspace/skills/email-ops/SKILL.md
[0;34m[INFO][0m Checking for IHS Towers emails...
[0;32m[SUCCESS][0m No IHS Towers emails found
[0;34m[INFO][0m Starting batch email processing
[0;34m[INFO][0m Processed 0/0 emails in batch
[0;34m[INFO][0m Summary report generated
[0;34m[INFO][0m Cleaned up old cache files
[0;32m[SUCCESS][0m Email processing completed successfully
[0;34m[INFO][0m Starting consolidated email processor at Wed Mar  4 18:20:00 WAT 2026
[0;34m[INFO][0m Policy guard OK (mode=iih)
[0;34m[INFO][0m Policy source: /Users/clawdia/.openclaw/workspace/EMAIL_OPERATIONS_MASTER.md
[0;34m[INFO][0m Skill source: /Users/clawdia/.openclaw/workspace/skills/email-ops/SKILL.md
[0;34m[INFO][0m Checking for IHS Towers emails...
[0;32m[SUCCESS][0m No IHS Towers emails found
[0;34m[INFO][0m Starting batch email processing
[0;34m[INFO][0m Processed 0/0 emails in batch
[0;34m[INFO][0m Summary report generated
[0;34m[INFO][0m Cleaned up old cache files
[0;32m[SUCCESS][0m Email processing completed successfully
[0;34m[INFO][0m Starting consolidated email processor at Wed Mar  4 18:40:00 WAT 2026
[0;34m[INFO][0m Policy guard OK (mode=iih)
[0;34m[INFO][0m Policy source: /Users/clawdia/.openclaw/workspace/EMAIL_OPERATIONS_MASTER.md
[0;34m[INFO][0m Skill source: /Users/clawdia/.openclaw/workspace/skills/email-ops/SKILL.md
[0;34m[INFO][0m Checking for IHS Towers emails...
[0;32m[SUCCESS][0m No IHS Towers emails found
[0;34m[INFO][0m Starting batch email processing
[0;34m[INFO][0m Processed 0/0 emails in batch
[0;34m[INFO][0m Summary report generated
[0;34m[INFO][0m Cleaned up old cache files
[0;32m[SUCCESS][0m Email processing completed successfully
[0;34m[INFO][0m Starting consolidated email processor at Thu Mar  5 13:00:00 WAT 2026
[0;34m[INFO][0m Policy guard OK (mode=iih)
[0;34m[INFO][0m Policy source: /Users/clawdia/.openclaw/workspace/EMAIL_OPERATIONS_MASTER.md
[0;34m[INFO][0m Skill source: /Users/clawdia/.openclaw/workspace/skills/email-ops/SKILL.md
[0;34m[INFO][0m Checking for IHS Towers emails...
[0;32m[SUCCESS][0m No IHS Towers emails found
[0;34m[INFO][0m Starting batch email processing
[0;34m[INFO][0m Processed 0/0 emails in batch
[0;34m[INFO][0m Summary report generated
[0;34m[INFO][0m Cleaned up old cache files
[0;32m[SUCCESS][0m Email processing completed successfully
[0;34m[INFO][0m Starting consolidated email processor at Thu Mar  5 14:00:00 WAT 2026
[0;34m[INFO][0m Policy guard OK (mode=iih)
[0;34m[INFO][0m Policy source: /Users/clawdia/.openclaw/workspace/EMAIL_OPERATIONS_MASTER.md
[0;34m[INFO][0m Skill source: /Users/clawdia/.openclaw/workspace/skills/email-ops/SKILL.md
[0;34m[INFO][0m Checking for IHS Towers emails...
[0;32m[SUCCESS][0m No IHS Towers emails found
[0;34m[INFO][0m Starting batch email processing
[0;34m[INFO][0m Processed 0/0 emails in batch
[0;34m[INFO][0m Summary report generated
[0;34m[INFO][0m Cleaned up old cache files
[0;32m[SUCCESS][0m Email processing completed successfully
[0;34m[INFO][0m Starting consolidated email processor at Thu Mar  5 15:00:00 WAT 2026
[0;34m[INFO][0m Policy guard OK (mode=iih)
[0;34m[INFO][0m Policy source: /Users/clawdia/.openclaw/workspace/EMAIL_OPERATIONS_MASTER.md
[0;34m[INFO][0m Skill source: /Users/clawdia/.openclaw/workspace/skills/email-ops/SKILL.md
[0;34m[INFO][0m Checking for IHS Towers emails...
[0;32m[SUCCESS][0m No IHS Towers emails found
[0;34m[INFO][0m Starting batch email processing
[0;34m[INFO][0m Processed 0/0 emails in batch
[0;34m[INFO][0m Summary report generated
[0;34m[INFO][0m Cleaned up old cache files
[0;32m[SUCCESS][0m Email processing completed successfully
[0;34m[INFO][0m Starting consolidated email processor at Thu Mar  5 15:10:00 WAT 2026
[0;34m[INFO][0m Policy guard OK (mode=iih)
[0;34m[INFO][0m Policy source: /Users/clawdia/.openclaw/workspace/EMAIL_OPERATIONS_MASTER.md
[0;34m[INFO][0m Skill source: /Users/clawdia/.openclaw/workspace/skills/email-ops/SKILL.md
[0;34m[INFO][0m Checking for IHS Towers emails...
[0;32m[SUCCESS][0m No IHS Towers emails found
[0;34m[INFO][0m Starting batch email processing
[0;34m[INFO][0m Processed 0/0 emails in batch
[0;34m[INFO][0m Summary report generated
[0;34m[INFO][0m Cleaned up old cache files
[0;32m[SUCCESS][0m Email processing completed successfully
[0;34m[INFO][0m Starting consolidated email processor at Thu Mar  5 16:00:00 WAT 2026
[0;34m[INFO][0m Policy guard OK (mode=iih)
[0;34m[INFO][0m Policy source: /Users/clawdia/.openclaw/workspace/EMAIL_OPERATIONS_MASTER.md
[0;34m[INFO][0m Skill source: /Users/clawdia/.openclaw/workspace/skills/email-ops/SKILL.md
[0;34m[INFO][0m Checking for IHS Towers emails...
[0;32m[SUCCESS][0m No IHS Towers emails found
[0;34m[INFO][0m Starting batch email processing
[0;34m[INFO][0m Processed 0/0 emails in batch
[0;34m[INFO][0m Summary report generated
[0;34m[INFO][0m Cleaned up old cache files
[0;32m[SUCCESS][0m Email processing completed successfully
[0;34m[INFO][0m Starting consolidated email processor at Thu Mar  5 17:00:01 WAT 2026
[0;34m[INFO][0m Policy guard OK (mode=iih)
[0;34m[INFO][0m Policy source: /Users/clawdia/.openclaw/workspace/EMAIL_OPERATIONS_MASTER.md
[0;34m[INFO][0m Skill source: /Users/clawdia/.openclaw/workspace/skills/email-ops/SKILL.md
[0;34m[INFO][0m Checking for IHS Towers emails...
[0;32m[SUCCESS][0m No IHS Towers emails found
[0;34m[INFO][0m Starting batch email processing
[0;34m[INFO][0m Processed 0/0 emails in batch
[0;34m[INFO][0m Summary report generated
[0;34m[INFO][0m Cleaned up old cache files
[0;32m[SUCCESS][0m Email processing completed successfully
[0;34m[INFO][0m Starting consolidated email processor at Thu Mar  5 17:03:59 WAT 2026
[0;34m[INFO][0m Policy guard OK (mode=iih)
[0;34m[INFO][0m Policy source: /Users/clawdia/.openclaw/workspace/EMAIL_OPERATIONS_MASTER.md
[0;34m[INFO][0m Skill source: /Users/clawdia/.openclaw/workspace/skills/email-ops/SKILL.md
[0;34m[INFO][0m Checking for IHS Towers emails...
[1;33m[WARN][0m Found 3 unread IHS Towers email(s) - immediate escalation required
[0;31m[ERROR][0m IHS Towers alert - stopping further processing
[0;34m[INFO][0m Starting consolidated email processor at Thu Mar  5 18:00:00 WAT 2026
[0;34m[INFO][0m Policy guard OK (mode=iih)
[0;34m[INFO][0m Policy source: /Users/clawdia/.openclaw/workspace/EMAIL_OPERATIONS_MASTER.md
[0;34m[INFO][0m Skill source: /Users/clawdia/.openclaw/workspace/skills/email-ops/SKILL.md
[0;34m[INFO][0m Checking for IHS Towers emails...
[0;32m[SUCCESS][0m No unread IHS Towers emails found
[0;34m[INFO][0m Starting batch email processing
[0;34m[INFO][0m Processed 0/0 emails in batch
[0;34m[INFO][0m Summary report generated
[0;34m[INFO][0m Cleaned up old cache files
[0;32m[SUCCESS][0m Email processing completed successfully
[0;34m[INFO][0m Starting consolidated email processor at Thu Mar  5 19:00:00 WAT 2026
[0;34m[INFO][0m Policy guard OK (mode=iih)
[0;34m[INFO][0m Policy source: /Users/clawdia/.openclaw/workspace/EMAIL_OPERATIONS_MASTER.md
[0;34m[INFO][0m Skill source: /Users/clawdia/.openclaw/workspace/skills/email-ops/SKILL.md
[0;34m[INFO][0m Checking for IHS Towers emails...
[0;32m[SUCCESS][0m No unread IHS Towers emails found
[0;34m[INFO][0m Starting batch email processing
[0;34m[INFO][0m Processed 0/0 emails in batch
[0;34m[INFO][0m Summary report generated
[0;34m[INFO][0m Cleaned up old cache files
[0;32m[SUCCESS][0m Email processing completed successfully
[0;34m[INFO][0m Starting consolidated email processor at Thu Mar  5 20:00:00 WAT 2026
[0;34m[INFO][0m Policy guard OK (mode=iih)
[0;34m[INFO][0m Policy source: /Users/clawdia/.openclaw/workspace/EMAIL_OPERATIONS_MASTER.md
[0;34m[INFO][0m Skill source: /Users/clawdia/.openclaw/workspace/skills/email-ops/SKILL.md
[0;34m[INFO][0m Checking for IHS Towers emails...
[0;32m[SUCCESS][0m No unread IHS Towers emails found
[0;34m[INFO][0m Starting batch email processing
[0;34m[INFO][0m Processed 0/0 emails in batch
[0;34m[INFO][0m Summary report generated
[0;34m[INFO][0m Cleaned up old cache files
[0;32m[SUCCESS][0m Email processing completed successfully
[0;34m[INFO][0m Starting consolidated email processor at Thu Mar  5 21:00:00 WAT 2026
[0;34m[INFO][0m Policy guard OK (mode=iih)
[0;34m[INFO][0m Policy source: /Users/clawdia/.openclaw/workspace/EMAIL_OPERATIONS_MASTER.md
[0;34m[INFO][0m Skill source: /Users/clawdia/.openclaw/workspace/skills/email-ops/SKILL.md
[0;34m[INFO][0m Checking for IHS Towers emails...
[0;32m[SUCCESS][0m No unread IHS Towers emails found
[0;34m[INFO][0m Starting batch email processing
[0;34m[INFO][0m Processed 0/0 emails in batch
[0;34m[INFO][0m Summary report generated
[0;34m[INFO][0m Cleaned up old cache files
[0;32m[SUCCESS][0m Email processing completed successfully
[0;34m[INFO][0m Starting consolidated email processor at Thu Mar  5 22:00:00 WAT 2026
[0;34m[INFO][0m Policy guard OK (mode=iih)
[0;34m[INFO][0m Policy source: /Users/clawdia/.openclaw/workspace/EMAIL_OPERATIONS_MASTER.md
[0;34m[INFO][0m Skill source: /Users/clawdia/.openclaw/workspace/skills/email-ops/SKILL.md
[0;34m[INFO][0m Checking for IHS Towers emails...
[0;32m[SUCCESS][0m No unread IHS Towers emails found
[0;34m[INFO][0m Starting batch email processing
[0;34m[INFO][0m Processed 0/0 emails in batch
[0;34m[INFO][0m Summary report generated
[0;34m[INFO][0m Cleaned up old cache files
[0;32m[SUCCESS][0m Email processing completed successfully
[0;34m[INFO][0m Starting consolidated email processor at Thu Mar  5 23:00:00 WAT 2026
[0;34m[INFO][0m Policy guard OK (mode=iih)
[0;34m[INFO][0m Policy source: /Users/clawdia/.openclaw/workspace/EMAIL_OPERATIONS_MASTER.md
[0;34m[INFO][0m Skill source: /Users/clawdia/.openclaw/workspace/skills/email-ops/SKILL.md
[0;34m[INFO][0m Quiet hours (23:00-08:00) - only checking IHS Towers emails
[0;34m[INFO][0m Checking for IHS Towers emails...
[0;32m[SUCCESS][0m No unread IHS Towers emails found
[0;34m[INFO][0m Quiet hours - skipping regular processing
[0;34m[INFO][0m Starting consolidated email processor at Fri Mar  6 00:00:01 WAT 2026
[0;34m[INFO][0m Policy guard OK (mode=iih)
[0;34m[INFO][0m Policy source: /Users/clawdia/.openclaw/workspace/EMAIL_OPERATIONS_MASTER.md
[0;34m[INFO][0m Skill source: /Users/clawdia/.openclaw/workspace/skills/email-ops/SKILL.md
[0;34m[INFO][0m Quiet hours (23:00-08:00) - only checking IHS Towers emails
[0;34m[INFO][0m Checking for IHS Towers emails...
[0;32m[SUCCESS][0m No unread IHS Towers emails found
[0;34m[INFO][0m Quiet hours - skipping regular processing
[0;34m[INFO][0m Starting consolidated email processor at Fri Mar  6 01:00:00 WAT 2026
[0;34m[INFO][0m Policy guard OK (mode=iih)
[0;34m[INFO][0m Policy source: /Users/clawdia/.openclaw/workspace/EMAIL_OPERATIONS_MASTER.md
[0;34m[INFO][0m Skill source: /Users/clawdia/.openclaw/workspace/skills/email-ops/SKILL.md
[0;34m[INFO][0m Quiet hours (23:00-08:00) - only checking IHS Towers emails
[0;34m[INFO][0m Checking for IHS Towers emails...
[0;32m[SUCCESS][0m No unread IHS Towers emails found
[0;34m[INFO][0m Quiet hours - skipping regular processing
[0;34m[INFO][0m Starting consolidated email processor at Fri Mar  6 10:00:00 WAT 2026
[0;34m[INFO][0m Policy guard OK (mode=iih)
[0;34m[INFO][0m Policy source: /Users/clawdia/.openclaw/workspace/EMAIL_OPERATIONS_MASTER.md
[0;34m[INFO][0m Skill source: /Users/clawdia/.openclaw/workspace/skills/email-ops/SKILL.md
[0;34m[INFO][0m Checking for IHS Towers emails...
[0;32m[SUCCESS][0m No unread IHS Towers emails found
[0;34m[INFO][0m Starting batch email processing
[0;34m[INFO][0m Processed 0/0 emails in batch
[0;34m[INFO][0m Summary report generated
[0;34m[INFO][0m Cleaned up old cache files
[0;32m[SUCCESS][0m Email processing completed successfully
[0;34m[INFO][0m Starting consolidated email processor at Fri Mar  6 11:00:00 WAT 2026
[0;34m[INFO][0m Policy guard OK (mode=iih)
[0;34m[INFO][0m Policy source: /Users/clawdia/.openclaw/workspace/EMAIL_OPERATIONS_MASTER.md
[0;34m[INFO][0m Skill source: /Users/clawdia/.openclaw/workspace/skills/email-ops/SKILL.md
[0;34m[INFO][0m Checking for IHS Towers emails...
[0;32m[SUCCESS][0m No unread IHS Towers emails found
[0;34m[INFO][0m Starting batch email processing
[0;34m[INFO][0m Processed 0/0 emails in batch
[0;34m[INFO][0m Summary report generated
[0;34m[INFO][0m Cleaned up old cache files
[0;32m[SUCCESS][0m Email processing completed successfully
[0;34m[INFO][0m Starting consolidated email processor at Fri Mar  6 12:00:00 WAT 2026
[0;34m[INFO][0m Policy guard OK (mode=iih)
[0;34m[INFO][0m Policy source: /Users/clawdia/.openclaw/workspace/EMAIL_OPERATIONS_MASTER.md
[0;34m[INFO][0m Skill source: /Users/clawdia/.openclaw/workspace/skills/email-ops/SKILL.md
[0;34m[INFO][0m Checking for IHS Towers emails...
[0;32m[SUCCESS][0m No unread IHS Towers emails found
[0;34m[INFO][0m Starting batch email processing
[0;34m[INFO][0m Processed 0/0 emails in batch
[0;34m[INFO][0m Summary report generated
[0;34m[INFO][0m Cleaned up old cache files
[0;32m[SUCCESS][0m Email processing completed successfully
[0;34m[INFO][0m Starting consolidated email processor at Fri Mar  6 13:00:00 WAT 2026
[0;34m[INFO][0m Policy guard OK (mode=iih)
[0;34m[INFO][0m Policy source: /Users/clawdia/.openclaw/workspace/EMAIL_OPERATIONS_MASTER.md
[0;34m[INFO][0m Skill source: /Users/clawdia/.openclaw/workspace/skills/email-ops/SKILL.md
[0;34m[INFO][0m Checking for IHS Towers emails...
[0;32m[SUCCESS][0m No unread IHS Towers emails found
[0;34m[INFO][0m Starting batch email processing
[0;34m[INFO][0m Processed 0/0 emails in batch
[0;34m[INFO][0m Summary report generated
[0;34m[INFO][0m Cleaned up old cache files
[0;32m[SUCCESS][0m Email processing completed successfully
[0;34m[INFO][0m Starting consolidated email processor at Fri Mar  6 14:00:00 WAT 2026
[0;34m[INFO][0m Policy guard OK (mode=iih)
[0;34m[INFO][0m Policy source: /Users/clawdia/.openclaw/workspace/EMAIL_OPERATIONS_MASTER.md
[0;34m[INFO][0m Skill source: /Users/clawdia/.openclaw/workspace/skills/email-ops/SKILL.md
[0;34m[INFO][0m Checking for IHS Towers emails...
[0;32m[SUCCESS][0m No unread IHS Towers emails found
[0;34m[INFO][0m Starting batch email processing
[0;34m[INFO][0m Processed 0/0 emails in batch
[0;34m[INFO][0m Summary report generated
[0;34m[INFO][0m Cleaned up old cache files
[0;32m[SUCCESS][0m Email processing completed successfully
[0;34m[INFO][0m Starting consolidated email processor at Fri Mar  6 15:00:01 WAT 2026
[0;34m[INFO][0m Policy guard OK (mode=iih)
[0;34m[INFO][0m Policy source: /Users/clawdia/.openclaw/workspace/EMAIL_OPERATIONS_MASTER.md
[0;34m[INFO][0m Skill source: /Users/clawdia/.openclaw/workspace/skills/email-ops/SKILL.md
[0;34m[INFO][0m Checking for IHS Towers emails...
[0;32m[SUCCESS][0m No unread IHS Towers emails found
[0;34m[INFO][0m Starting batch email processing
[0;34m[INFO][0m Processed 0/0 emails in batch
[0;34m[INFO][0m Summary report generated
[0;34m[INFO][0m Cleaned up old cache files
[0;32m[SUCCESS][0m Email processing completed successfully
[0;34m[INFO][0m Starting consolidated email processor at Fri Mar  6 16:00:00 WAT 2026
[0;34m[INFO][0m Policy guard OK (mode=iih)
[0;34m[INFO][0m Policy source: /Users/clawdia/.openclaw/workspace/EMAIL_OPERATIONS_MASTER.md
[0;34m[INFO][0m Skill source: /Users/clawdia/.openclaw/workspace/skills/email-ops/SKILL.md
[0;34m[INFO][0m Checking for IHS Towers emails...
[0;32m[SUCCESS][0m No unread IHS Towers emails found
[0;34m[INFO][0m Starting batch email processing
[0;34m[INFO][0m Processed 0/0 emails in batch
[0;34m[INFO][0m Summary report generated
[0;34m[INFO][0m Cleaned up old cache files
[0;32m[SUCCESS][0m Email processing completed successfully
[0;34m[INFO][0m Starting consolidated email processor at Fri Mar  6 17:00:00 WAT 2026
[0;34m[INFO][0m Policy guard OK (mode=iih)
[0;34m[INFO][0m Policy source: /Users/clawdia/.openclaw/workspace/EMAIL_OPERATIONS_MASTER.md
[0;34m[INFO][0m Skill source: /Users/clawdia/.openclaw/workspace/skills/email-ops/SKILL.md
[0;34m[INFO][0m Checking for IHS Towers emails...
[0;32m[SUCCESS][0m No unread IHS Towers emails found
[0;34m[INFO][0m Starting batch email processing
[0;34m[INFO][0m Processed 0/0 emails in batch
[0;34m[INFO][0m Summary report generated
[0;34m[INFO][0m Cleaned up old cache files
[0;32m[SUCCESS][0m Email processing completed successfully
[0;34m[INFO][0m Starting consolidated email processor at Fri Mar  6 18:00:00 WAT 2026
[0;34m[INFO][0m Policy guard OK (mode=iih)
[0;34m[INFO][0m Policy source: /Users/clawdia/.openclaw/workspace/EMAIL_OPERATIONS_MASTER.md
[0;34m[INFO][0m Skill source: /Users/clawdia/.openclaw/workspace/skills/email-ops/SKILL.md
[0;34m[INFO][0m Checking for IHS Towers emails...
[0;32m[SUCCESS][0m No unread IHS Towers emails found
[0;34m[INFO][0m Starting batch email processing
[0;34m[INFO][0m Processed 0/0 emails in batch
[0;34m[INFO][0m Summary report generated
[0;34m[INFO][0m Cleaned up old cache files
[0;32m[SUCCESS][0m Email processing completed successfully
[0;34m[INFO][0m Starting consolidated email processor at Fri Mar  6 19:00:00 WAT 2026
[0;34m[INFO][0m Policy guard OK (mode=iih)
[0;34m[INFO][0m Policy source: /Users/clawdia/.openclaw/workspace/EMAIL_OPERATIONS_MASTER.md
[0;34m[INFO][0m Skill source: /Users/clawdia/.openclaw/workspace/skills/email-ops/SKILL.md
[0;34m[INFO][0m Checking for IHS Towers emails...
[0;32m[SUCCESS][0m No unread IHS Towers emails found
[0;34m[INFO][0m Starting batch email processing
[0;34m[INFO][0m Processed 0/0 emails in batch
[0;34m[INFO][0m Summary report generated
[0;34m[INFO][0m Cleaned up old cache files
[0;32m[SUCCESS][0m Email processing completed successfully
[0;34m[INFO][0m Starting consolidated email processor at Fri Mar  6 20:00:00 WAT 2026
[0;34m[INFO][0m Policy guard OK (mode=iih)
[0;34m[INFO][0m Policy source: /Users/clawdia/.openclaw/workspace/EMAIL_OPERATIONS_MASTER.md
[0;34m[INFO][0m Skill source: /Users/clawdia/.openclaw/workspace/skills/email-ops/SKILL.md
[0;34m[INFO][0m Checking for IHS Towers emails...
[0;32m[SUCCESS][0m No unread IHS Towers emails found
[0;34m[INFO][0m Starting batch email processing
[0;34m[INFO][0m Processed 0/0 emails in batch
[0;34m[INFO][0m Summary report generated
[0;34m[INFO][0m Cleaned up old cache files
[0;32m[SUCCESS][0m Email processing completed successfully
[0;34m[INFO][0m Starting consolidated email processor at Fri Mar  6 21:00:00 WAT 2026
[0;34m[INFO][0m Policy guard OK (mode=iih)
[0;34m[INFO][0m Policy source: /Users/clawdia/.openclaw/workspace/EMAIL_OPERATIONS_MASTER.md
[0;34m[INFO][0m Skill source: /Users/clawdia/.openclaw/workspace/skills/email-ops/SKILL.md
[0;34m[INFO][0m Checking for IHS Towers emails...
[0;32m[SUCCESS][0m No unread IHS Towers emails found
[0;34m[INFO][0m Starting batch email processing
[0;34m[INFO][0m Processed 0/0 emails in batch
[0;34m[INFO][0m Summary report generated
[0;34m[INFO][0m Cleaned up old cache files
[0;32m[SUCCESS][0m Email processing completed successfully
[0;34m[INFO][0m Starting consolidated email processor at Fri Mar  6 22:00:00 WAT 2026
[0;34m[INFO][0m Policy guard OK (mode=iih)
[0;34m[INFO][0m Policy source: /Users/clawdia/.openclaw/workspace/EMAIL_OPERATIONS_MASTER.md
[0;34m[INFO][0m Skill source: /Users/clawdia/.openclaw/workspace/skills/email-ops/SKILL.md
[0;34m[INFO][0m Checking for IHS Towers emails...
[0;32m[SUCCESS][0m No unread IHS Towers emails found
[0;34m[INFO][0m Starting batch email processing
[0;34m[INFO][0m Processed 0/0 emails in batch
[0;34m[INFO][0m Summary report generated
[0;34m[INFO][0m Cleaned up old cache files
[0;32m[SUCCESS][0m Email processing completed successfully
[0;34m[INFO][0m Starting consolidated email processor at Fri Mar  6 23:00:00 WAT 2026
[0;34m[INFO][0m Policy guard OK (mode=iih)
[0;34m[INFO][0m Policy source: /Users/clawdia/.openclaw/workspace/EMAIL_OPERATIONS_MASTER.md
[0;34m[INFO][0m Skill source: /Users/clawdia/.openclaw/workspace/skills/email-ops/SKILL.md
[0;34m[INFO][0m Quiet hours (23:00-08:00) - only checking IHS Towers emails
[0;34m[INFO][0m Checking for IHS Towers emails...
[0;32m[SUCCESS][0m No unread IHS Towers emails found
[0;34m[INFO][0m Quiet hours - skipping regular processing
[0;34m[INFO][0m Starting consolidated email processor at Sat Mar  7 00:00:00 WAT 2026
[0;34m[INFO][0m Policy guard OK (mode=iih)
[0;34m[INFO][0m Policy source: /Users/clawdia/.openclaw/workspace/EMAIL_OPERATIONS_MASTER.md
[0;34m[INFO][0m Skill source: /Users/clawdia/.openclaw/workspace/skills/email-ops/SKILL.md
[0;34m[INFO][0m Quiet hours (23:00-08:00) - only checking IHS Towers emails
[0;34m[INFO][0m Checking for IHS Towers emails...
[0;32m[SUCCESS][0m No unread IHS Towers emails found
[0;34m[INFO][0m Quiet hours - skipping regular processing
[0;34m[INFO][0m Starting consolidated email processor at Sat Mar  7 01:00:00 WAT 2026
[0;34m[INFO][0m Policy guard OK (mode=iih)
[0;34m[INFO][0m Policy source: /Users/clawdia/.openclaw/workspace/EMAIL_OPERATIONS_MASTER.md
[0;34m[INFO][0m Skill source: /Users/clawdia/.openclaw/workspace/skills/email-ops/SKILL.md
[0;34m[INFO][0m Quiet hours (23:00-08:00) - only checking IHS Towers emails
[0;34m[INFO][0m Checking for IHS Towers emails...
[0;32m[SUCCESS][0m No unread IHS Towers emails found
[0;34m[INFO][0m Quiet hours - skipping regular processing
[0;34m[INFO][0m Starting consolidated email processor at Sat Mar  7 02:00:00 WAT 2026
[0;34m[INFO][0m Policy guard OK (mode=iih)
[0;34m[INFO][0m Policy source: /Users/clawdia/.openclaw/workspace/EMAIL_OPERATIONS_MASTER.md
[0;34m[INFO][0m Skill source: /Users/clawdia/.openclaw/workspace/skills/email-ops/SKILL.md
[0;34m[INFO][0m Quiet hours (23:00-08:00) - only checking IHS Towers emails
[0;34m[INFO][0m Checking for IHS Towers emails...
[0;32m[SUCCESS][0m No unread IHS Towers emails found
[0;34m[INFO][0m Quiet hours - skipping regular processing
[0;34m[INFO][0m Starting consolidated email processor at Sat Mar  7 03:00:00 WAT 2026
[0;34m[INFO][0m Policy guard OK (mode=iih)
[0;34m[INFO][0m Policy source: /Users/clawdia/.openclaw/workspace/EMAIL_OPERATIONS_MASTER.md
[0;34m[INFO][0m Skill source: /Users/clawdia/.openclaw/workspace/skills/email-ops/SKILL.md
[0;34m[INFO][0m Quiet hours (23:00-08:00) - only checking IHS Towers emails
[0;34m[INFO][0m Checking for IHS Towers emails...
[0;32m[SUCCESS][0m No unread IHS Towers emails found
[0;34m[INFO][0m Quiet hours - skipping regular processing
[0;34m[INFO][0m Starting consolidated email processor at Sat Mar  7 04:00:00 WAT 2026
[0;34m[INFO][0m Policy guard OK (mode=iih)
[0;34m[INFO][0m Policy source: /Users/clawdia/.openclaw/workspace/EMAIL_OPERATIONS_MASTER.md
[0;34m[INFO][0m Skill source: /Users/clawdia/.openclaw/workspace/skills/email-ops/SKILL.md
[0;34m[INFO][0m Quiet hours (23:00-08:00) - only checking IHS Towers emails
[0;34m[INFO][0m Checking for IHS Towers emails...
[0;32m[SUCCESS][0m No unread IHS Towers emails found
[0;34m[INFO][0m Quiet hours - skipping regular processing
[0;34m[INFO][0m Starting consolidated email processor at Sat Mar  7 05:00:00 WAT 2026
[0;34m[INFO][0m Policy guard OK (mode=iih)
[0;34m[INFO][0m Policy source: /Users/clawdia/.openclaw/workspace/EMAIL_OPERATIONS_MASTER.md
[0;34m[INFO][0m Skill source: /Users/clawdia/.openclaw/workspace/skills/email-ops/SKILL.md
[0;34m[INFO][0m Quiet hours (23:00-08:00) - only checking IHS Towers emails
[0;34m[INFO][0m Checking for IHS Towers emails...
[0;32m[SUCCESS][0m No unread IHS Towers emails found
[0;34m[INFO][0m Quiet hours - skipping regular processing
[0;34m[INFO][0m Starting consolidated email processor at Sat Mar  7 06:00:00 WAT 2026
[0;34m[INFO][0m Policy guard OK (mode=iih)
[0;34m[INFO][0m Policy source: /Users/clawdia/.openclaw/workspace/EMAIL_OPERATIONS_MASTER.md
[0;34m[INFO][0m Skill source: /Users/clawdia/.openclaw/workspace/skills/email-ops/SKILL.md
[0;34m[INFO][0m Quiet hours (23:00-08:00) - only checking IHS Towers emails
[0;34m[INFO][0m Checking for IHS Towers emails...
[0;32m[SUCCESS][0m No unread IHS Towers emails found
[0;34m[INFO][0m Quiet hours - skipping regular processing
[0;34m[INFO][0m Starting consolidated email processor at Sat Mar  7 07:00:00 WAT 2026
[0;34m[INFO][0m Policy guard OK (mode=iih)
[0;34m[INFO][0m Policy source: /Users/clawdia/.openclaw/workspace/EMAIL_OPERATIONS_MASTER.md
[0;34m[INFO][0m Skill source: /Users/clawdia/.openclaw/workspace/skills/email-ops/SKILL.md
[0;34m[INFO][0m Quiet hours (23:00-08:00) - only checking IHS Towers emails
[0;34m[INFO][0m Checking for IHS Towers emails...
[0;32m[SUCCESS][0m No unread IHS Towers emails found
[0;34m[INFO][0m Quiet hours - skipping regular processing
[0;34m[INFO][0m Starting consolidated email processor at Sat Mar  7 08:00:00 WAT 2026
[0;34m[INFO][0m Policy guard OK (mode=iih)
[0;34m[INFO][0m Policy source: /Users/clawdia/.openclaw/workspace/EMAIL_OPERATIONS_MASTER.md
[0;34m[INFO][0m Skill source: /Users/clawdia/.openclaw/workspace/skills/email-ops/SKILL.md
/Users/clawdia/.openclaw/workspace/scripts/consolidated-email-processor.sh: line 124: [[: 08: value too great for base (error token is "08")
/Users/clawdia/.openclaw/workspace/scripts/consolidated-email-processor.sh: line 124: [[: 08: value too great for base (error token is "08")
[0;34m[INFO][0m Checking for IHS Towers emails...
[0;32m[SUCCESS][0m No unread IHS Towers emails found
[0;34m[INFO][0m Starting batch email processing
[0;34m[INFO][0m Processed 0/0 emails in batch
[0;34m[INFO][0m Summary report generated
[0;34m[INFO][0m Cleaned up old cache files
[0;32m[SUCCESS][0m Email processing completed successfully
[0;34m[INFO][0m Starting consolidated email processor at Sat Mar  7 09:00:00 WAT 2026
[0;34m[INFO][0m Policy guard OK (mode=iih)
[0;34m[INFO][0m Policy source: /Users/clawdia/.openclaw/workspace/EMAIL_OPERATIONS_MASTER.md
[0;34m[INFO][0m Skill source: /Users/clawdia/.openclaw/workspace/skills/email-ops/SKILL.md
/Users/clawdia/.openclaw/workspace/scripts/consolidated-email-processor.sh: line 124: [[: 09: value too great for base (error token is "09")
/Users/clawdia/.openclaw/workspace/scripts/consolidated-email-processor.sh: line 124: [[: 09: value too great for base (error token is "09")
[0;34m[INFO][0m Checking for IHS Towers emails...
[0;32m[SUCCESS][0m No unread IHS Towers emails found
[0;34m[INFO][0m Starting batch email processing
[0;34m[INFO][0m Processed 0/0 emails in batch
[0;34m[INFO][0m Summary report generated
[0;34m[INFO][0m Cleaned up old cache files
[0;32m[SUCCESS][0m Email processing completed successfully
[0;34m[INFO][0m Starting consolidated email processor at Sat Mar  7 10:00:00 WAT 2026
[0;34m[INFO][0m Policy guard OK (mode=iih)
[0;34m[INFO][0m Policy source: /Users/clawdia/.openclaw/workspace/EMAIL_OPERATIONS_MASTER.md
[0;34m[INFO][0m Skill source: /Users/clawdia/.openclaw/workspace/skills/email-ops/SKILL.md
[0;34m[INFO][0m Checking for IHS Towers emails...
[0;32m[SUCCESS][0m No unread IHS Towers emails found
[0;34m[INFO][0m Starting batch email processing
[0;34m[INFO][0m Processed 0/0 emails in batch
[0;34m[INFO][0m Summary report generated
[0;34m[INFO][0m Cleaned up old cache files
[0;32m[SUCCESS][0m Email processing completed successfully
[0;34m[INFO][0m Starting consolidated email processor at Sat Mar  7 11:00:00 WAT 2026
[0;34m[INFO][0m Policy guard OK (mode=iih)
[0;34m[INFO][0m Policy source: /Users/clawdia/.openclaw/workspace/EMAIL_OPERATIONS_MASTER.md
[0;34m[INFO][0m Skill source: /Users/clawdia/.openclaw/workspace/skills/email-ops/SKILL.md
[0;34m[INFO][0m Checking for IHS Towers emails...
[0;32m[SUCCESS][0m No unread IHS Towers emails found
[0;34m[INFO][0m Starting batch email processing
[0;34m[INFO][0m Processed 0/0 emails in batch
[0;34m[INFO][0m Summary report generated
[0;34m[INFO][0m Cleaned up old cache files
[0;32m[SUCCESS][0m Email processing completed successfully
[0;34m[INFO][0m Starting consolidated email processor at Sat Mar  7 12:00:00 WAT 2026
[0;34m[INFO][0m Policy guard OK (mode=iih)
[0;34m[INFO][0m Policy source: /Users/clawdia/.openclaw/workspace/EMAIL_OPERATIONS_MASTER.md
[0;34m[INFO][0m Skill source: /Users/clawdia/.openclaw/workspace/skills/email-ops/SKILL.md
[0;34m[INFO][0m Checking for IHS Towers emails...
[0;32m[SUCCESS][0m No unread IHS Towers emails found
[0;34m[INFO][0m Starting batch email processing
[0;34m[INFO][0m Processed 0/0 emails in batch
[0;34m[INFO][0m Summary report generated
[0;34m[INFO][0m Cleaned up old cache files
[0;32m[SUCCESS][0m Email processing completed successfully
[0;34m[INFO][0m Starting consolidated email processor at Sat Mar  7 13:00:00 WAT 2026
[0;34m[INFO][0m Policy guard OK (mode=iih)
[0;34m[INFO][0m Policy source: /Users/clawdia/.openclaw/workspace/EMAIL_OPERATIONS_MASTER.md
[0;34m[INFO][0m Skill source: /Users/clawdia/.openclaw/workspace/skills/email-ops/SKILL.md
[0;34m[INFO][0m Checking for IHS Towers emails...
[0;32m[SUCCESS][0m No unread IHS Towers emails found
[0;34m[INFO][0m Starting batch email processing
[0;34m[INFO][0m Processed 0/0 emails in batch
[0;34m[INFO][0m Summary report generated
[0;34m[INFO][0m Cleaned up old cache files
[0;32m[SUCCESS][0m Email processing completed successfully
[0;34m[INFO][0m Starting consolidated email processor at Sat Mar  7 14:00:00 WAT 2026
[0;34m[INFO][0m Policy guard OK (mode=iih)
[0;34m[INFO][0m Policy source: /Users/clawdia/.openclaw/workspace/EMAIL_OPERATIONS_MASTER.md
[0;34m[INFO][0m Skill source: /Users/clawdia/.openclaw/workspace/skills/email-ops/SKILL.md
[0;34m[INFO][0m Checking for IHS Towers emails...
[0;32m[SUCCESS][0m No unread IHS Towers emails found
[0;34m[INFO][0m Starting batch email processing
[0;34m[INFO][0m Processed 0/0 emails in batch
[0;34m[INFO][0m Summary report generated
[0;34m[INFO][0m Cleaned up old cache files
[0;32m[SUCCESS][0m Email processing completed successfully
[0;34m[INFO][0m Starting consolidated email processor at Sat Mar  7 15:00:00 WAT 2026
[0;34m[INFO][0m Policy guard OK (mode=iih)
[0;34m[INFO][0m Policy source: /Users/clawdia/.openclaw/workspace/EMAIL_OPERATIONS_MASTER.md
[0;34m[INFO][0m Skill source: /Users/clawdia/.openclaw/workspace/skills/email-ops/SKILL.md
[0;34m[INFO][0m Checking for IHS Towers emails...
[0;32m[SUCCESS][0m No unread IHS Towers emails found
[0;34m[INFO][0m Starting batch email processing
[0;34m[INFO][0m Processed 0/0 emails in batch
[0;34m[INFO][0m Summary report generated
[0;34m[INFO][0m Cleaned up old cache files
[0;32m[SUCCESS][0m Email processing completed successfully
[0;34m[INFO][0m Starting consolidated email processor at Sat Mar  7 16:00:00 WAT 2026
[0;34m[INFO][0m Policy guard OK (mode=iih)
[0;34m[INFO][0m Policy source: /Users/clawdia/.openclaw/workspace/EMAIL_OPERATIONS_MASTER.md
[0;34m[INFO][0m Skill source: /Users/clawdia/.openclaw/workspace/skills/email-ops/SKILL.md
[0;34m[INFO][0m Checking for IHS Towers emails...
[0;32m[SUCCESS][0m No unread IHS Towers emails found
[0;34m[INFO][0m Starting batch email processing
[0;34m[INFO][0m Processed 0/0 emails in batch
[0;34m[INFO][0m Summary report generated
[0;34m[INFO][0m Cleaned up old cache files
[0;32m[SUCCESS][0m Email processing completed successfully
[0;34m[INFO][0m Starting consolidated email processor at Sat Mar  7 17:00:00 WAT 2026
[0;34m[INFO][0m Policy guard OK (mode=iih)
[0;34m[INFO][0m Policy source: /Users/clawdia/.openclaw/workspace/EMAIL_OPERATIONS_MASTER.md
[0;34m[INFO][0m Skill source: /Users/clawdia/.openclaw/workspace/skills/email-ops/SKILL.md
[0;34m[INFO][0m Checking for IHS Towers emails...
[0;32m[SUCCESS][0m No unread IHS Towers emails found
[0;34m[INFO][0m Starting batch email processing
[0;34m[INFO][0m Processed 0/0 emails in batch
[0;34m[INFO][0m Summary report generated
[0;34m[INFO][0m Cleaned up old cache files
[0;32m[SUCCESS][0m Email processing completed successfully
[0;34m[INFO][0m Starting consolidated email processor at Sat Mar  7 18:00:00 WAT 2026
[0;34m[INFO][0m Policy guard OK (mode=iih)
[0;34m[INFO][0m Policy source: /Users/clawdia/.openclaw/workspace/EMAIL_OPERATIONS_MASTER.md
[0;34m[INFO][0m Skill source: /Users/clawdia/.openclaw/workspace/skills/email-ops/SKILL.md
[0;34m[INFO][0m Checking for IHS Towers emails...
[0;32m[SUCCESS][0m No unread IHS Towers emails found
[0;34m[INFO][0m Starting batch email processing
[0;34m[INFO][0m Processed 0/0 emails in batch
[0;34m[INFO][0m Summary report generated
[0;34m[INFO][0m Cleaned up old cache files
[0;32m[SUCCESS][0m Email processing completed successfully
[0;34m[INFO][0m Starting consolidated email processor at Sat Mar  7 19:00:00 WAT 2026
[0;34m[INFO][0m Policy guard OK (mode=iih)
[0;34m[INFO][0m Policy source: /Users/clawdia/.openclaw/workspace/EMAIL_OPERATIONS_MASTER.md
[0;34m[INFO][0m Skill source: /Users/clawdia/.openclaw/workspace/skills/email-ops/SKILL.md
[0;34m[INFO][0m Checking for IHS Towers emails...
[0;32m[SUCCESS][0m No unread IHS Towers emails found
[0;34m[INFO][0m Starting batch email processing
[0;34m[INFO][0m Processed 0/0 emails in batch
[0;34m[INFO][0m Summary report generated
[0;34m[INFO][0m Cleaned up old cache files
[0;32m[SUCCESS][0m Email processing completed successfully
[0;34m[INFO][0m Starting consolidated email processor at Sat Mar  7 20:00:00 WAT 2026
[0;34m[INFO][0m Policy guard OK (mode=iih)
[0;34m[INFO][0m Policy source: /Users/clawdia/.openclaw/workspace/EMAIL_OPERATIONS_MASTER.md
[0;34m[INFO][0m Skill source: /Users/clawdia/.openclaw/workspace/skills/email-ops/SKILL.md
[0;34m[INFO][0m Checking for IHS Towers emails...
[0;32m[SUCCESS][0m No unread IHS Towers emails found
[0;34m[INFO][0m Starting batch email processing
[0;34m[INFO][0m Processed 0/0 emails in batch
[0;34m[INFO][0m Summary report generated
[0;34m[INFO][0m Cleaned up old cache files
[0;32m[SUCCESS][0m Email processing completed successfully
[0;34m[INFO][0m Starting consolidated email processor at Sat Mar  7 21:00:00 WAT 2026
[0;34m[INFO][0m Policy guard OK (mode=iih)
[0;34m[INFO][0m Policy source: /Users/clawdia/.openclaw/workspace/EMAIL_OPERATIONS_MASTER.md
[0;34m[INFO][0m Skill source: /Users/clawdia/.openclaw/workspace/skills/email-ops/SKILL.md
[0;34m[INFO][0m Checking for IHS Towers emails...
[0;32m[SUCCESS][0m No unread IHS Towers emails found
[0;34m[INFO][0m Starting batch email processing
[0;34m[INFO][0m Processed 0/0 emails in batch
[0;34m[INFO][0m Summary report generated
[0;34m[INFO][0m Cleaned up old cache files
[0;32m[SUCCESS][0m Email processing completed successfully
[0;34m[INFO][0m Starting consolidated email processor at Sat Mar  7 22:00:00 WAT 2026
[0;34m[INFO][0m Policy guard OK (mode=iih)
[0;34m[INFO][0m Policy source: /Users/clawdia/.openclaw/workspace/EMAIL_OPERATIONS_MASTER.md
[0;34m[INFO][0m Skill source: /Users/clawdia/.openclaw/workspace/skills/email-ops/SKILL.md
[0;34m[INFO][0m Checking for IHS Towers emails...
[0;32m[SUCCESS][0m No unread IHS Towers emails found
[0;34m[INFO][0m Starting batch email processing
[0;34m[INFO][0m Processed 0/0 emails in batch
[0;34m[INFO][0m Summary report generated
[0;34m[INFO][0m Cleaned up old cache files
[0;32m[SUCCESS][0m Email processing completed successfully
[0;34m[INFO][0m Starting consolidated email processor at Sat Mar  7 23:00:00 WAT 2026
[0;34m[INFO][0m Policy guard OK (mode=iih)
[0;34m[INFO][0m Policy source: /Users/clawdia/.openclaw/workspace/EMAIL_OPERATIONS_MASTER.md
[0;34m[INFO][0m Skill source: /Users/clawdia/.openclaw/workspace/skills/email-ops/SKILL.md
[0;34m[INFO][0m Quiet hours (23:00-08:00) - only checking IHS Towers emails
[0;34m[INFO][0m Checking for IHS Towers emails...
[0;32m[SUCCESS][0m No unread IHS Towers emails found
[0;34m[INFO][0m Quiet hours - skipping regular processing
[0;34m[INFO][0m Starting consolidated email processor at Sun Mar  8 00:00:01 WAT 2026
[0;34m[INFO][0m Policy guard OK (mode=iih)
[0;34m[INFO][0m Policy source: /Users/clawdia/.openclaw/workspace/EMAIL_OPERATIONS_MASTER.md
[0;34m[INFO][0m Skill source: /Users/clawdia/.openclaw/workspace/skills/email-ops/SKILL.md
[0;34m[INFO][0m Quiet hours (23:00-08:00) - only checking IHS Towers emails
[0;34m[INFO][0m Checking for IHS Towers emails...
[0;32m[SUCCESS][0m No unread IHS Towers emails found
[0;34m[INFO][0m Quiet hours - skipping regular processing
[0;34m[INFO][0m Starting consolidated email processor at Sun Mar  8 01:00:00 WAT 2026
[0;34m[INFO][0m Policy guard OK (mode=iih)
[0;34m[INFO][0m Policy source: /Users/clawdia/.openclaw/workspace/EMAIL_OPERATIONS_MASTER.md
[0;34m[INFO][0m Skill source: /Users/clawdia/.openclaw/workspace/skills/email-ops/SKILL.md
[0;34m[INFO][0m Quiet hours (23:00-08:00) - only checking IHS Towers emails
[0;34m[INFO][0m Checking for IHS Towers emails...
[0;32m[SUCCESS][0m No unread IHS Towers emails found
[0;34m[INFO][0m Quiet hours - skipping regular processing
[0;34m[INFO][0m Starting consolidated email processor at Sun Mar  8 02:00:00 WAT 2026
[0;34m[INFO][0m Policy guard OK (mode=iih)
[0;34m[INFO][0m Policy source: /Users/clawdia/.openclaw/workspace/EMAIL_OPERATIONS_MASTER.md
[0;34m[INFO][0m Skill source: /Users/clawdia/.openclaw/workspace/skills/email-ops/SKILL.md
[0;34m[INFO][0m Quiet hours (23:00-08:00) - only checking IHS Towers emails
[0;34m[INFO][0m Checking for IHS Towers emails...
[0;32m[SUCCESS][0m No unread IHS Towers emails found
[0;34m[INFO][0m Quiet hours - skipping regular processing
[0;34m[INFO][0m Starting consolidated email processor at Sun Mar  8 03:00:00 WAT 2026
[0;34m[INFO][0m Policy guard OK (mode=iih)
[0;34m[INFO][0m Policy source: /Users/clawdia/.openclaw/workspace/EMAIL_OPERATIONS_MASTER.md
[0;34m[INFO][0m Skill source: /Users/clawdia/.openclaw/workspace/skills/email-ops/SKILL.md
[0;34m[INFO][0m Quiet hours (23:00-08:00) - only checking IHS Towers emails
[0;34m[INFO][0m Checking for IHS Towers emails...
[0;32m[SUCCESS][0m No unread IHS Towers emails found
[0;34m[INFO][0m Quiet hours - skipping regular processing
[0;34m[INFO][0m Starting consolidated email processor at Sun Mar  8 04:00:00 WAT 2026
[0;34m[INFO][0m Policy guard OK (mode=iih)
[0;34m[INFO][0m Policy source: /Users/clawdia/.openclaw/workspace/EMAIL_OPERATIONS_MASTER.md
[0;34m[INFO][0m Skill source: /Users/clawdia/.openclaw/workspace/skills/email-ops/SKILL.md
[0;34m[INFO][0m Quiet hours (23:00-08:00) - only checking IHS Towers emails
[0;34m[INFO][0m Checking for IHS Towers emails...
[0;32m[SUCCESS][0m No unread IHS Towers emails found
[0;34m[INFO][0m Quiet hours - skipping regular processing
[0;34m[INFO][0m Starting consolidated email processor at Sun Mar  8 05:00:00 WAT 2026
[0;34m[INFO][0m Policy guard OK (mode=iih)
[0;34m[INFO][0m Policy source: /Users/clawdia/.openclaw/workspace/EMAIL_OPERATIONS_MASTER.md
[0;34m[INFO][0m Skill source: /Users/clawdia/.openclaw/workspace/skills/email-ops/SKILL.md
[0;34m[INFO][0m Quiet hours (23:00-08:00) - only checking IHS Towers emails
[0;34m[INFO][0m Checking for IHS Towers emails...
[0;32m[SUCCESS][0m No unread IHS Towers emails found
[0;34m[INFO][0m Quiet hours - skipping regular processing
[0;34m[INFO][0m Starting consolidated email processor at Sun Mar  8 06:00:00 WAT 2026
[0;34m[INFO][0m Policy guard OK (mode=iih)
[0;34m[INFO][0m Policy source: /Users/clawdia/.openclaw/workspace/EMAIL_OPERATIONS_MASTER.md
[0;34m[INFO][0m Skill source: /Users/clawdia/.openclaw/workspace/skills/email-ops/SKILL.md
[0;34m[INFO][0m Quiet hours (23:00-08:00) - only checking IHS Towers emails
[0;34m[INFO][0m Checking for IHS Towers emails...
[0;32m[SUCCESS][0m No unread IHS Towers emails found
[0;34m[INFO][0m Quiet hours - skipping regular processing
[0;34m[INFO][0m Starting consolidated email processor at Sun Mar  8 07:00:00 WAT 2026
[0;34m[INFO][0m Policy guard OK (mode=iih)
[0;34m[INFO][0m Policy source: /Users/clawdia/.openclaw/workspace/EMAIL_OPERATIONS_MASTER.md
[0;34m[INFO][0m Skill source: /Users/clawdia/.openclaw/workspace/skills/email-ops/SKILL.md
[0;34m[INFO][0m Quiet hours (23:00-08:00) - only checking IHS Towers emails
[0;34m[INFO][0m Checking for IHS Towers emails...
[0;32m[SUCCESS][0m No unread IHS Towers emails found
[0;34m[INFO][0m Quiet hours - skipping regular processing
[0;34m[INFO][0m Starting consolidated email processor at Sun Mar  8 08:00:01 WAT 2026
[0;34m[INFO][0m Policy guard OK (mode=iih)
[0;34m[INFO][0m Policy source: /Users/clawdia/.openclaw/workspace/EMAIL_OPERATIONS_MASTER.md
[0;34m[INFO][0m Skill source: /Users/clawdia/.openclaw/workspace/skills/email-ops/SKILL.md
/Users/clawdia/.openclaw/workspace/scripts/consolidated-email-processor.sh: line 124: [[: 08: value too great for base (error token is "08")
/Users/clawdia/.openclaw/workspace/scripts/consolidated-email-processor.sh: line 124: [[: 08: value too great for base (error token is "08")
[0;34m[INFO][0m Checking for IHS Towers emails...
[0;32m[SUCCESS][0m No unread IHS Towers emails found
[0;34m[INFO][0m Starting batch email processing
[0;34m[INFO][0m Processed 0/0 emails in batch
[0;34m[INFO][0m Summary report generated
[0;34m[INFO][0m Cleaned up old cache files
[0;32m[SUCCESS][0m Email processing completed successfully
[0;34m[INFO][0m Starting consolidated email processor at Sun Mar  8 09:00:00 WAT 2026
[0;34m[INFO][0m Policy guard OK (mode=iih)
[0;34m[INFO][0m Policy source: /Users/clawdia/.openclaw/workspace/EMAIL_OPERATIONS_MASTER.md
[0;34m[INFO][0m Skill source: /Users/clawdia/.openclaw/workspace/skills/email-ops/SKILL.md
/Users/clawdia/.openclaw/workspace/scripts/consolidated-email-processor.sh: line 124: [[: 09: value too great for base (error token is "09")
/Users/clawdia/.openclaw/workspace/scripts/consolidated-email-processor.sh: line 124: [[: 09: value too great for base (error token is "09")
[0;34m[INFO][0m Checking for IHS Towers emails...
[0;32m[SUCCESS][0m No unread IHS Towers emails found
[0;34m[INFO][0m Starting batch email processing
[0;34m[INFO][0m Processed 0/0 emails in batch
[0;34m[INFO][0m Summary report generated
[0;34m[INFO][0m Cleaned up old cache files
[0;32m[SUCCESS][0m Email processing completed successfully
[0;34m[INFO][0m Starting consolidated email processor at Sun Mar  8 10:00:00 WAT 2026
[0;34m[INFO][0m Policy guard OK (mode=iih)
[0;34m[INFO][0m Policy source: /Users/clawdia/.openclaw/workspace/EMAIL_OPERATIONS_MASTER.md
[0;34m[INFO][0m Skill source: /Users/clawdia/.openclaw/workspace/skills/email-ops/SKILL.md
[0;34m[INFO][0m Checking for IHS Towers emails...
[0;32m[SUCCESS][0m No unread IHS Towers emails found
[0;34m[INFO][0m Starting batch email processing
[0;34m[INFO][0m Processed 0/0 emails in batch
[0;34m[INFO][0m Summary report generated
[0;34m[INFO][0m Cleaned up old cache files
[0;32m[SUCCESS][0m Email processing completed successfully
[0;34m[INFO][0m Starting consolidated email processor at Sun Mar  8 11:00:00 WAT 2026
[0;34m[INFO][0m Policy guard OK (mode=iih)
[0;34m[INFO][0m Policy source: /Users/clawdia/.openclaw/workspace/EMAIL_OPERATIONS_MASTER.md
[0;34m[INFO][0m Skill source: /Users/clawdia/.openclaw/workspace/skills/email-ops/SKILL.md
[0;34m[INFO][0m Checking for IHS Towers emails...
[0;32m[SUCCESS][0m No unread IHS Towers emails found
[0;34m[INFO][0m Starting batch email processing
[0;34m[INFO][0m Processed 0/0 emails in batch
[0;34m[INFO][0m Summary report generated
[0;34m[INFO][0m Cleaned up old cache files
[0;32m[SUCCESS][0m Email processing completed successfully
[0;34m[INFO][0m Starting consolidated email processor at Sun Mar  8 12:00:00 WAT 2026
[0;34m[INFO][0m Policy guard OK (mode=iih)
[0;34m[INFO][0m Policy source: /Users/clawdia/.openclaw/workspace/EMAIL_OPERATIONS_MASTER.md
[0;34m[INFO][0m Skill source: /Users/clawdia/.openclaw/workspace/skills/email-ops/SKILL.md
[0;34m[INFO][0m Checking for IHS Towers emails...
[0;32m[SUCCESS][0m No unread IHS Towers emails found
[0;34m[INFO][0m Starting batch email processing
[0;34m[INFO][0m Processed 0/0 emails in batch
[0;34m[INFO][0m Summary report generated
[0;34m[INFO][0m Cleaned up old cache files
[0;32m[SUCCESS][0m Email processing completed successfully
[0;34m[INFO][0m Starting consolidated email processor at Sun Mar  8 13:00:00 WAT 2026
[0;34m[INFO][0m Policy guard OK (mode=iih)
[0;34m[INFO][0m Policy source: /Users/clawdia/.openclaw/workspace/EMAIL_OPERATIONS_MASTER.md
[0;34m[INFO][0m Skill source: /Users/clawdia/.openclaw/workspace/skills/email-ops/SKILL.md
[0;34m[INFO][0m Checking for IHS Towers emails...
[0;32m[SUCCESS][0m No unread IHS Towers emails found
[0;34m[INFO][0m Starting batch email processing
[0;34m[INFO][0m Processed 0/0 emails in batch
[0;34m[INFO][0m Summary report generated
[0;34m[INFO][0m Cleaned up old cache files
[0;32m[SUCCESS][0m Email processing completed successfully
[0;34m[INFO][0m Starting consolidated email processor at Sun Mar  8 14:00:00 WAT 2026
[0;34m[INFO][0m Policy guard OK (mode=iih)
[0;34m[INFO][0m Policy source: /Users/clawdia/.openclaw/workspace/EMAIL_OPERATIONS_MASTER.md
[0;34m[INFO][0m Skill source: /Users/clawdia/.openclaw/workspace/skills/email-ops/SKILL.md
[0;34m[INFO][0m Checking for IHS Towers emails...
[0;32m[SUCCESS][0m No unread IHS Towers emails found
[0;34m[INFO][0m Starting batch email processing
[0;34m[INFO][0m Processed 0/0 emails in batch
[0;34m[INFO][0m Summary report generated
[0;34m[INFO][0m Cleaned up old cache files
[0;32m[SUCCESS][0m Email processing completed successfully
[0;34m[INFO][0m Starting consolidated email processor at Sun Mar  8 15:00:00 WAT 2026
[0;34m[INFO][0m Policy guard OK (mode=iih)
[0;34m[INFO][0m Policy source: /Users/clawdia/.openclaw/workspace/EMAIL_OPERATIONS_MASTER.md
[0;34m[INFO][0m Skill source: /Users/clawdia/.openclaw/workspace/skills/email-ops/SKILL.md
[0;34m[INFO][0m Checking for IHS Towers emails...
[0;32m[SUCCESS][0m No unread IHS Towers emails found
[0;34m[INFO][0m Starting batch email processing
[0;34m[INFO][0m Processed 0/0 emails in batch
[0;34m[INFO][0m Summary report generated
[0;34m[INFO][0m Cleaned up old cache files
[0;32m[SUCCESS][0m Email processing completed successfully
[0;34m[INFO][0m Starting consolidated email processor at Sun Mar  8 16:00:00 WAT 2026
[0;34m[INFO][0m Policy guard OK (mode=iih)
[0;34m[INFO][0m Policy source: /Users/clawdia/.openclaw/workspace/EMAIL_OPERATIONS_MASTER.md
[0;34m[INFO][0m Skill source: /Users/clawdia/.openclaw/workspace/skills/email-ops/SKILL.md
[0;34m[INFO][0m Checking for IHS Towers emails...
[0;32m[SUCCESS][0m No unread IHS Towers emails found
[0;34m[INFO][0m Starting batch email processing
[0;34m[INFO][0m Processed 0/0 emails in batch
[0;34m[INFO][0m Summary report generated
[0;34m[INFO][0m Cleaned up old cache files
[0;32m[SUCCESS][0m Email processing completed successfully
[0;34m[INFO][0m Starting consolidated email processor at Sun Mar  8 17:00:00 WAT 2026
[0;34m[INFO][0m Policy guard OK (mode=iih)
[0;34m[INFO][0m Policy source: /Users/clawdia/.openclaw/workspace/EMAIL_OPERATIONS_MASTER.md
[0;34m[INFO][0m Skill source: /Users/clawdia/.openclaw/workspace/skills/email-ops/SKILL.md
[0;34m[INFO][0m Checking for IHS Towers emails...
[0;32m[SUCCESS][0m No unread IHS Towers emails found
[0;34m[INFO][0m Starting batch email processing
[0;34m[INFO][0m Processed 0/0 emails in batch
[0;34m[INFO][0m Summary report generated
[0;34m[INFO][0m Cleaned up old cache files
[0;32m[SUCCESS][0m Email processing completed successfully
[0;34m[INFO][0m Starting consolidated email processor at Sun Mar  8 18:00:00 WAT 2026
[0;34m[INFO][0m Policy guard OK (mode=iih)
[0;34m[INFO][0m Policy source: /Users/clawdia/.openclaw/workspace/EMAIL_OPERATIONS_MASTER.md
[0;34m[INFO][0m Skill source: /Users/clawdia/.openclaw/workspace/skills/email-ops/SKILL.md
[0;34m[INFO][0m Checking for IHS Towers emails...
[0;32m[SUCCESS][0m No unread IHS Towers emails found
[0;34m[INFO][0m Starting batch email processing
[0;34m[INFO][0m Processed 0/0 emails in batch
[0;34m[INFO][0m Summary report generated
[0;34m[INFO][0m Cleaned up old cache files
[0;32m[SUCCESS][0m Email processing completed successfully
[0;34m[INFO][0m Starting consolidated email processor at Sun Mar  8 19:00:00 WAT 2026
[0;34m[INFO][0m Policy guard OK (mode=iih)
[0;34m[INFO][0m Policy source: /Users/clawdia/.openclaw/workspace/EMAIL_OPERATIONS_MASTER.md
[0;34m[INFO][0m Skill source: /Users/clawdia/.openclaw/workspace/skills/email-ops/SKILL.md
[0;34m[INFO][0m Checking for IHS Towers emails...
[0;32m[SUCCESS][0m No unread IHS Towers emails found
[0;34m[INFO][0m Starting batch email processing
[0;34m[INFO][0m Processed 0/0 emails in batch
[0;34m[INFO][0m Summary report generated
[0;34m[INFO][0m Cleaned up old cache files
[0;32m[SUCCESS][0m Email processing completed successfully
[0;34m[INFO][0m Starting consolidated email processor at Sun Mar  8 20:00:00 WAT 2026
[0;34m[INFO][0m Policy guard OK (mode=iih)
[0;34m[INFO][0m Policy source: /Users/clawdia/.openclaw/workspace/EMAIL_OPERATIONS_MASTER.md
[0;34m[INFO][0m Skill source: /Users/clawdia/.openclaw/workspace/skills/email-ops/SKILL.md
[0;34m[INFO][0m Checking for IHS Towers emails...
[0;32m[SUCCESS][0m No unread IHS Towers emails found
[0;34m[INFO][0m Starting batch email processing
[0;34m[INFO][0m Processed 0/0 emails in batch
[0;34m[INFO][0m Summary report generated
[0;34m[INFO][0m Cleaned up old cache files
[0;32m[SUCCESS][0m Email processing completed successfully
[0;34m[INFO][0m Starting consolidated email processor at Sun Mar  8 21:00:00 WAT 2026
[0;34m[INFO][0m Policy guard OK (mode=iih)
[0;34m[INFO][0m Policy source: /Users/clawdia/.openclaw/workspace/EMAIL_OPERATIONS_MASTER.md
[0;34m[INFO][0m Skill source: /Users/clawdia/.openclaw/workspace/skills/email-ops/SKILL.md
[0;34m[INFO][0m Checking for IHS Towers emails...
[0;32m[SUCCESS][0m No unread IHS Towers emails found
[0;34m[INFO][0m Starting batch email processing
[0;34m[INFO][0m Processed 0/0 emails in batch
[0;34m[INFO][0m Summary report generated
[0;34m[INFO][0m Cleaned up old cache files
[0;32m[SUCCESS][0m Email processing completed successfully
[0;34m[INFO][0m Starting consolidated email processor at Sun Mar  8 22:00:00 WAT 2026
[0;34m[INFO][0m Policy guard OK (mode=iih)
[0;34m[INFO][0m Policy source: /Users/clawdia/.openclaw/workspace/EMAIL_OPERATIONS_MASTER.md
[0;34m[INFO][0m Skill source: /Users/clawdia/.openclaw/workspace/skills/email-ops/SKILL.md
[0;34m[INFO][0m Checking for IHS Towers emails...
[0;32m[SUCCESS][0m No unread IHS Towers emails found
[0;34m[INFO][0m Starting batch email processing
[0;34m[INFO][0m Processed 0/0 emails in batch
[0;34m[INFO][0m Summary report generated
[0;34m[INFO][0m Cleaned up old cache files
[0;32m[SUCCESS][0m Email processing completed successfully
[0;34m[INFO][0m Starting consolidated email processor at Sun Mar  8 23:00:00 WAT 2026
[0;34m[INFO][0m Policy guard OK (mode=iih)
[0;34m[INFO][0m Policy source: /Users/clawdia/.openclaw/workspace/EMAIL_OPERATIONS_MASTER.md
[0;34m[INFO][0m Skill source: /Users/clawdia/.openclaw/workspace/skills/email-ops/SKILL.md
[0;34m[INFO][0m Quiet hours (23:00-08:00) - only checking IHS Towers emails
[0;34m[INFO][0m Checking for IHS Towers emails...
[0;32m[SUCCESS][0m No unread IHS Towers emails found
[0;34m[INFO][0m Quiet hours - skipping regular processing
[0;34m[INFO][0m Starting consolidated email processor at Mon Mar  9 00:00:00 WAT 2026
[0;34m[INFO][0m Policy guard OK (mode=iih)
[0;34m[INFO][0m Policy source: /Users/clawdia/.openclaw/workspace/EMAIL_OPERATIONS_MASTER.md
[0;34m[INFO][0m Skill source: /Users/clawdia/.openclaw/workspace/skills/email-ops/SKILL.md
[0;34m[INFO][0m Quiet hours (23:00-08:00) - only checking IHS Towers emails
[0;34m[INFO][0m Checking for IHS Towers emails...
[0;32m[SUCCESS][0m No unread IHS Towers emails found
[0;34m[INFO][0m Quiet hours - skipping regular processing
[0;34m[INFO][0m Starting consolidated email processor at Mon Mar  9 01:00:00 WAT 2026
[0;34m[INFO][0m Policy guard OK (mode=iih)
[0;34m[INFO][0m Policy source: /Users/clawdia/.openclaw/workspace/EMAIL_OPERATIONS_MASTER.md
[0;34m[INFO][0m Skill source: /Users/clawdia/.openclaw/workspace/skills/email-ops/SKILL.md
[0;34m[INFO][0m Quiet hours (23:00-08:00) - only checking IHS Towers emails
[0;34m[INFO][0m Checking for IHS Towers emails...
[0;32m[SUCCESS][0m No unread IHS Towers emails found
[0;34m[INFO][0m Quiet hours - skipping regular processing
[0;34m[INFO][0m Starting consolidated email processor at Mon Mar  9 10:00:00 WAT 2026
[0;34m[INFO][0m Policy guard OK (mode=iih)
[0;34m[INFO][0m Policy source: /Users/clawdia/.openclaw/workspace/EMAIL_OPERATIONS_MASTER.md
[0;34m[INFO][0m Skill source: /Users/clawdia/.openclaw/workspace/skills/email-ops/SKILL.md
[0;34m[INFO][0m Checking for IHS Towers emails...
[0;32m[SUCCESS][0m No unread IHS Towers emails found
[0;34m[INFO][0m Starting batch email processing
[0;34m[INFO][0m Processed 0/0 emails in batch
[0;34m[INFO][0m Summary report generated
[0;34m[INFO][0m Cleaned up old cache files
[0;32m[SUCCESS][0m Email processing completed successfully
[0;34m[INFO][0m Starting consolidated email processor at Mon Mar  9 11:00:00 WAT 2026
[0;34m[INFO][0m Policy guard OK (mode=iih)
[0;34m[INFO][0m Policy source: /Users/clawdia/.openclaw/workspace/EMAIL_OPERATIONS_MASTER.md
[0;34m[INFO][0m Skill source: /Users/clawdia/.openclaw/workspace/skills/email-ops/SKILL.md
[0;34m[INFO][0m Checking for IHS Towers emails...
[0;32m[SUCCESS][0m No unread IHS Towers emails found
[0;34m[INFO][0m Starting batch email processing
[0;34m[INFO][0m Processed 0/0 emails in batch
[0;34m[INFO][0m Summary report generated
[0;34m[INFO][0m Cleaned up old cache files
[0;32m[SUCCESS][0m Email processing completed successfully
[0;34m[INFO][0m Starting consolidated email processor at Mon Mar  9 12:00:00 WAT 2026
[0;34m[INFO][0m Policy guard OK (mode=iih)
[0;34m[INFO][0m Policy source: /Users/clawdia/.openclaw/workspace/EMAIL_OPERATIONS_MASTER.md
[0;34m[INFO][0m Skill source: /Users/clawdia/.openclaw/workspace/skills/email-ops/SKILL.md
[0;34m[INFO][0m Checking for IHS Towers emails...
[0;32m[SUCCESS][0m No unread IHS Towers emails found
[0;34m[INFO][0m Starting batch email processing
[0;34m[INFO][0m Processed 0/0 emails in batch
[0;34m[INFO][0m Summary report generated
[0;34m[INFO][0m Cleaned up old cache files
[0;32m[SUCCESS][0m Email processing completed successfully
[0;34m[INFO][0m Starting consolidated email processor at Mon Mar  9 13:00:00 WAT 2026
[0;34m[INFO][0m Policy guard OK (mode=iih)
[0;34m[INFO][0m Policy source: /Users/clawdia/.openclaw/workspace/EMAIL_OPERATIONS_MASTER.md
[0;34m[INFO][0m Skill source: /Users/clawdia/.openclaw/workspace/skills/email-ops/SKILL.md
[0;34m[INFO][0m Checking for IHS Towers emails...
[0;32m[SUCCESS][0m No unread IHS Towers emails found
[0;34m[INFO][0m Starting batch email processing
[0;34m[INFO][0m Processed 0/0 emails in batch
[0;34m[INFO][0m Summary report generated
[0;34m[INFO][0m Cleaned up old cache files
[0;32m[SUCCESS][0m Email processing completed successfully
[0;34m[INFO][0m Starting consolidated email processor at Mon Mar  9 14:00:00 WAT 2026
[0;34m[INFO][0m Policy guard OK (mode=iih)
[0;34m[INFO][0m Policy source: /Users/clawdia/.openclaw/workspace/EMAIL_OPERATIONS_MASTER.md
[0;34m[INFO][0m Skill source: /Users/clawdia/.openclaw/workspace/skills/email-ops/SKILL.md
[0;34m[INFO][0m Checking for IHS Towers emails...
[0;32m[SUCCESS][0m No unread IHS Towers emails found
[0;34m[INFO][0m Starting batch email processing
[0;34m[INFO][0m Processed 0/0 emails in batch
[0;34m[INFO][0m Summary report generated
[0;34m[INFO][0m Cleaned up old cache files
[0;32m[SUCCESS][0m Email processing completed successfully
[0;34m[INFO][0m Starting consolidated email processor at Mon Mar  9 15:00:00 WAT 2026
[0;34m[INFO][0m Policy guard OK (mode=iih)
[0;34m[INFO][0m Policy source: /Users/clawdia/.openclaw/workspace/EMAIL_OPERATIONS_MASTER.md
[0;34m[INFO][0m Skill source: /Users/clawdia/.openclaw/workspace/skills/email-ops/SKILL.md
[0;34m[INFO][0m Checking for IHS Towers emails...
[0;32m[SUCCESS][0m No unread IHS Towers emails found
[0;34m[INFO][0m Starting batch email processing
[0;34m[INFO][0m Processed 0/0 emails in batch
[0;34m[INFO][0m Summary report generated
[0;34m[INFO][0m Cleaned up old cache files
[0;32m[SUCCESS][0m Email processing completed successfully
[0;34m[INFO][0m Starting consolidated email processor at Mon Mar  9 16:00:00 WAT 2026
[0;34m[INFO][0m Policy guard OK (mode=iih)
[0;34m[INFO][0m Policy source: /Users/clawdia/.openclaw/workspace/EMAIL_OPERATIONS_MASTER.md
[0;34m[INFO][0m Skill source: /Users/clawdia/.openclaw/workspace/skills/email-ops/SKILL.md
[0;34m[INFO][0m Checking for IHS Towers emails...
[0;32m[SUCCESS][0m No unread IHS Towers emails found
[0;34m[INFO][0m Starting batch email processing
[0;34m[INFO][0m Processed 0/0 emails in batch
[0;34m[INFO][0m Summary report generated
[0;34m[INFO][0m Cleaned up old cache files
[0;32m[SUCCESS][0m Email processing completed successfully
[0;34m[INFO][0m Starting consolidated email processor at Mon Mar  9 17:00:00 WAT 2026
[0;34m[INFO][0m Policy guard OK (mode=iih)
[0;34m[INFO][0m Policy source: /Users/clawdia/.openclaw/workspace/EMAIL_OPERATIONS_MASTER.md
[0;34m[INFO][0m Skill source: /Users/clawdia/.openclaw/workspace/skills/email-ops/SKILL.md
[0;34m[INFO][0m Checking for IHS Towers emails...
[0;32m[SUCCESS][0m No unread IHS Towers emails found
[0;34m[INFO][0m Starting batch email processing
[0;34m[INFO][0m Processed 0/0 emails in batch
[0;34m[INFO][0m Summary report generated
[0;34m[INFO][0m Cleaned up old cache files
[0;32m[SUCCESS][0m Email processing completed successfully
[0;34m[INFO][0m Starting consolidated email processor at Mon Mar  9 18:00:01 WAT 2026
[0;34m[INFO][0m Policy guard OK (mode=iih)
[0;34m[INFO][0m Policy source: /Users/clawdia/.openclaw/workspace/EMAIL_OPERATIONS_MASTER.md
[0;34m[INFO][0m Skill source: /Users/clawdia/.openclaw/workspace/skills/email-ops/SKILL.md
[0;34m[INFO][0m Checking for IHS Towers emails...
[0;32m[SUCCESS][0m No unread IHS Towers emails found
[0;34m[INFO][0m Starting batch email processing
[0;34m[INFO][0m Processed 0/0 emails in batch
[0;34m[INFO][0m Summary report generated
[0;34m[INFO][0m Cleaned up old cache files
[0;32m[SUCCESS][0m Email processing completed successfully
[0;34m[INFO][0m Starting consolidated email processor at Mon Mar  9 19:00:00 WAT 2026
[0;34m[INFO][0m Policy guard OK (mode=iih)
[0;34m[INFO][0m Policy source: /Users/clawdia/.openclaw/workspace/EMAIL_OPERATIONS_MASTER.md
[0;34m[INFO][0m Skill source: /Users/clawdia/.openclaw/workspace/skills/email-ops/SKILL.md
[0;34m[INFO][0m Checking for IHS Towers emails...
[0;32m[SUCCESS][0m No unread IHS Towers emails found
[0;34m[INFO][0m Starting batch email processing
[0;34m[INFO][0m Processed 0/0 emails in batch
[0;34m[INFO][0m Summary report generated
[0;34m[INFO][0m Cleaned up old cache files
[0;32m[SUCCESS][0m Email processing completed successfully
[0;34m[INFO][0m Starting consolidated email processor at Mon Mar  9 20:00:00 WAT 2026
[0;34m[INFO][0m Policy guard OK (mode=iih)
[0;34m[INFO][0m Policy source: /Users/clawdia/.openclaw/workspace/EMAIL_OPERATIONS_MASTER.md
[0;34m[INFO][0m Skill source: /Users/clawdia/.openclaw/workspace/skills/email-ops/SKILL.md
[0;34m[INFO][0m Checking for IHS Towers emails...
[0;32m[SUCCESS][0m No unread IHS Towers emails found
[0;34m[INFO][0m Starting batch email processing
[0;34m[INFO][0m Processed 0/0 emails in batch
[0;34m[INFO][0m Summary report generated
[0;34m[INFO][0m Cleaned up old cache files
[0;32m[SUCCESS][0m Email processing completed successfully
[0;34m[INFO][0m Starting consolidated email processor at Mon Mar  9 21:00:00 WAT 2026
[0;34m[INFO][0m Policy guard OK (mode=iih)
[0;34m[INFO][0m Policy source: /Users/clawdia/.openclaw/workspace/EMAIL_OPERATIONS_MASTER.md
[0;34m[INFO][0m Skill source: /Users/clawdia/.openclaw/workspace/skills/email-ops/SKILL.md
[0;34m[INFO][0m Checking for IHS Towers emails...
[0;32m[SUCCESS][0m No unread IHS Towers emails found
[0;34m[INFO][0m Starting batch email processing
[0;34m[INFO][0m Processed 0/0 emails in batch
[0;34m[INFO][0m Summary report generated
[0;34m[INFO][0m Cleaned up old cache files
[0;32m[SUCCESS][0m Email processing completed successfully
[0;34m[INFO][0m Starting consolidated email processor at Sat Mar 14 15:00:00 WAT 2026
[0;34m[INFO][0m Policy guard OK (mode=iih)
[0;34m[INFO][0m Policy source: /Users/clawdia/.openclaw/workspace/EMAIL_OPERATIONS_MASTER.md
[0;34m[INFO][0m Skill source: /Users/clawdia/.openclaw/workspace/skills/email-ops/SKILL.md
[0;34m[INFO][0m Checking for IHS Towers emails...
[0;32m[SUCCESS][0m No unread IHS Towers emails found
[0;34m[INFO][0m Starting batch email processing
[0;34m[INFO][0m Processed 0/0 emails in batch
[0;34m[INFO][0m Summary report generated
[0;34m[INFO][0m Cleaned up old cache files
[0;32m[SUCCESS][0m Email processing completed successfully
[0;34m[INFO][0m Starting consolidated email processor at Sat Mar 14 16:00:00 WAT 2026
[0;34m[INFO][0m Policy guard OK (mode=iih)
[0;34m[INFO][0m Policy source: /Users/clawdia/.openclaw/workspace/EMAIL_OPERATIONS_MASTER.md
[0;34m[INFO][0m Skill source: /Users/clawdia/.openclaw/workspace/skills/email-ops/SKILL.md
[0;34m[INFO][0m Checking for IHS Towers emails...
[0;32m[SUCCESS][0m No unread IHS Towers emails found
[0;34m[INFO][0m Starting batch email processing
[0;34m[INFO][0m Processed 0/0 emails in batch
[0;34m[INFO][0m Summary report generated
[0;34m[INFO][0m Cleaned up old cache files
[0;32m[SUCCESS][0m Email processing completed successfully
[0;34m[INFO][0m Starting consolidated email processor at Sat Mar 14 17:00:00 WAT 2026
[0;34m[INFO][0m Policy guard OK (mode=iih)
[0;34m[INFO][0m Policy source: /Users/clawdia/.openclaw/workspace/EMAIL_OPERATIONS_MASTER.md
[0;34m[INFO][0m Skill source: /Users/clawdia/.openclaw/workspace/skills/email-ops/SKILL.md
[0;34m[INFO][0m Checking for IHS Towers emails...
[0;32m[SUCCESS][0m No unread IHS Towers emails found
[0;34m[INFO][0m Starting batch email processing
[0;34m[INFO][0m Processed 0/0 emails in batch
[0;34m[INFO][0m Summary report generated
[0;34m[INFO][0m Cleaned up old cache files
[0;32m[SUCCESS][0m Email processing completed successfully
[0;34m[INFO][0m Starting consolidated email processor at Sat Mar 14 18:00:01 WAT 2026
[0;34m[INFO][0m Policy guard OK (mode=iih)
[0;34m[INFO][0m Policy source: /Users/clawdia/.openclaw/workspace/EMAIL_OPERATIONS_MASTER.md
[0;34m[INFO][0m Skill source: /Users/clawdia/.openclaw/workspace/skills/email-ops/SKILL.md
[0;34m[INFO][0m Checking for IHS Towers emails...
[0;32m[SUCCESS][0m No unread IHS Towers emails found
[0;34m[INFO][0m Starting batch email processing
[0;34m[INFO][0m Processed 0/0 emails in batch
[0;34m[INFO][0m Summary report generated
[0;34m[INFO][0m Cleaned up old cache files
[0;32m[SUCCESS][0m Email processing completed successfully
log: Unknown subcommand 'INFO'
usage:
    log <command>

global options:
    -?, --help
    -q, --quiet
    -v, --verbose

commands:
    collect         gather system logs into a log archive
    config          view/change logging system settings
    diagnose        diagnose an archive for a variety of issues
    erase           delete system logging data
    repack          repack a log archive using a predicate
    show            view/search system logs
    stream          watch live system logs
    stats           show system logging statistics

further help:
    log help <command>
    log help predicates
    log help shorthand
/Users/clawdia/.openclaw/workspace/scripts/consolidated-email-processor.sh: line 319: policy_guard_check: command not found
log: Unknown subcommand 'INFO'
usage:
    log <command>

global options:
    -?, --help
    -q, --quiet
    -v, --verbose

commands:
    collect         gather system logs into a log archive
    config          view/change logging system settings
    diagnose        diagnose an archive for a variety of issues
    erase           delete system logging data
    repack          repack a log archive using a predicate
    show            view/search system logs
    stream          watch live system logs
    stats           show system logging statistics

further help:
    log help <command>
    log help predicates
    log help shorthand
log: Unknown subcommand 'INFO'
usage:
    log <command>

global options:
    -?, --help
    -q, --quiet
    -v, --verbose

commands:
    collect         gather system logs into a log archive
    config          view/change logging system settings
    diagnose        diagnose an archive for a variety of issues
    erase           delete system logging data
    repack          repack a log archive using a predicate
    show            view/search system logs
    stream          watch live system logs
    stats           show system logging statistics

further help:
    log help <command>
    log help predicates
    log help shorthand
log: Unknown subcommand 'INFO'
usage:
    log <command>

global options:
    -?, --help
    -q, --quiet
    -v, --verbose

commands:
    collect         gather system logs into a log archive
    config          view/change logging system settings
    diagnose        diagnose an archive for a variety of issues
    erase           delete system logging data
    repack          repack a log archive using a predicate
    show            view/search system logs
    stream          watch live system logs
    stats           show system logging statistics

further help:
    log help <command>
    log help predicates
    log help shorthand
/Users/clawdia/.openclaw/workspace/scripts/consolidated-email-processor.sh: line 284: should_create_todo: command not found
log: Unknown subcommand 'SUCCESS'
usage:
    log <command>

global options:
    -?, --help
    -q, --quiet
    -v, --verbose

commands:
    collect         gather system logs into a log archive
    config          view/change logging system settings
    diagnose        diagnose an archive for a variety of issues
    erase           delete system logging data
    repack          repack a log archive using a predicate
    show            view/search system logs
    stream          watch live system logs
    stats           show system logging statistics

further help:
    log help <command>
    log help predicates
    log help shorthand
/Users/clawdia/.openclaw/workspace/scripts/consolidated-email-processor.sh: line 284: should_create_todo: command not found
log: Unknown subcommand 'SUCCESS'
usage:
    log <command>

global options:
    -?, --help
    -q, --quiet
    -v, --verbose

commands:
    collect         gather system logs into a log archive
    config          view/change logging system settings
    diagnose        diagnose an archive for a variety of issues
    erase           delete system logging data
    repack          repack a log archive using a predicate
    show            view/search system logs
    stream          watch live system logs
    stats           show system logging statistics

further help:
    log help <command>
    log help predicates
    log help shorthand
/Users/clawdia/.openclaw/workspace/scripts/consolidated-email-processor.sh: line 284: should_create_todo: command not found
log: Unknown subcommand 'SUCCESS'
usage:
    log <command>

global options:
    -?, --help
    -q, --quiet
    -v, --verbose

commands:
    collect         gather system logs into a log archive
    config          view/change logging system settings
    diagnose        diagnose an archive for a variety of issues
    erase           delete system logging data
    repack          repack a log archive using a predicate
    show            view/search system logs
    stream          watch live system logs
    stats           show system logging statistics

further help:
    log help <command>
    log help predicates
    log help shorthand
/Users/clawdia/.openclaw/workspace/scripts/consolidated-email-processor.sh: line 284: should_create_todo: command not found
log: Unknown subcommand 'SUCCESS'
usage:
    log <command>

global options:
    -?, --help
    -q, --quiet
    -v, --verbose

commands:
    collect         gather system logs into a log archive
    config          view/change logging system settings
    diagnose        diagnose an archive for a variety of issues
    erase           delete system logging data
    repack          repack a log archive using a predicate
    show            view/search system logs
    stream          watch live system logs
    stats           show system logging statistics

further help:
    log help <command>
    log help predicates
    log help shorthand
/Users/clawdia/.openclaw/workspace/scripts/consolidated-email-processor.sh: line 284: should_create_todo: command not found
log: Unknown subcommand 'SUCCESS'
usage:
    log <command>

global options:
    -?, --help
    -q, --quiet
    -v, --verbose

commands:
    collect         gather system logs into a log archive
    config          view/change logging system settings
    diagnose        diagnose an archive for a variety of issues
    erase           delete system logging data
    repack          repack a log archive using a predicate
    show            view/search system logs
    stream          watch live system logs
    stats           show system logging statistics

further help:
    log help <command>
    log help predicates
    log help shorthand
/Users/clawdia/.openclaw/workspace/scripts/consolidated-email-processor.sh: line 284: should_create_todo: command not found
log: Unknown subcommand 'SUCCESS'
usage:
    log <command>

global options:
    -?, --help
    -q, --quiet
    -v, --verbose

commands:
    collect         gather system logs into a log archive
    config          view/change logging system settings
    diagnose        diagnose an archive for a variety of issues
    erase           delete system logging data
    repack          repack a log archive using a predicate
    show            view/search system logs
    stream          watch live system logs
    stats           show system logging statistics

further help:
    log help <command>
    log help predicates
    log help shorthand
/Users/clawdia/.openclaw/workspace/scripts/consolidated-email-processor.sh: line 297: should_create_todo: command not found
log: Unknown subcommand 'ERROR'
usage:
    log <command>

global options:
    -?, --help
    -q, --quiet
    -v, --verbose

commands:
    collect         gather system logs into a log archive
    config          view/change logging system settings
    diagnose        diagnose an archive for a variety of issues
    erase           delete system logging data
    repack          repack a log archive using a predicate
    show            view/search system logs
    stream          watch live system logs
    stats           show system logging statistics

further help:
    log help <command>
    log help predicates
    log help shorthand
/Users/clawdia/.openclaw/workspace/scripts/consolidated-email-processor.sh: line 297: should_create_todo: command not found
log: Unknown subcommand 'ERROR'
usage:
    log <command>

global options:
    -?, --help
    -q, --quiet
    -v, --verbose

commands:
    collect         gather system logs into a log archive
    config          view/change logging system settings
    diagnose        diagnose an archive for a variety of issues
    erase           delete system logging data
    repack          repack a log archive using a predicate
    show            view/search system logs
    stream          watch live system logs
    stats           show system logging statistics

further help:
    log help <command>
    log help predicates
    log help shorthand
/Users/clawdia/.openclaw/workspace/scripts/consolidated-email-processor.sh: line 297: should_create_todo: command not found
log: Unknown subcommand 'ERROR'
usage:
    log <command>

global options:
    -?, --help
    -q, --quiet
    -v, --verbose

commands:
    collect         gather system logs into a log archive
    config          view/change logging system settings
    diagnose        diagnose an archive for a variety of issues
    erase           delete system logging data
    repack          repack a log archive using a predicate
    show            view/search system logs
    stream          watch live system logs
    stats           show system logging statistics

further help:
    log help <command>
    log help predicates
    log help shorthand
/Users/clawdia/.openclaw/workspace/scripts/consolidated-email-processor.sh: line 297: should_create_todo: command not found
log: Unknown subcommand 'ERROR'
usage:
    log <command>

global options:
    -?, --help
    -q, --quiet
    -v, --verbose

commands:
    collect         gather system logs into a log archive
    config          view/change logging system settings
    diagnose        diagnose an archive for a variety of issues
    erase           delete system logging data
    repack          repack a log archive using a predicate
    show            view/search system logs
    stream          watch live system logs
    stats           show system logging statistics

further help:
    log help <command>
    log help predicates
    log help shorthand
/Users/clawdia/.openclaw/workspace/scripts/consolidated-email-processor.sh: line 297: should_create_todo: command not found
log: Unknown subcommand 'ERROR'
usage:
    log <command>

global options:
    -?, --help
    -q, --quiet
    -v, --verbose

commands:
    collect         gather system logs into a log archive
    config          view/change logging system settings
    diagnose        diagnose an archive for a variety of issues
    erase           delete system logging data
    repack          repack a log archive using a predicate
    show            view/search system logs
    stream          watch live system logs
    stats           show system logging statistics

further help:
    log help <command>
    log help predicates
    log help shorthand
log: Unknown subcommand 'INFO'
usage:
    log <command>

global options:
    -?, --help
    -q, --quiet
    -v, --verbose

commands:
    collect         gather system logs into a log archive
    config          view/change logging system settings
    diagnose        diagnose an archive for a variety of issues
    erase           delete system logging data
    repack          repack a log archive using a predicate
    show            view/search system logs
    stream          watch live system logs
    stats           show system logging statistics

further help:
    log help <command>
    log help predicates
    log help shorthand
log: Unknown subcommand 'ERROR'
usage:
    log <command>

global options:
    -?, --help
    -q, --quiet
    -v, --verbose

commands:
    collect         gather system logs into a log archive
    config          view/change logging system settings
    diagnose        diagnose an archive for a variety of issues
    erase           delete system logging data
    repack          repack a log archive using a predicate
    show            view/search system logs
    stream          watch live system logs
    stats           show system logging statistics

further help:
    log help <command>
    log help predicates
    log help shorthand
log: Unknown subcommand 'ERROR'
usage:
    log <command>

global options:
    -?, --help
    -q, --quiet
    -v, --verbose

commands:
    collect         gather system logs into a log archive
    config          view/change logging system settings
    diagnose        diagnose an archive for a variety of issues
    erase           delete system logging data
    repack          repack a log archive using a predicate
    show            view/search system logs
    stream          watch live system logs
    stats           show system logging statistics

further help:
    log help <command>
    log help predicates
    log help shorthand
/Users/clawdia/.openclaw/workspace/scripts/consolidated-email-processor.sh: line 329: check_quiet_hours: command not found
log: Unknown subcommand 'INFO'
usage:
    log <command>

global options:
    -?, --help
    -q, --quiet
    -v, --verbose

commands:
    collect         gather system logs into a log archive
    config          view/change logging system settings
    diagnose        diagnose an archive for a variety of issues
    erase           delete system logging data
    repack          repack a log archive using a predicate
    show            view/search system logs
    stream          watch live system logs
    stats           show system logging statistics

further help:
    log help <command>
    log help predicates
    log help shorthand
log: Unknown subcommand 'SUCCESS'
usage:
    log <command>

global options:
    -?, --help
    -q, --quiet
    -v, --verbose

commands:
    collect         gather system logs into a log archive
    config          view/change logging system settings
    diagnose        diagnose an archive for a variety of issues
    erase           delete system logging data
    repack          repack a log archive using a predicate
    show            view/search system logs
    stream          watch live system logs
    stats           show system logging statistics

further help:
    log help <command>
    log help predicates
    log help shorthand
/Users/clawdia/.openclaw/workspace/scripts/consolidated-email-processor.sh: line 343: cleanup_thread_tracking: command not found
log: Unknown subcommand 'INFO'
usage:
    log <command>

global options:
    -?, --help
    -q, --quiet
    -v, --verbose

commands:
    collect         gather system logs into a log archive
    config          view/change logging system settings
    diagnose        diagnose an archive for a variety of issues
    erase           delete system logging data
    repack          repack a log archive using a predicate
    show            view/search system logs
    stream          watch live system logs
    stats           show system logging statistics

further help:
    log help <command>
    log help predicates
    log help shorthand
log: Unknown subcommand 'INFO'
usage:
    log <command>

global options:
    -?, --help
    -q, --quiet
    -v, --verbose

commands:
    collect         gather system logs into a log archive
    config          view/change logging system settings
    diagnose        diagnose an archive for a variety of issues
    erase           delete system logging data
    repack          repack a log archive using a predicate
    show            view/search system logs
    stream          watch live system logs
    stats           show system logging statistics

further help:
    log help <command>
    log help predicates
    log help shorthand
log: Unknown subcommand 'ERROR'
usage:
    log <command>

global options:
    -?, --help
    -q, --quiet
    -v, --verbose

commands:
    collect         gather system logs into a log archive
    config          view/change logging system settings
    diagnose        diagnose an archive for a variety of issues
    erase           delete system logging data
    repack          repack a log archive using a predicate
    show            view/search system logs
    stream          watch live system logs
    stats           show system logging statistics

further help:
    log help <command>
    log help predicates
    log help shorthand
log: Unknown subcommand 'INFO'
usage:
    log <command>

global options:
    -?, --help
    -q, --quiet
    -v, --verbose

commands:
    collect         gather system logs into a log archive
    config          view/change logging system settings
    diagnose        diagnose an archive for a variety of issues
    erase           delete system logging data
    repack          repack a log archive using a predicate
    show            view/search system logs
    stream          watch live system logs
    stats           show system logging statistics

further help:
    log help <command>
    log help predicates
    log help shorthand
log: Unknown subcommand 'INFO'
usage:
    log <command>

global options:
    -?, --help
    -q, --quiet
    -v, --verbose

commands:
    collect         gather system logs into a log archive
    config          view/change logging system settings
    diagnose        diagnose an archive for a variety of issues
    erase           delete system logging data
    repack          repack a log archive using a predicate
    show            view/search system logs
    stream          watch live system logs
    stats           show system logging statistics

further help:
    log help <command>
    log help predicates
    log help shorthand
/Users/clawdia/.openclaw/workspace/scripts/consolidated-email-processor.sh: line 229: : No such file or directory
/Users/clawdia/.openclaw/workspace/scripts/consolidated-email-processor.sh: line 230: : No such file or directory
/Users/clawdia/.openclaw/workspace/scripts/consolidated-email-processor.sh: line 232: /summary-20260314-1900.txt: Read-only file system
log: Unknown subcommand 'INFO'
usage:
    log <command>

global options:
    -?, --help
    -q, --quiet
    -v, --verbose

commands:
    collect         gather system logs into a log archive
    config          view/change logging system settings
    diagnose        diagnose an archive for a variety of issues
    erase           delete system logging data
    repack          repack a log archive using a predicate
    show            view/search system logs
    stream          watch live system logs
    stats           show system logging statistics

further help:
    log help <command>
    log help predicates
    log help shorthand
find: : No such file or directory
log: Unknown subcommand 'INFO'
usage:
    log <command>

global options:
    -?, --help
    -q, --quiet
    -v, --verbose

commands:
    collect         gather system logs into a log archive
    config          view/change logging system settings
    diagnose        diagnose an archive for a variety of issues
    erase           delete system logging data
    repack          repack a log archive using a predicate
    show            view/search system logs
    stream          watch live system logs
    stats           show system logging statistics

further help:
    log help <command>
    log help predicates
    log help shorthand
log: Unknown subcommand 'SUCCESS'
usage:
    log <command>

global options:
    -?, --help
    -q, --quiet
    -v, --verbose

commands:
    collect         gather system logs into a log archive
    config          view/change logging system settings
    diagnose        diagnose an archive for a variety of issues
    erase           delete system logging data
    repack          repack a log archive using a predicate
    show            view/search system logs
    stream          watch live system logs
    stats           show system logging statistics

further help:
    log help <command>
    log help predicates
    log help shorthand
log: Unknown subcommand 'INFO'
usage:
    log <command>

global options:
    -?, --help
    -q, --quiet
    -v, --verbose

commands:
    collect         gather system logs into a log archive
    config          view/change logging system settings
    diagnose        diagnose an archive for a variety of issues
    erase           delete system logging data
    repack          repack a log archive using a predicate
    show            view/search system logs
    stream          watch live system logs
    stats           show system logging statistics

further help:
    log help <command>
    log help predicates
    log help shorthand
/Users/clawdia/.openclaw/workspace/scripts/consolidated-email-processor.sh: line 319: policy_guard_check: command not found
log: Unknown subcommand 'INFO'
usage:
    log <command>

global options:
    -?, --help
    -q, --quiet
    -v, --verbose

commands:
    collect         gather system logs into a log archive
    config          view/change logging system settings
    diagnose        diagnose an archive for a variety of issues
    erase           delete system logging data
    repack          repack a log archive using a predicate
    show            view/search system logs
    stream          watch live system logs
    stats           show system logging statistics

further help:
    log help <command>
    log help predicates
    log help shorthand
log: Unknown subcommand 'INFO'
usage:
    log <command>

global options:
    -?, --help
    -q, --quiet
    -v, --verbose

commands:
    collect         gather system logs into a log archive
    config          view/change logging system settings
    diagnose        diagnose an archive for a variety of issues
    erase           delete system logging data
    repack          repack a log archive using a predicate
    show            view/search system logs
    stream          watch live system logs
    stats           show system logging statistics

further help:
    log help <command>
    log help predicates
    log help shorthand
log: Unknown subcommand 'INFO'
usage:
    log <command>

global options:
    -?, --help
    -q, --quiet
    -v, --verbose

commands:
    collect         gather system logs into a log archive
    config          view/change logging system settings
    diagnose        diagnose an archive for a variety of issues
    erase           delete system logging data
    repack          repack a log archive using a predicate
    show            view/search system logs
    stream          watch live system logs
    stats           show system logging statistics

further help:
    log help <command>
    log help predicates
    log help shorthand
/Users/clawdia/.openclaw/workspace/scripts/consolidated-email-processor.sh: line 284: should_create_todo: command not found
log: Unknown subcommand 'SUCCESS'
usage:
    log <command>

global options:
    -?, --help
    -q, --quiet
    -v, --verbose

commands:
    collect         gather system logs into a log archive
    config          view/change logging system settings
    diagnose        diagnose an archive for a variety of issues
    erase           delete system logging data
    repack          repack a log archive using a predicate
    show            view/search system logs
    stream          watch live system logs
    stats           show system logging statistics

further help:
    log help <command>
    log help predicates
    log help shorthand
/Users/clawdia/.openclaw/workspace/scripts/consolidated-email-processor.sh: line 284: should_create_todo: command not found
log: Unknown subcommand 'SUCCESS'
usage:
    log <command>

global options:
    -?, --help
    -q, --quiet
    -v, --verbose

commands:
    collect         gather system logs into a log archive
    config          view/change logging system settings
    diagnose        diagnose an archive for a variety of issues
    erase           delete system logging data
    repack          repack a log archive using a predicate
    show            view/search system logs
    stream          watch live system logs
    stats           show system logging statistics

further help:
    log help <command>
    log help predicates
    log help shorthand
/Users/clawdia/.openclaw/workspace/scripts/consolidated-email-processor.sh: line 284: should_create_todo: command not found
log: Unknown subcommand 'SUCCESS'
usage:
    log <command>

global options:
    -?, --help
    -q, --quiet
    -v, --verbose

commands:
    collect         gather system logs into a log archive
    config          view/change logging system settings
    diagnose        diagnose an archive for a variety of issues
    erase           delete system logging data
    repack          repack a log archive using a predicate
    show            view/search system logs
    stream          watch live system logs
    stats           show system logging statistics

further help:
    log help <command>
    log help predicates
    log help shorthand
/Users/clawdia/.openclaw/workspace/scripts/consolidated-email-processor.sh: line 284: should_create_todo: command not found
log: Unknown subcommand 'SUCCESS'
usage:
    log <command>

global options:
    -?, --help
    -q, --quiet
    -v, --verbose

commands:
    collect         gather system logs into a log archive
    config          view/change logging system settings
    diagnose        diagnose an archive for a variety of issues
    erase           delete system logging data
    repack          repack a log archive using a predicate
    show            view/search system logs
    stream          watch live system logs
    stats           show system logging statistics

further help:
    log help <command>
    log help predicates
    log help shorthand
/Users/clawdia/.openclaw/workspace/scripts/consolidated-email-processor.sh: line 284: should_create_todo: command not found
log: Unknown subcommand 'SUCCESS'
usage:
    log <command>

global options:
    -?, --help
    -q, --quiet
    -v, --verbose

commands:
    collect         gather system logs into a log archive
    config          view/change logging system settings
    diagnose        diagnose an archive for a variety of issues
    erase           delete system logging data
    repack          repack a log archive using a predicate
    show            view/search system logs
    stream          watch live system logs
    stats           show system logging statistics

further help:
    log help <command>
    log help predicates
    log help shorthand
/Users/clawdia/.openclaw/workspace/scripts/consolidated-email-processor.sh: line 284: should_create_todo: command not found
log: Unknown subcommand 'SUCCESS'
usage:
    log <command>

global options:
    -?, --help
    -q, --quiet
    -v, --verbose

commands:
    collect         gather system logs into a log archive
    config          view/change logging system settings
    diagnose        diagnose an archive for a variety of issues
    erase           delete system logging data
    repack          repack a log archive using a predicate
    show            view/search system logs
    stream          watch live system logs
    stats           show system logging statistics

further help:
    log help <command>
    log help predicates
    log help shorthand
/Users/clawdia/.openclaw/workspace/scripts/consolidated-email-processor.sh: line 297: should_create_todo: command not found
log: Unknown subcommand 'ERROR'
usage:
    log <command>

global options:
    -?, --help
    -q, --quiet
    -v, --verbose

commands:
    collect         gather system logs into a log archive
    config          view/change logging system settings
    diagnose        diagnose an archive for a variety of issues
    erase           delete system logging data
    repack          repack a log archive using a predicate
    show            view/search system logs
    stream          watch live system logs
    stats           show system logging statistics

further help:
    log help <command>
    log help predicates
    log help shorthand
/Users/clawdia/.openclaw/workspace/scripts/consolidated-email-processor.sh: line 297: should_create_todo: command not found
log: Unknown subcommand 'ERROR'
usage:
    log <command>

global options:
    -?, --help
    -q, --quiet
    -v, --verbose

commands:
    collect         gather system logs into a log archive
    config          view/change logging system settings
    diagnose        diagnose an archive for a variety of issues
    erase           delete system logging data
    repack          repack a log archive using a predicate
    show            view/search system logs
    stream          watch live system logs
    stats           show system logging statistics

further help:
    log help <command>
    log help predicates
    log help shorthand
/Users/clawdia/.openclaw/workspace/scripts/consolidated-email-processor.sh: line 297: should_create_todo: command not found
log: Unknown subcommand 'ERROR'
usage:
    log <command>

global options:
    -?, --help
    -q, --quiet
    -v, --verbose

commands:
    collect         gather system logs into a log archive
    config          view/change logging system settings
    diagnose        diagnose an archive for a variety of issues
    erase           delete system logging data
    repack          repack a log archive using a predicate
    show            view/search system logs
    stream          watch live system logs
    stats           show system logging statistics

further help:
    log help <command>
    log help predicates
    log help shorthand
/Users/clawdia/.openclaw/workspace/scripts/consolidated-email-processor.sh: line 297: should_create_todo: command not found
log: Unknown subcommand 'ERROR'
usage:
    log <command>

global options:
    -?, --help
    -q, --quiet
    -v, --verbose

commands:
    collect         gather system logs into a log archive
    config          view/change logging system settings
    diagnose        diagnose an archive for a variety of issues
    erase           delete system logging data
    repack          repack a log archive using a predicate
    show            view/search system logs
    stream          watch live system logs
    stats           show system logging statistics

further help:
    log help <command>
    log help predicates
    log help shorthand
/Users/clawdia/.openclaw/workspace/scripts/consolidated-email-processor.sh: line 297: should_create_todo: command not found
log: Unknown subcommand 'ERROR'
usage:
    log <command>

global options:
    -?, --help
    -q, --quiet
    -v, --verbose

commands:
    collect         gather system logs into a log archive
    config          view/change logging system settings
    diagnose        diagnose an archive for a variety of issues
    erase           delete system logging data
    repack          repack a log archive using a predicate
    show            view/search system logs
    stream          watch live system logs
    stats           show system logging statistics

further help:
    log help <command>
    log help predicates
    log help shorthand
log: Unknown subcommand 'INFO'
usage:
    log <command>

global options:
    -?, --help
    -q, --quiet
    -v, --verbose

commands:
    collect         gather system logs into a log archive
    config          view/change logging system settings
    diagnose        diagnose an archive for a variety of issues
    erase           delete system logging data
    repack          repack a log archive using a predicate
    show            view/search system logs
    stream          watch live system logs
    stats           show system logging statistics

further help:
    log help <command>
    log help predicates
    log help shorthand
log: Unknown subcommand 'ERROR'
usage:
    log <command>

global options:
    -?, --help
    -q, --quiet
    -v, --verbose

commands:
    collect         gather system logs into a log archive
    config          view/change logging system settings
    diagnose        diagnose an archive for a variety of issues
    erase           delete system logging data
    repack          repack a log archive using a predicate
    show            view/search system logs
    stream          watch live system logs
    stats           show system logging statistics

further help:
    log help <command>
    log help predicates
    log help shorthand
log: Unknown subcommand 'ERROR'
usage:
    log <command>

global options:
    -?, --help
    -q, --quiet
    -v, --verbose

commands:
    collect         gather system logs into a log archive
    config          view/change logging system settings
    diagnose        diagnose an archive for a variety of issues
    erase           delete system logging data
    repack          repack a log archive using a predicate
    show            view/search system logs
    stream          watch live system logs
    stats           show system logging statistics

further help:
    log help <command>
    log help predicates
    log help shorthand
/Users/clawdia/.openclaw/workspace/scripts/consolidated-email-processor.sh: line 329: check_quiet_hours: command not found
log: Unknown subcommand 'INFO'
usage:
    log <command>

global options:
    -?, --help
    -q, --quiet
    -v, --verbose

commands:
    collect         gather system logs into a log archive
    config          view/change logging system settings
    diagnose        diagnose an archive for a variety of issues
    erase           delete system logging data
    repack          repack a log archive using a predicate
    show            view/search system logs
    stream          watch live system logs
    stats           show system logging statistics

further help:
    log help <command>
    log help predicates
    log help shorthand
log: Unknown subcommand 'SUCCESS'
usage:
    log <command>

global options:
    -?, --help
    -q, --quiet
    -v, --verbose

commands:
    collect         gather system logs into a log archive
    config          view/change logging system settings
    diagnose        diagnose an archive for a variety of issues
    erase           delete system logging data
    repack          repack a log archive using a predicate
    show            view/search system logs
    stream          watch live system logs
    stats           show system logging statistics

further help:
    log help <command>
    log help predicates
    log help shorthand
/Users/clawdia/.openclaw/workspace/scripts/consolidated-email-processor.sh: line 343: cleanup_thread_tracking: command not found
log: Unknown subcommand 'INFO'
usage:
    log <command>

global options:
    -?, --help
    -q, --quiet
    -v, --verbose

commands:
    collect         gather system logs into a log archive
    config          view/change logging system settings
    diagnose        diagnose an archive for a variety of issues
    erase           delete system logging data
    repack          repack a log archive using a predicate
    show            view/search system logs
    stream          watch live system logs
    stats           show system logging statistics

further help:
    log help <command>
    log help predicates
    log help shorthand
log: Unknown subcommand 'INFO'
usage:
    log <command>

global options:
    -?, --help
    -q, --quiet
    -v, --verbose

commands:
    collect         gather system logs into a log archive
    config          view/change logging system settings
    diagnose        diagnose an archive for a variety of issues
    erase           delete system logging data
    repack          repack a log archive using a predicate
    show            view/search system logs
    stream          watch live system logs
    stats           show system logging statistics

further help:
    log help <command>
    log help predicates
    log help shorthand
log: Unknown subcommand 'ERROR'
usage:
    log <command>

global options:
    -?, --help
    -q, --quiet
    -v, --verbose

commands:
    collect         gather system logs into a log archive
    config          view/change logging system settings
    diagnose        diagnose an archive for a variety of issues
    erase           delete system logging data
    repack          repack a log archive using a predicate
    show            view/search system logs
    stream          watch live system logs
    stats           show system logging statistics

further help:
    log help <command>
    log help predicates
    log help shorthand
log: Unknown subcommand 'INFO'
usage:
    log <command>

global options:
    -?, --help
    -q, --quiet
    -v, --verbose

commands:
    collect         gather system logs into a log archive
    config          view/change logging system settings
    diagnose        diagnose an archive for a variety of issues
    erase           delete system logging data
    repack          repack a log archive using a predicate
    show            view/search system logs
    stream          watch live system logs
    stats           show system logging statistics

further help:
    log help <command>
    log help predicates
    log help shorthand
log: Unknown subcommand 'INFO'
usage:
    log <command>

global options:
    -?, --help
    -q, --quiet
    -v, --verbose

commands:
    collect         gather system logs into a log archive
    config          view/change logging system settings
    diagnose        diagnose an archive for a variety of issues
    erase           delete system logging data
    repack          repack a log archive using a predicate
    show            view/search system logs
    stream          watch live system logs
    stats           show system logging statistics

further help:
    log help <command>
    log help predicates
    log help shorthand
/Users/clawdia/.openclaw/workspace/scripts/consolidated-email-processor.sh: line 229: : No such file or directory
/Users/clawdia/.openclaw/workspace/scripts/consolidated-email-processor.sh: line 230: : No such file or directory
/Users/clawdia/.openclaw/workspace/scripts/consolidated-email-processor.sh: line 232: /summary-20260314-2000.txt: Read-only file system
log: Unknown subcommand 'INFO'
usage:
    log <command>

global options:
    -?, --help
    -q, --quiet
    -v, --verbose

commands:
    collect         gather system logs into a log archive
    config          view/change logging system settings
    diagnose        diagnose an archive for a variety of issues
    erase           delete system logging data
    repack          repack a log archive using a predicate
    show            view/search system logs
    stream          watch live system logs
    stats           show system logging statistics

further help:
    log help <command>
    log help predicates
    log help shorthand
find: : No such file or directory
log: Unknown subcommand 'INFO'
usage:
    log <command>

global options:
    -?, --help
    -q, --quiet
    -v, --verbose

commands:
    collect         gather system logs into a log archive
    config          view/change logging system settings
    diagnose        diagnose an archive for a variety of issues
    erase           delete system logging data
    repack          repack a log archive using a predicate
    show            view/search system logs
    stream          watch live system logs
    stats           show system logging statistics

further help:
    log help <command>
    log help predicates
    log help shorthand
log: Unknown subcommand 'SUCCESS'
usage:
    log <command>

global options:
    -?, --help
    -q, --quiet
    -v, --verbose

commands:
    collect         gather system logs into a log archive
    config          view/change logging system settings
    diagnose        diagnose an archive for a variety of issues
    erase           delete system logging data
    repack          repack a log archive using a predicate
    show            view/search system logs
    stream          watch live system logs
    stats           show system logging statistics

further help:
    log help <command>
    log help predicates
    log help shorthand
log: Unknown subcommand 'INFO'
usage:
    log <command>

global options:
    -?, --help
    -q, --quiet
    -v, --verbose

commands:
    collect         gather system logs into a log archive
    config          view/change logging system settings
    diagnose        diagnose an archive for a variety of issues
    erase           delete system logging data
    repack          repack a log archive using a predicate
    show            view/search system logs
    stream          watch live system logs
    stats           show system logging statistics

further help:
    log help <command>
    log help predicates
    log help shorthand
/Users/clawdia/.openclaw/workspace/scripts/consolidated-email-processor.sh: line 319: policy_guard_check: command not found
log: Unknown subcommand 'INFO'
usage:
    log <command>

global options:
    -?, --help
    -q, --quiet
    -v, --verbose

commands:
    collect         gather system logs into a log archive
    config          view/change logging system settings
    diagnose        diagnose an archive for a variety of issues
    erase           delete system logging data
    repack          repack a log archive using a predicate
    show            view/search system logs
    stream          watch live system logs
    stats           show system logging statistics

further help:
    log help <command>
    log help predicates
    log help shorthand
log: Unknown subcommand 'INFO'
usage:
    log <command>

global options:
    -?, --help
    -q, --quiet
    -v, --verbose

commands:
    collect         gather system logs into a log archive
    config          view/change logging system settings
    diagnose        diagnose an archive for a variety of issues
    erase           delete system logging data
    repack          repack a log archive using a predicate
    show            view/search system logs
    stream          watch live system logs
    stats           show system logging statistics

further help:
    log help <command>
    log help predicates
    log help shorthand
log: Unknown subcommand 'INFO'
usage:
    log <command>

global options:
    -?, --help
    -q, --quiet
    -v, --verbose

commands:
    collect         gather system logs into a log archive
    config          view/change logging system settings
    diagnose        diagnose an archive for a variety of issues
    erase           delete system logging data
    repack          repack a log archive using a predicate
    show            view/search system logs
    stream          watch live system logs
    stats           show system logging statistics

further help:
    log help <command>
    log help predicates
    log help shorthand
/Users/clawdia/.openclaw/workspace/scripts/consolidated-email-processor.sh: line 284: should_create_todo: command not found
log: Unknown subcommand 'SUCCESS'
usage:
    log <command>

global options:
    -?, --help
    -q, --quiet
    -v, --verbose

commands:
    collect         gather system logs into a log archive
    config          view/change logging system settings
    diagnose        diagnose an archive for a variety of issues
    erase           delete system logging data
    repack          repack a log archive using a predicate
    show            view/search system logs
    stream          watch live system logs
    stats           show system logging statistics

further help:
    log help <command>
    log help predicates
    log help shorthand
/Users/clawdia/.openclaw/workspace/scripts/consolidated-email-processor.sh: line 284: should_create_todo: command not found
log: Unknown subcommand 'SUCCESS'
usage:
    log <command>

global options:
    -?, --help
    -q, --quiet
    -v, --verbose

commands:
    collect         gather system logs into a log archive
    config          view/change logging system settings
    diagnose        diagnose an archive for a variety of issues
    erase           delete system logging data
    repack          repack a log archive using a predicate
    show            view/search system logs
    stream          watch live system logs
    stats           show system logging statistics

further help:
    log help <command>
    log help predicates
    log help shorthand
/Users/clawdia/.openclaw/workspace/scripts/consolidated-email-processor.sh: line 284: should_create_todo: command not found
log: Unknown subcommand 'SUCCESS'
usage:
    log <command>

global options:
    -?, --help
    -q, --quiet
    -v, --verbose

commands:
    collect         gather system logs into a log archive
    config          view/change logging system settings
    diagnose        diagnose an archive for a variety of issues
    erase           delete system logging data
    repack          repack a log archive using a predicate
    show            view/search system logs
    stream          watch live system logs
    stats           show system logging statistics

further help:
    log help <command>
    log help predicates
    log help shorthand
/Users/clawdia/.openclaw/workspace/scripts/consolidated-email-processor.sh: line 284: should_create_todo: command not found
log: Unknown subcommand 'SUCCESS'
usage:
    log <command>

global options:
    -?, --help
    -q, --quiet
    -v, --verbose

commands:
    collect         gather system logs into a log archive
    config          view/change logging system settings
    diagnose        diagnose an archive for a variety of issues
    erase           delete system logging data
    repack          repack a log archive using a predicate
    show            view/search system logs
    stream          watch live system logs
    stats           show system logging statistics

further help:
    log help <command>
    log help predicates
    log help shorthand
/Users/clawdia/.openclaw/workspace/scripts/consolidated-email-processor.sh: line 284: should_create_todo: command not found
log: Unknown subcommand 'SUCCESS'
usage:
    log <command>

global options:
    -?, --help
    -q, --quiet
    -v, --verbose

commands:
    collect         gather system logs into a log archive
    config          view/change logging system settings
    diagnose        diagnose an archive for a variety of issues
    erase           delete system logging data
    repack          repack a log archive using a predicate
    show            view/search system logs
    stream          watch live system logs
    stats           show system logging statistics

further help:
    log help <command>
    log help predicates
    log help shorthand
/Users/clawdia/.openclaw/workspace/scripts/consolidated-email-processor.sh: line 284: should_create_todo: command not found
log: Unknown subcommand 'SUCCESS'
usage:
    log <command>

global options:
    -?, --help
    -q, --quiet
    -v, --verbose

commands:
    collect         gather system logs into a log archive
    config          view/change logging system settings
    diagnose        diagnose an archive for a variety of issues
    erase           delete system logging data
    repack          repack a log archive using a predicate
    show            view/search system logs
    stream          watch live system logs
    stats           show system logging statistics

further help:
    log help <command>
    log help predicates
    log help shorthand
/Users/clawdia/.openclaw/workspace/scripts/consolidated-email-processor.sh: line 297: should_create_todo: command not found
log: Unknown subcommand 'ERROR'
usage:
    log <command>

global options:
    -?, --help
    -q, --quiet
    -v, --verbose

commands:
    collect         gather system logs into a log archive
    config          view/change logging system settings
    diagnose        diagnose an archive for a variety of issues
    erase           delete system logging data
    repack          repack a log archive using a predicate
    show            view/search system logs
    stream          watch live system logs
    stats           show system logging statistics

further help:
    log help <command>
    log help predicates
    log help shorthand
/Users/clawdia/.openclaw/workspace/scripts/consolidated-email-processor.sh: line 297: should_create_todo: command not found
log: Unknown subcommand 'ERROR'
usage:
    log <command>

global options:
    -?, --help
    -q, --quiet
    -v, --verbose

commands:
    collect         gather system logs into a log archive
    config          view/change logging system settings
    diagnose        diagnose an archive for a variety of issues
    erase           delete system logging data
    repack          repack a log archive using a predicate
    show            view/search system logs
    stream          watch live system logs
    stats           show system logging statistics

further help:
    log help <command>
    log help predicates
    log help shorthand
/Users/clawdia/.openclaw/workspace/scripts/consolidated-email-processor.sh: line 297: should_create_todo: command not found
log: Unknown subcommand 'ERROR'
usage:
    log <command>

global options:
    -?, --help
    -q, --quiet
    -v, --verbose

commands:
    collect         gather system logs into a log archive
    config          view/change logging system settings
    diagnose        diagnose an archive for a variety of issues
    erase           delete system logging data
    repack          repack a log archive using a predicate
    show            view/search system logs
    stream          watch live system logs
    stats           show system logging statistics

further help:
    log help <command>
    log help predicates
    log help shorthand
/Users/clawdia/.openclaw/workspace/scripts/consolidated-email-processor.sh: line 297: should_create_todo: command not found
log: Unknown subcommand 'ERROR'
usage:
    log <command>

global options:
    -?, --help
    -q, --quiet
    -v, --verbose

commands:
    collect         gather system logs into a log archive
    config          view/change logging system settings
    diagnose        diagnose an archive for a variety of issues
    erase           delete system logging data
    repack          repack a log archive using a predicate
    show            view/search system logs
    stream          watch live system logs
    stats           show system logging statistics

further help:
    log help <command>
    log help predicates
    log help shorthand
/Users/clawdia/.openclaw/workspace/scripts/consolidated-email-processor.sh: line 297: should_create_todo: command not found
log: Unknown subcommand 'ERROR'
usage:
    log <command>

global options:
    -?, --help
    -q, --quiet
    -v, --verbose

commands:
    collect         gather system logs into a log archive
    config          view/change logging system settings
    diagnose        diagnose an archive for a variety of issues
    erase           delete system logging data
    repack          repack a log archive using a predicate
    show            view/search system logs
    stream          watch live system logs
    stats           show system logging statistics

further help:
    log help <command>
    log help predicates
    log help shorthand
log: Unknown subcommand 'INFO'
usage:
    log <command>

global options:
    -?, --help
    -q, --quiet
    -v, --verbose

commands:
    collect         gather system logs into a log archive
    config          view/change logging system settings
    diagnose        diagnose an archive for a variety of issues
    erase           delete system logging data
    repack          repack a log archive using a predicate
    show            view/search system logs
    stream          watch live system logs
    stats           show system logging statistics

further help:
    log help <command>
    log help predicates
    log help shorthand
log: Unknown subcommand 'ERROR'
usage:
    log <command>

global options:
    -?, --help
    -q, --quiet
    -v, --verbose

commands:
    collect         gather system logs into a log archive
    config          view/change logging system settings
    diagnose        diagnose an archive for a variety of issues
    erase           delete system logging data
    repack          repack a log archive using a predicate
    show            view/search system logs
    stream          watch live system logs
    stats           show system logging statistics

further help:
    log help <command>
    log help predicates
    log help shorthand
log: Unknown subcommand 'ERROR'
usage:
    log <command>

global options:
    -?, --help
    -q, --quiet
    -v, --verbose

commands:
    collect         gather system logs into a log archive
    config          view/change logging system settings
    diagnose        diagnose an archive for a variety of issues
    erase           delete system logging data
    repack          repack a log archive using a predicate
    show            view/search system logs
    stream          watch live system logs
    stats           show system logging statistics

further help:
    log help <command>
    log help predicates
    log help shorthand
/Users/clawdia/.openclaw/workspace/scripts/consolidated-email-processor.sh: line 329: check_quiet_hours: command not found
log: Unknown subcommand 'INFO'
usage:
    log <command>

global options:
    -?, --help
    -q, --quiet
    -v, --verbose

commands:
    collect         gather system logs into a log archive
    config          view/change logging system settings
    diagnose        diagnose an archive for a variety of issues
    erase           delete system logging data
    repack          repack a log archive using a predicate
    show            view/search system logs
    stream          watch live system logs
    stats           show system logging statistics

further help:
    log help <command>
    log help predicates
    log help shorthand
log: Unknown subcommand 'SUCCESS'
usage:
    log <command>

global options:
    -?, --help
    -q, --quiet
    -v, --verbose

commands:
    collect         gather system logs into a log archive
    config          view/change logging system settings
    diagnose        diagnose an archive for a variety of issues
    erase           delete system logging data
    repack          repack a log archive using a predicate
    show            view/search system logs
    stream          watch live system logs
    stats           show system logging statistics

further help:
    log help <command>
    log help predicates
    log help shorthand
/Users/clawdia/.openclaw/workspace/scripts/consolidated-email-processor.sh: line 343: cleanup_thread_tracking: command not found
log: Unknown subcommand 'INFO'
usage:
    log <command>

global options:
    -?, --help
    -q, --quiet
    -v, --verbose

commands:
    collect         gather system logs into a log archive
    config          view/change logging system settings
    diagnose        diagnose an archive for a variety of issues
    erase           delete system logging data
    repack          repack a log archive using a predicate
    show            view/search system logs
    stream          watch live system logs
    stats           show system logging statistics

further help:
    log help <command>
    log help predicates
    log help shorthand
log: Unknown subcommand 'INFO'
usage:
    log <command>

global options:
    -?, --help
    -q, --quiet
    -v, --verbose

commands:
    collect         gather system logs into a log archive
    config          view/change logging system settings
    diagnose        diagnose an archive for a variety of issues
    erase           delete system logging data
    repack          repack a log archive using a predicate
    show            view/search system logs
    stream          watch live system logs
    stats           show system logging statistics

further help:
    log help <command>
    log help predicates
    log help shorthand
log: Unknown subcommand 'ERROR'
usage:
    log <command>

global options:
    -?, --help
    -q, --quiet
    -v, --verbose

commands:
    collect         gather system logs into a log archive
    config          view/change logging system settings
    diagnose        diagnose an archive for a variety of issues
    erase           delete system logging data
    repack          repack a log archive using a predicate
    show            view/search system logs
    stream          watch live system logs
    stats           show system logging statistics

further help:
    log help <command>
    log help predicates
    log help shorthand
log: Unknown subcommand 'INFO'
usage:
    log <command>

global options:
    -?, --help
    -q, --quiet
    -v, --verbose

commands:
    collect         gather system logs into a log archive
    config          view/change logging system settings
    diagnose        diagnose an archive for a variety of issues
    erase           delete system logging data
    repack          repack a log archive using a predicate
    show            view/search system logs
    stream          watch live system logs
    stats           show system logging statistics

further help:
    log help <command>
    log help predicates
    log help shorthand
log: Unknown subcommand 'INFO'
usage:
    log <command>

global options:
    -?, --help
    -q, --quiet
    -v, --verbose

commands:
    collect         gather system logs into a log archive
    config          view/change logging system settings
    diagnose        diagnose an archive for a variety of issues
    erase           delete system logging data
    repack          repack a log archive using a predicate
    show            view/search system logs
    stream          watch live system logs
    stats           show system logging statistics

further help:
    log help <command>
    log help predicates
    log help shorthand
/Users/clawdia/.openclaw/workspace/scripts/consolidated-email-processor.sh: line 229: : No such file or directory
/Users/clawdia/.openclaw/workspace/scripts/consolidated-email-processor.sh: line 230: : No such file or directory
/Users/clawdia/.openclaw/workspace/scripts/consolidated-email-processor.sh: line 232: /summary-20260314-2100.txt: Read-only file system
log: Unknown subcommand 'INFO'
usage:
    log <command>

global options:
    -?, --help
    -q, --quiet
    -v, --verbose

commands:
    collect         gather system logs into a log archive
    config          view/change logging system settings
    diagnose        diagnose an archive for a variety of issues
    erase           delete system logging data
    repack          repack a log archive using a predicate
    show            view/search system logs
    stream          watch live system logs
    stats           show system logging statistics

further help:
    log help <command>
    log help predicates
    log help shorthand
find: : No such file or directory
log: Unknown subcommand 'INFO'
usage:
    log <command>

global options:
    -?, --help
    -q, --quiet
    -v, --verbose

commands:
    collect         gather system logs into a log archive
    config          view/change logging system settings
    diagnose        diagnose an archive for a variety of issues
    erase           delete system logging data
    repack          repack a log archive using a predicate
    show            view/search system logs
    stream          watch live system logs
    stats           show system logging statistics

further help:
    log help <command>
    log help predicates
    log help shorthand
log: Unknown subcommand 'SUCCESS'
usage:
    log <command>

global options:
    -?, --help
    -q, --quiet
    -v, --verbose

commands:
    collect         gather system logs into a log archive
    config          view/change logging system settings
    diagnose        diagnose an archive for a variety of issues
    erase           delete system logging data
    repack          repack a log archive using a predicate
    show            view/search system logs
    stream          watch live system logs
    stats           show system logging statistics

further help:
    log help <command>
    log help predicates
    log help shorthand
log: Unknown subcommand 'INFO'
usage:
    log <command>

global options:
    -?, --help
    -q, --quiet
    -v, --verbose

commands:
    collect         gather system logs into a log archive
    config          view/change logging system settings
    diagnose        diagnose an archive for a variety of issues
    erase           delete system logging data
    repack          repack a log archive using a predicate
    show            view/search system logs
    stream          watch live system logs
    stats           show system logging statistics

further help:
    log help <command>
    log help predicates
    log help shorthand
/Users/clawdia/.openclaw/workspace/scripts/consolidated-email-processor.sh: line 319: policy_guard_check: command not found
log: Unknown subcommand 'INFO'
usage:
    log <command>

global options:
    -?, --help
    -q, --quiet
    -v, --verbose

commands:
    collect         gather system logs into a log archive
    config          view/change logging system settings
    diagnose        diagnose an archive for a variety of issues
    erase           delete system logging data
    repack          repack a log archive using a predicate
    show            view/search system logs
    stream          watch live system logs
    stats           show system logging statistics

further help:
    log help <command>
    log help predicates
    log help shorthand
log: Unknown subcommand 'INFO'
usage:
    log <command>

global options:
    -?, --help
    -q, --quiet
    -v, --verbose

commands:
    collect         gather system logs into a log archive
    config          view/change logging system settings
    diagnose        diagnose an archive for a variety of issues
    erase           delete system logging data
    repack          repack a log archive using a predicate
    show            view/search system logs
    stream          watch live system logs
    stats           show system logging statistics

further help:
    log help <command>
    log help predicates
    log help shorthand
log: Unknown subcommand 'INFO'
usage:
    log <command>

global options:
    -?, --help
    -q, --quiet
    -v, --verbose

commands:
    collect         gather system logs into a log archive
    config          view/change logging system settings
    diagnose        diagnose an archive for a variety of issues
    erase           delete system logging data
    repack          repack a log archive using a predicate
    show            view/search system logs
    stream          watch live system logs
    stats           show system logging statistics

further help:
    log help <command>
    log help predicates
    log help shorthand
/Users/clawdia/.openclaw/workspace/scripts/consolidated-email-processor.sh: line 284: should_create_todo: command not found
log: Unknown subcommand 'SUCCESS'
usage:
    log <command>

global options:
    -?, --help
    -q, --quiet
    -v, --verbose

commands:
    collect         gather system logs into a log archive
    config          view/change logging system settings
    diagnose        diagnose an archive for a variety of issues
    erase           delete system logging data
    repack          repack a log archive using a predicate
    show            view/search system logs
    stream          watch live system logs
    stats           show system logging statistics

further help:
    log help <command>
    log help predicates
    log help shorthand
/Users/clawdia/.openclaw/workspace/scripts/consolidated-email-processor.sh: line 284: should_create_todo: command not found
log: Unknown subcommand 'SUCCESS'
usage:
    log <command>

global options:
    -?, --help
    -q, --quiet
    -v, --verbose

commands:
    collect         gather system logs into a log archive
    config          view/change logging system settings
    diagnose        diagnose an archive for a variety of issues
    erase           delete system logging data
    repack          repack a log archive using a predicate
    show            view/search system logs
    stream          watch live system logs
    stats           show system logging statistics

further help:
    log help <command>
    log help predicates
    log help shorthand
/Users/clawdia/.openclaw/workspace/scripts/consolidated-email-processor.sh: line 284: should_create_todo: command not found
log: Unknown subcommand 'SUCCESS'
usage:
    log <command>

global options:
    -?, --help
    -q, --quiet
    -v, --verbose

commands:
    collect         gather system logs into a log archive
    config          view/change logging system settings
    diagnose        diagnose an archive for a variety of issues
    erase           delete system logging data
    repack          repack a log archive using a predicate
    show            view/search system logs
    stream          watch live system logs
    stats           show system logging statistics

further help:
    log help <command>
    log help predicates
    log help shorthand
/Users/clawdia/.openclaw/workspace/scripts/consolidated-email-processor.sh: line 284: should_create_todo: command not found
log: Unknown subcommand 'SUCCESS'
usage:
    log <command>

global options:
    -?, --help
    -q, --quiet
    -v, --verbose

commands:
    collect         gather system logs into a log archive
    config          view/change logging system settings
    diagnose        diagnose an archive for a variety of issues
    erase           delete system logging data
    repack          repack a log archive using a predicate
    show            view/search system logs
    stream          watch live system logs
    stats           show system logging statistics

further help:
    log help <command>
    log help predicates
    log help shorthand
/Users/clawdia/.openclaw/workspace/scripts/consolidated-email-processor.sh: line 284: should_create_todo: command not found
log: Unknown subcommand 'SUCCESS'
usage:
    log <command>

global options:
    -?, --help
    -q, --quiet
    -v, --verbose

commands:
    collect         gather system logs into a log archive
    config          view/change logging system settings
    diagnose        diagnose an archive for a variety of issues
    erase           delete system logging data
    repack          repack a log archive using a predicate
    show            view/search system logs
    stream          watch live system logs
    stats           show system logging statistics

further help:
    log help <command>
    log help predicates
    log help shorthand
/Users/clawdia/.openclaw/workspace/scripts/consolidated-email-processor.sh: line 284: should_create_todo: command not found
log: Unknown subcommand 'SUCCESS'
usage:
    log <command>

global options:
    -?, --help
    -q, --quiet
    -v, --verbose

commands:
    collect         gather system logs into a log archive
    config          view/change logging system settings
    diagnose        diagnose an archive for a variety of issues
    erase           delete system logging data
    repack          repack a log archive using a predicate
    show            view/search system logs
    stream          watch live system logs
    stats           show system logging statistics

further help:
    log help <command>
    log help predicates
    log help shorthand
/Users/clawdia/.openclaw/workspace/scripts/consolidated-email-processor.sh: line 297: should_create_todo: command not found
log: Unknown subcommand 'ERROR'
usage:
    log <command>

global options:
    -?, --help
    -q, --quiet
    -v, --verbose

commands:
    collect         gather system logs into a log archive
    config          view/change logging system settings
    diagnose        diagnose an archive for a variety of issues
    erase           delete system logging data
    repack          repack a log archive using a predicate
    show            view/search system logs
    stream          watch live system logs
    stats           show system logging statistics

further help:
    log help <command>
    log help predicates
    log help shorthand
/Users/clawdia/.openclaw/workspace/scripts/consolidated-email-processor.sh: line 297: should_create_todo: command not found
log: Unknown subcommand 'ERROR'
usage:
    log <command>

global options:
    -?, --help
    -q, --quiet
    -v, --verbose

commands:
    collect         gather system logs into a log archive
    config          view/change logging system settings
    diagnose        diagnose an archive for a variety of issues
    erase           delete system logging data
    repack          repack a log archive using a predicate
    show            view/search system logs
    stream          watch live system logs
    stats           show system logging statistics

further help:
    log help <command>
    log help predicates
    log help shorthand
/Users/clawdia/.openclaw/workspace/scripts/consolidated-email-processor.sh: line 297: should_create_todo: command not found
log: Unknown subcommand 'ERROR'
usage:
    log <command>

global options:
    -?, --help
    -q, --quiet
    -v, --verbose

commands:
    collect         gather system logs into a log archive
    config          view/change logging system settings
    diagnose        diagnose an archive for a variety of issues
    erase           delete system logging data
    repack          repack a log archive using a predicate
    show            view/search system logs
    stream          watch live system logs
    stats           show system logging statistics

further help:
    log help <command>
    log help predicates
    log help shorthand
/Users/clawdia/.openclaw/workspace/scripts/consolidated-email-processor.sh: line 297: should_create_todo: command not found
log: Unknown subcommand 'ERROR'
usage:
    log <command>

global options:
    -?, --help
    -q, --quiet
    -v, --verbose

commands:
    collect         gather system logs into a log archive
    config          view/change logging system settings
    diagnose        diagnose an archive for a variety of issues
    erase           delete system logging data
    repack          repack a log archive using a predicate
    show            view/search system logs
    stream          watch live system logs
    stats           show system logging statistics

further help:
    log help <command>
    log help predicates
    log help shorthand
/Users/clawdia/.openclaw/workspace/scripts/consolidated-email-processor.sh: line 297: should_create_todo: command not found
log: Unknown subcommand 'ERROR'
usage:
    log <command>

global options:
    -?, --help
    -q, --quiet
    -v, --verbose

commands:
    collect         gather system logs into a log archive
    config          view/change logging system settings
    diagnose        diagnose an archive for a variety of issues
    erase           delete system logging data
    repack          repack a log archive using a predicate
    show            view/search system logs
    stream          watch live system logs
    stats           show system logging statistics

further help:
    log help <command>
    log help predicates
    log help shorthand
log: Unknown subcommand 'INFO'
usage:
    log <command>

global options:
    -?, --help
    -q, --quiet
    -v, --verbose

commands:
    collect         gather system logs into a log archive
    config          view/change logging system settings
    diagnose        diagnose an archive for a variety of issues
    erase           delete system logging data
    repack          repack a log archive using a predicate
    show            view/search system logs
    stream          watch live system logs
    stats           show system logging statistics

further help:
    log help <command>
    log help predicates
    log help shorthand
log: Unknown subcommand 'ERROR'
usage:
    log <command>

global options:
    -?, --help
    -q, --quiet
    -v, --verbose

commands:
    collect         gather system logs into a log archive
    config          view/change logging system settings
    diagnose        diagnose an archive for a variety of issues
    erase           delete system logging data
    repack          repack a log archive using a predicate
    show            view/search system logs
    stream          watch live system logs
    stats           show system logging statistics

further help:
    log help <command>
    log help predicates
    log help shorthand
log: Unknown subcommand 'ERROR'
usage:
    log <command>

global options:
    -?, --help
    -q, --quiet
    -v, --verbose

commands:
    collect         gather system logs into a log archive
    config          view/change logging system settings
    diagnose        diagnose an archive for a variety of issues
    erase           delete system logging data
    repack          repack a log archive using a predicate
    show            view/search system logs
    stream          watch live system logs
    stats           show system logging statistics

further help:
    log help <command>
    log help predicates
    log help shorthand
/Users/clawdia/.openclaw/workspace/scripts/consolidated-email-processor.sh: line 329: check_quiet_hours: command not found
log: Unknown subcommand 'INFO'
usage:
    log <command>

global options:
    -?, --help
    -q, --quiet
    -v, --verbose

commands:
    collect         gather system logs into a log archive
    config          view/change logging system settings
    diagnose        diagnose an archive for a variety of issues
    erase           delete system logging data
    repack          repack a log archive using a predicate
    show            view/search system logs
    stream          watch live system logs
    stats           show system logging statistics

further help:
    log help <command>
    log help predicates
    log help shorthand
log: Unknown subcommand 'SUCCESS'
usage:
    log <command>

global options:
    -?, --help
    -q, --quiet
    -v, --verbose

commands:
    collect         gather system logs into a log archive
    config          view/change logging system settings
    diagnose        diagnose an archive for a variety of issues
    erase           delete system logging data
    repack          repack a log archive using a predicate
    show            view/search system logs
    stream          watch live system logs
    stats           show system logging statistics

further help:
    log help <command>
    log help predicates
    log help shorthand
/Users/clawdia/.openclaw/workspace/scripts/consolidated-email-processor.sh: line 343: cleanup_thread_tracking: command not found
log: Unknown subcommand 'INFO'
usage:
    log <command>

global options:
    -?, --help
    -q, --quiet
    -v, --verbose

commands:
    collect         gather system logs into a log archive
    config          view/change logging system settings
    diagnose        diagnose an archive for a variety of issues
    erase           delete system logging data
    repack          repack a log archive using a predicate
    show            view/search system logs
    stream          watch live system logs
    stats           show system logging statistics

further help:
    log help <command>
    log help predicates
    log help shorthand
log: Unknown subcommand 'INFO'
usage:
    log <command>

global options:
    -?, --help
    -q, --quiet
    -v, --verbose

commands:
    collect         gather system logs into a log archive
    config          view/change logging system settings
    diagnose        diagnose an archive for a variety of issues
    erase           delete system logging data
    repack          repack a log archive using a predicate
    show            view/search system logs
    stream          watch live system logs
    stats           show system logging statistics

further help:
    log help <command>
    log help predicates
    log help shorthand
log: Unknown subcommand 'ERROR'
usage:
    log <command>

global options:
    -?, --help
    -q, --quiet
    -v, --verbose

commands:
    collect         gather system logs into a log archive
    config          view/change logging system settings
    diagnose        diagnose an archive for a variety of issues
    erase           delete system logging data
    repack          repack a log archive using a predicate
    show            view/search system logs
    stream          watch live system logs
    stats           show system logging statistics

further help:
    log help <command>
    log help predicates
    log help shorthand
log: Unknown subcommand 'INFO'
usage:
    log <command>

global options:
    -?, --help
    -q, --quiet
    -v, --verbose

commands:
    collect         gather system logs into a log archive
    config          view/change logging system settings
    diagnose        diagnose an archive for a variety of issues
    erase           delete system logging data
    repack          repack a log archive using a predicate
    show            view/search system logs
    stream          watch live system logs
    stats           show system logging statistics

further help:
    log help <command>
    log help predicates
    log help shorthand
log: Unknown subcommand 'INFO'
usage:
    log <command>

global options:
    -?, --help
    -q, --quiet
    -v, --verbose

commands:
    collect         gather system logs into a log archive
    config          view/change logging system settings
    diagnose        diagnose an archive for a variety of issues
    erase           delete system logging data
    repack          repack a log archive using a predicate
    show            view/search system logs
    stream          watch live system logs
    stats           show system logging statistics

further help:
    log help <command>
    log help predicates
    log help shorthand
/Users/clawdia/.openclaw/workspace/scripts/consolidated-email-processor.sh: line 229: : No such file or directory
/Users/clawdia/.openclaw/workspace/scripts/consolidated-email-processor.sh: line 230: : No such file or directory
/Users/clawdia/.openclaw/workspace/scripts/consolidated-email-processor.sh: line 232: /summary-20260314-2200.txt: Read-only file system
log: Unknown subcommand 'INFO'
usage:
    log <command>

global options:
    -?, --help
    -q, --quiet
    -v, --verbose

commands:
    collect         gather system logs into a log archive
    config          view/change logging system settings
    diagnose        diagnose an archive for a variety of issues
    erase           delete system logging data
    repack          repack a log archive using a predicate
    show            view/search system logs
    stream          watch live system logs
    stats           show system logging statistics

further help:
    log help <command>
    log help predicates
    log help shorthand
find: : No such file or directory
log: Unknown subcommand 'INFO'
usage:
    log <command>

global options:
    -?, --help
    -q, --quiet
    -v, --verbose

commands:
    collect         gather system logs into a log archive
    config          view/change logging system settings
    diagnose        diagnose an archive for a variety of issues
    erase           delete system logging data
    repack          repack a log archive using a predicate
    show            view/search system logs
    stream          watch live system logs
    stats           show system logging statistics

further help:
    log help <command>
    log help predicates
    log help shorthand
log: Unknown subcommand 'SUCCESS'
usage:
    log <command>

global options:
    -?, --help
    -q, --quiet
    -v, --verbose

commands:
    collect         gather system logs into a log archive
    config          view/change logging system settings
    diagnose        diagnose an archive for a variety of issues
    erase           delete system logging data
    repack          repack a log archive using a predicate
    show            view/search system logs
    stream          watch live system logs
    stats           show system logging statistics

further help:
    log help <command>
    log help predicates
    log help shorthand
log: Unknown subcommand 'INFO'
usage:
    log <command>

global options:
    -?, --help
    -q, --quiet
    -v, --verbose

commands:
    collect         gather system logs into a log archive
    config          view/change logging system settings
    diagnose        diagnose an archive for a variety of issues
    erase           delete system logging data
    repack          repack a log archive using a predicate
    show            view/search system logs
    stream          watch live system logs
    stats           show system logging statistics

further help:
    log help <command>
    log help predicates
    log help shorthand
/Users/clawdia/.openclaw/workspace/scripts/consolidated-email-processor.sh: line 319: policy_guard_check: command not found
log: Unknown subcommand 'INFO'
usage:
    log <command>

global options:
    -?, --help
    -q, --quiet
    -v, --verbose

commands:
    collect         gather system logs into a log archive
    config          view/change logging system settings
    diagnose        diagnose an archive for a variety of issues
    erase           delete system logging data
    repack          repack a log archive using a predicate
    show            view/search system logs
    stream          watch live system logs
    stats           show system logging statistics

further help:
    log help <command>
    log help predicates
    log help shorthand
log: Unknown subcommand 'INFO'
usage:
    log <command>

global options:
    -?, --help
    -q, --quiet
    -v, --verbose

commands:
    collect         gather system logs into a log archive
    config          view/change logging system settings
    diagnose        diagnose an archive for a variety of issues
    erase           delete system logging data
    repack          repack a log archive using a predicate
    show            view/search system logs
    stream          watch live system logs
    stats           show system logging statistics

further help:
    log help <command>
    log help predicates
    log help shorthand
log: Unknown subcommand 'INFO'
usage:
    log <command>

global options:
    -?, --help
    -q, --quiet
    -v, --verbose

commands:
    collect         gather system logs into a log archive
    config          view/change logging system settings
    diagnose        diagnose an archive for a variety of issues
    erase           delete system logging data
    repack          repack a log archive using a predicate
    show            view/search system logs
    stream          watch live system logs
    stats           show system logging statistics

further help:
    log help <command>
    log help predicates
    log help shorthand
/Users/clawdia/.openclaw/workspace/scripts/consolidated-email-processor.sh: line 284: should_create_todo: command not found
log: Unknown subcommand 'SUCCESS'
usage:
    log <command>

global options:
    -?, --help
    -q, --quiet
    -v, --verbose

commands:
    collect         gather system logs into a log archive
    config          view/change logging system settings
    diagnose        diagnose an archive for a variety of issues
    erase           delete system logging data
    repack          repack a log archive using a predicate
    show            view/search system logs
    stream          watch live system logs
    stats           show system logging statistics

further help:
    log help <command>
    log help predicates
    log help shorthand
/Users/clawdia/.openclaw/workspace/scripts/consolidated-email-processor.sh: line 284: should_create_todo: command not found
log: Unknown subcommand 'SUCCESS'
usage:
    log <command>

global options:
    -?, --help
    -q, --quiet
    -v, --verbose

commands:
    collect         gather system logs into a log archive
    config          view/change logging system settings
    diagnose        diagnose an archive for a variety of issues
    erase           delete system logging data
    repack          repack a log archive using a predicate
    show            view/search system logs
    stream          watch live system logs
    stats           show system logging statistics

further help:
    log help <command>
    log help predicates
    log help shorthand
/Users/clawdia/.openclaw/workspace/scripts/consolidated-email-processor.sh: line 284: should_create_todo: command not found
log: Unknown subcommand 'SUCCESS'
usage:
    log <command>

global options:
    -?, --help
    -q, --quiet
    -v, --verbose

commands:
    collect         gather system logs into a log archive
    config          view/change logging system settings
    diagnose        diagnose an archive for a variety of issues
    erase           delete system logging data
    repack          repack a log archive using a predicate
    show            view/search system logs
    stream          watch live system logs
    stats           show system logging statistics

further help:
    log help <command>
    log help predicates
    log help shorthand
/Users/clawdia/.openclaw/workspace/scripts/consolidated-email-processor.sh: line 284: should_create_todo: command not found
log: Unknown subcommand 'SUCCESS'
usage:
    log <command>

global options:
    -?, --help
    -q, --quiet
    -v, --verbose

commands:
    collect         gather system logs into a log archive
    config          view/change logging system settings
    diagnose        diagnose an archive for a variety of issues
    erase           delete system logging data
    repack          repack a log archive using a predicate
    show            view/search system logs
    stream          watch live system logs
    stats           show system logging statistics

further help:
    log help <command>
    log help predicates
    log help shorthand
/Users/clawdia/.openclaw/workspace/scripts/consolidated-email-processor.sh: line 284: should_create_todo: command not found
log: Unknown subcommand 'SUCCESS'
usage:
    log <command>

global options:
    -?, --help
    -q, --quiet
    -v, --verbose

commands:
    collect         gather system logs into a log archive
    config          view/change logging system settings
    diagnose        diagnose an archive for a variety of issues
    erase           delete system logging data
    repack          repack a log archive using a predicate
    show            view/search system logs
    stream          watch live system logs
    stats           show system logging statistics

further help:
    log help <command>
    log help predicates
    log help shorthand
/Users/clawdia/.openclaw/workspace/scripts/consolidated-email-processor.sh: line 284: should_create_todo: command not found
log: Unknown subcommand 'SUCCESS'
usage:
    log <command>

global options:
    -?, --help
    -q, --quiet
    -v, --verbose

commands:
    collect         gather system logs into a log archive
    config          view/change logging system settings
    diagnose        diagnose an archive for a variety of issues
    erase           delete system logging data
    repack          repack a log archive using a predicate
    show            view/search system logs
    stream          watch live system logs
    stats           show system logging statistics

further help:
    log help <command>
    log help predicates
    log help shorthand
/Users/clawdia/.openclaw/workspace/scripts/consolidated-email-processor.sh: line 297: should_create_todo: command not found
log: Unknown subcommand 'ERROR'
usage:
    log <command>

global options:
    -?, --help
    -q, --quiet
    -v, --verbose

commands:
    collect         gather system logs into a log archive
    config          view/change logging system settings
    diagnose        diagnose an archive for a variety of issues
    erase           delete system logging data
    repack          repack a log archive using a predicate
    show            view/search system logs
    stream          watch live system logs
    stats           show system logging statistics

further help:
    log help <command>
    log help predicates
    log help shorthand
/Users/clawdia/.openclaw/workspace/scripts/consolidated-email-processor.sh: line 297: should_create_todo: command not found
log: Unknown subcommand 'ERROR'
usage:
    log <command>

global options:
    -?, --help
    -q, --quiet
    -v, --verbose

commands:
    collect         gather system logs into a log archive
    config          view/change logging system settings
    diagnose        diagnose an archive for a variety of issues
    erase           delete system logging data
    repack          repack a log archive using a predicate
    show            view/search system logs
    stream          watch live system logs
    stats           show system logging statistics

further help:
    log help <command>
    log help predicates
    log help shorthand
/Users/clawdia/.openclaw/workspace/scripts/consolidated-email-processor.sh: line 297: should_create_todo: command not found
log: Unknown subcommand 'ERROR'
usage:
    log <command>

global options:
    -?, --help
    -q, --quiet
    -v, --verbose

commands:
    collect         gather system logs into a log archive
    config          view/change logging system settings
    diagnose        diagnose an archive for a variety of issues
    erase           delete system logging data
    repack          repack a log archive using a predicate
    show            view/search system logs
    stream          watch live system logs
    stats           show system logging statistics

further help:
    log help <command>
    log help predicates
    log help shorthand
/Users/clawdia/.openclaw/workspace/scripts/consolidated-email-processor.sh: line 297: should_create_todo: command not found
log: Unknown subcommand 'ERROR'
usage:
    log <command>

global options:
    -?, --help
    -q, --quiet
    -v, --verbose

commands:
    collect         gather system logs into a log archive
    config          view/change logging system settings
    diagnose        diagnose an archive for a variety of issues
    erase           delete system logging data
    repack          repack a log archive using a predicate
    show            view/search system logs
    stream          watch live system logs
    stats           show system logging statistics

further help:
    log help <command>
    log help predicates
    log help shorthand
/Users/clawdia/.openclaw/workspace/scripts/consolidated-email-processor.sh: line 297: should_create_todo: command not found
log: Unknown subcommand 'ERROR'
usage:
    log <command>

global options:
    -?, --help
    -q, --quiet
    -v, --verbose

commands:
    collect         gather system logs into a log archive
    config          view/change logging system settings
    diagnose        diagnose an archive for a variety of issues
    erase           delete system logging data
    repack          repack a log archive using a predicate
    show            view/search system logs
    stream          watch live system logs
    stats           show system logging statistics

further help:
    log help <command>
    log help predicates
    log help shorthand
log: Unknown subcommand 'INFO'
usage:
    log <command>

global options:
    -?, --help
    -q, --quiet
    -v, --verbose

commands:
    collect         gather system logs into a log archive
    config          view/change logging system settings
    diagnose        diagnose an archive for a variety of issues
    erase           delete system logging data
    repack          repack a log archive using a predicate
    show            view/search system logs
    stream          watch live system logs
    stats           show system logging statistics

further help:
    log help <command>
    log help predicates
    log help shorthand
log: Unknown subcommand 'ERROR'
usage:
    log <command>

global options:
    -?, --help
    -q, --quiet
    -v, --verbose

commands:
    collect         gather system logs into a log archive
    config          view/change logging system settings
    diagnose        diagnose an archive for a variety of issues
    erase           delete system logging data
    repack          repack a log archive using a predicate
    show            view/search system logs
    stream          watch live system logs
    stats           show system logging statistics

further help:
    log help <command>
    log help predicates
    log help shorthand
log: Unknown subcommand 'ERROR'
usage:
    log <command>

global options:
    -?, --help
    -q, --quiet
    -v, --verbose

commands:
    collect         gather system logs into a log archive
    config          view/change logging system settings
    diagnose        diagnose an archive for a variety of issues
    erase           delete system logging data
    repack          repack a log archive using a predicate
    show            view/search system logs
    stream          watch live system logs
    stats           show system logging statistics

further help:
    log help <command>
    log help predicates
    log help shorthand
/Users/clawdia/.openclaw/workspace/scripts/consolidated-email-processor.sh: line 329: check_quiet_hours: command not found
log: Unknown subcommand 'INFO'
usage:
    log <command>

global options:
    -?, --help
    -q, --quiet
    -v, --verbose

commands:
    collect         gather system logs into a log archive
    config          view/change logging system settings
    diagnose        diagnose an archive for a variety of issues
    erase           delete system logging data
    repack          repack a log archive using a predicate
    show            view/search system logs
    stream          watch live system logs
    stats           show system logging statistics

further help:
    log help <command>
    log help predicates
    log help shorthand
log: Unknown subcommand 'SUCCESS'
usage:
    log <command>

global options:
    -?, --help
    -q, --quiet
    -v, --verbose

commands:
    collect         gather system logs into a log archive
    config          view/change logging system settings
    diagnose        diagnose an archive for a variety of issues
    erase           delete system logging data
    repack          repack a log archive using a predicate
    show            view/search system logs
    stream          watch live system logs
    stats           show system logging statistics

further help:
    log help <command>
    log help predicates
    log help shorthand
/Users/clawdia/.openclaw/workspace/scripts/consolidated-email-processor.sh: line 343: cleanup_thread_tracking: command not found
log: Unknown subcommand 'INFO'
usage:
    log <command>

global options:
    -?, --help
    -q, --quiet
    -v, --verbose

commands:
    collect         gather system logs into a log archive
    config          view/change logging system settings
    diagnose        diagnose an archive for a variety of issues
    erase           delete system logging data
    repack          repack a log archive using a predicate
    show            view/search system logs
    stream          watch live system logs
    stats           show system logging statistics

further help:
    log help <command>
    log help predicates
    log help shorthand
log: Unknown subcommand 'INFO'
usage:
    log <command>

global options:
    -?, --help
    -q, --quiet
    -v, --verbose

commands:
    collect         gather system logs into a log archive
    config          view/change logging system settings
    diagnose        diagnose an archive for a variety of issues
    erase           delete system logging data
    repack          repack a log archive using a predicate
    show            view/search system logs
    stream          watch live system logs
    stats           show system logging statistics

further help:
    log help <command>
    log help predicates
    log help shorthand
log: Unknown subcommand 'ERROR'
usage:
    log <command>

global options:
    -?, --help
    -q, --quiet
    -v, --verbose

commands:
    collect         gather system logs into a log archive
    config          view/change logging system settings
    diagnose        diagnose an archive for a variety of issues
    erase           delete system logging data
    repack          repack a log archive using a predicate
    show            view/search system logs
    stream          watch live system logs
    stats           show system logging statistics

further help:
    log help <command>
    log help predicates
    log help shorthand
log: Unknown subcommand 'INFO'
usage:
    log <command>

global options:
    -?, --help
    -q, --quiet
    -v, --verbose

commands:
    collect         gather system logs into a log archive
    config          view/change logging system settings
    diagnose        diagnose an archive for a variety of issues
    erase           delete system logging data
    repack          repack a log archive using a predicate
    show            view/search system logs
    stream          watch live system logs
    stats           show system logging statistics

further help:
    log help <command>
    log help predicates
    log help shorthand
log: Unknown subcommand 'INFO'
usage:
    log <command>

global options:
    -?, --help
    -q, --quiet
    -v, --verbose

commands:
    collect         gather system logs into a log archive
    config          view/change logging system settings
    diagnose        diagnose an archive for a variety of issues
    erase           delete system logging data
    repack          repack a log archive using a predicate
    show            view/search system logs
    stream          watch live system logs
    stats           show system logging statistics

further help:
    log help <command>
    log help predicates
    log help shorthand
/Users/clawdia/.openclaw/workspace/scripts/consolidated-email-processor.sh: line 229: : No such file or directory
/Users/clawdia/.openclaw/workspace/scripts/consolidated-email-processor.sh: line 230: : No such file or directory
/Users/clawdia/.openclaw/workspace/scripts/consolidated-email-processor.sh: line 232: /summary-20260314-2300.txt: Read-only file system
log: Unknown subcommand 'INFO'
usage:
    log <command>

global options:
    -?, --help
    -q, --quiet
    -v, --verbose

commands:
    collect         gather system logs into a log archive
    config          view/change logging system settings
    diagnose        diagnose an archive for a variety of issues
    erase           delete system logging data
    repack          repack a log archive using a predicate
    show            view/search system logs
    stream          watch live system logs
    stats           show system logging statistics

further help:
    log help <command>
    log help predicates
    log help shorthand
find: : No such file or directory
log: Unknown subcommand 'INFO'
usage:
    log <command>

global options:
    -?, --help
    -q, --quiet
    -v, --verbose

commands:
    collect         gather system logs into a log archive
    config          view/change logging system settings
    diagnose        diagnose an archive for a variety of issues
    erase           delete system logging data
    repack          repack a log archive using a predicate
    show            view/search system logs
    stream          watch live system logs
    stats           show system logging statistics

further help:
    log help <command>
    log help predicates
    log help shorthand
log: Unknown subcommand 'SUCCESS'
usage:
    log <command>

global options:
    -?, --help
    -q, --quiet
    -v, --verbose

commands:
    collect         gather system logs into a log archive
    config          view/change logging system settings
    diagnose        diagnose an archive for a variety of issues
    erase           delete system logging data
    repack          repack a log archive using a predicate
    show            view/search system logs
    stream          watch live system logs
    stats           show system logging statistics

further help:
    log help <command>
    log help predicates
    log help shorthand
log: Unknown subcommand 'INFO'
usage:
    log <command>

global options:
    -?, --help
    -q, --quiet
    -v, --verbose

commands:
    collect         gather system logs into a log archive
    config          view/change logging system settings
    diagnose        diagnose an archive for a variety of issues
    erase           delete system logging data
    repack          repack a log archive using a predicate
    show            view/search system logs
    stream          watch live system logs
    stats           show system logging statistics

further help:
    log help <command>
    log help predicates
    log help shorthand
/Users/clawdia/.openclaw/workspace/scripts/consolidated-email-processor.sh: line 319: policy_guard_check: command not found
log: Unknown subcommand 'INFO'
usage:
    log <command>

global options:
    -?, --help
    -q, --quiet
    -v, --verbose

commands:
    collect         gather system logs into a log archive
    config          view/change logging system settings
    diagnose        diagnose an archive for a variety of issues
    erase           delete system logging data
    repack          repack a log archive using a predicate
    show            view/search system logs
    stream          watch live system logs
    stats           show system logging statistics

further help:
    log help <command>
    log help predicates
    log help shorthand
log: Unknown subcommand 'INFO'
usage:
    log <command>

global options:
    -?, --help
    -q, --quiet
    -v, --verbose

commands:
    collect         gather system logs into a log archive
    config          view/change logging system settings
    diagnose        diagnose an archive for a variety of issues
    erase           delete system logging data
    repack          repack a log archive using a predicate
    show            view/search system logs
    stream          watch live system logs
    stats           show system logging statistics

further help:
    log help <command>
    log help predicates
    log help shorthand
log: Unknown subcommand 'INFO'
usage:
    log <command>

global options:
    -?, --help
    -q, --quiet
    -v, --verbose

commands:
    collect         gather system logs into a log archive
    config          view/change logging system settings
    diagnose        diagnose an archive for a variety of issues
    erase           delete system logging data
    repack          repack a log archive using a predicate
    show            view/search system logs
    stream          watch live system logs
    stats           show system logging statistics

further help:
    log help <command>
    log help predicates
    log help shorthand
/Users/clawdia/.openclaw/workspace/scripts/consolidated-email-processor.sh: line 284: should_create_todo: command not found
log: Unknown subcommand 'SUCCESS'
usage:
    log <command>

global options:
    -?, --help
    -q, --quiet
    -v, --verbose

commands:
    collect         gather system logs into a log archive
    config          view/change logging system settings
    diagnose        diagnose an archive for a variety of issues
    erase           delete system logging data
    repack          repack a log archive using a predicate
    show            view/search system logs
    stream          watch live system logs
    stats           show system logging statistics

further help:
    log help <command>
    log help predicates
    log help shorthand
/Users/clawdia/.openclaw/workspace/scripts/consolidated-email-processor.sh: line 284: should_create_todo: command not found
log: Unknown subcommand 'SUCCESS'
usage:
    log <command>

global options:
    -?, --help
    -q, --quiet
    -v, --verbose

commands:
    collect         gather system logs into a log archive
    config          view/change logging system settings
    diagnose        diagnose an archive for a variety of issues
    erase           delete system logging data
    repack          repack a log archive using a predicate
    show            view/search system logs
    stream          watch live system logs
    stats           show system logging statistics

further help:
    log help <command>
    log help predicates
    log help shorthand
/Users/clawdia/.openclaw/workspace/scripts/consolidated-email-processor.sh: line 284: should_create_todo: command not found
log: Unknown subcommand 'SUCCESS'
usage:
    log <command>

global options:
    -?, --help
    -q, --quiet
    -v, --verbose

commands:
    collect         gather system logs into a log archive
    config          view/change logging system settings
    diagnose        diagnose an archive for a variety of issues
    erase           delete system logging data
    repack          repack a log archive using a predicate
    show            view/search system logs
    stream          watch live system logs
    stats           show system logging statistics

further help:
    log help <command>
    log help predicates
    log help shorthand
/Users/clawdia/.openclaw/workspace/scripts/consolidated-email-processor.sh: line 284: should_create_todo: command not found
log: Unknown subcommand 'SUCCESS'
usage:
    log <command>

global options:
    -?, --help
    -q, --quiet
    -v, --verbose

commands:
    collect         gather system logs into a log archive
    config          view/change logging system settings
    diagnose        diagnose an archive for a variety of issues
    erase           delete system logging data
    repack          repack a log archive using a predicate
    show            view/search system logs
    stream          watch live system logs
    stats           show system logging statistics

further help:
    log help <command>
    log help predicates
    log help shorthand
/Users/clawdia/.openclaw/workspace/scripts/consolidated-email-processor.sh: line 284: should_create_todo: command not found
log: Unknown subcommand 'SUCCESS'
usage:
    log <command>

global options:
    -?, --help
    -q, --quiet
    -v, --verbose

commands:
    collect         gather system logs into a log archive
    config          view/change logging system settings
    diagnose        diagnose an archive for a variety of issues
    erase           delete system logging data
    repack          repack a log archive using a predicate
    show            view/search system logs
    stream          watch live system logs
    stats           show system logging statistics

further help:
    log help <command>
    log help predicates
    log help shorthand
/Users/clawdia/.openclaw/workspace/scripts/consolidated-email-processor.sh: line 284: should_create_todo: command not found
log: Unknown subcommand 'SUCCESS'
usage:
    log <command>

global options:
    -?, --help
    -q, --quiet
    -v, --verbose

commands:
    collect         gather system logs into a log archive
    config          view/change logging system settings
    diagnose        diagnose an archive for a variety of issues
    erase           delete system logging data
    repack          repack a log archive using a predicate
    show            view/search system logs
    stream          watch live system logs
    stats           show system logging statistics

further help:
    log help <command>
    log help predicates
    log help shorthand
/Users/clawdia/.openclaw/workspace/scripts/consolidated-email-processor.sh: line 297: should_create_todo: command not found
log: Unknown subcommand 'ERROR'
usage:
    log <command>

global options:
    -?, --help
    -q, --quiet
    -v, --verbose

commands:
    collect         gather system logs into a log archive
    config          view/change logging system settings
    diagnose        diagnose an archive for a variety of issues
    erase           delete system logging data
    repack          repack a log archive using a predicate
    show            view/search system logs
    stream          watch live system logs
    stats           show system logging statistics

further help:
    log help <command>
    log help predicates
    log help shorthand
/Users/clawdia/.openclaw/workspace/scripts/consolidated-email-processor.sh: line 297: should_create_todo: command not found
log: Unknown subcommand 'ERROR'
usage:
    log <command>

global options:
    -?, --help
    -q, --quiet
    -v, --verbose

commands:
    collect         gather system logs into a log archive
    config          view/change logging system settings
    diagnose        diagnose an archive for a variety of issues
    erase           delete system logging data
    repack          repack a log archive using a predicate
    show            view/search system logs
    stream          watch live system logs
    stats           show system logging statistics

further help:
    log help <command>
    log help predicates
    log help shorthand
/Users/clawdia/.openclaw/workspace/scripts/consolidated-email-processor.sh: line 297: should_create_todo: command not found
log: Unknown subcommand 'ERROR'
usage:
    log <command>

global options:
    -?, --help
    -q, --quiet
    -v, --verbose

commands:
    collect         gather system logs into a log archive
    config          view/change logging system settings
    diagnose        diagnose an archive for a variety of issues
    erase           delete system logging data
    repack          repack a log archive using a predicate
    show            view/search system logs
    stream          watch live system logs
    stats           show system logging statistics

further help:
    log help <command>
    log help predicates
    log help shorthand
/Users/clawdia/.openclaw/workspace/scripts/consolidated-email-processor.sh: line 297: should_create_todo: command not found
log: Unknown subcommand 'ERROR'
usage:
    log <command>

global options:
    -?, --help
    -q, --quiet
    -v, --verbose

commands:
    collect         gather system logs into a log archive
    config          view/change logging system settings
    diagnose        diagnose an archive for a variety of issues
    erase           delete system logging data
    repack          repack a log archive using a predicate
    show            view/search system logs
    stream          watch live system logs
    stats           show system logging statistics

further help:
    log help <command>
    log help predicates
    log help shorthand
/Users/clawdia/.openclaw/workspace/scripts/consolidated-email-processor.sh: line 297: should_create_todo: command not found
log: Unknown subcommand 'ERROR'
usage:
    log <command>

global options:
    -?, --help
    -q, --quiet
    -v, --verbose

commands:
    collect         gather system logs into a log archive
    config          view/change logging system settings
    diagnose        diagnose an archive for a variety of issues
    erase           delete system logging data
    repack          repack a log archive using a predicate
    show            view/search system logs
    stream          watch live system logs
    stats           show system logging statistics

further help:
    log help <command>
    log help predicates
    log help shorthand
log: Unknown subcommand 'INFO'
usage:
    log <command>

global options:
    -?, --help
    -q, --quiet
    -v, --verbose

commands:
    collect         gather system logs into a log archive
    config          view/change logging system settings
    diagnose        diagnose an archive for a variety of issues
    erase           delete system logging data
    repack          repack a log archive using a predicate
    show            view/search system logs
    stream          watch live system logs
    stats           show system logging statistics

further help:
    log help <command>
    log help predicates
    log help shorthand
log: Unknown subcommand 'ERROR'
usage:
    log <command>

global options:
    -?, --help
    -q, --quiet
    -v, --verbose

commands:
    collect         gather system logs into a log archive
    config          view/change logging system settings
    diagnose        diagnose an archive for a variety of issues
    erase           delete system logging data
    repack          repack a log archive using a predicate
    show            view/search system logs
    stream          watch live system logs
    stats           show system logging statistics

further help:
    log help <command>
    log help predicates
    log help shorthand
log: Unknown subcommand 'ERROR'
usage:
    log <command>

global options:
    -?, --help
    -q, --quiet
    -v, --verbose

commands:
    collect         gather system logs into a log archive
    config          view/change logging system settings
    diagnose        diagnose an archive for a variety of issues
    erase           delete system logging data
    repack          repack a log archive using a predicate
    show            view/search system logs
    stream          watch live system logs
    stats           show system logging statistics

further help:
    log help <command>
    log help predicates
    log help shorthand
/Users/clawdia/.openclaw/workspace/scripts/consolidated-email-processor.sh: line 329: check_quiet_hours: command not found
log: Unknown subcommand 'INFO'
usage:
    log <command>

global options:
    -?, --help
    -q, --quiet
    -v, --verbose

commands:
    collect         gather system logs into a log archive
    config          view/change logging system settings
    diagnose        diagnose an archive for a variety of issues
    erase           delete system logging data
    repack          repack a log archive using a predicate
    show            view/search system logs
    stream          watch live system logs
    stats           show system logging statistics

further help:
    log help <command>
    log help predicates
    log help shorthand
log: Unknown subcommand 'SUCCESS'
usage:
    log <command>

global options:
    -?, --help
    -q, --quiet
    -v, --verbose

commands:
    collect         gather system logs into a log archive
    config          view/change logging system settings
    diagnose        diagnose an archive for a variety of issues
    erase           delete system logging data
    repack          repack a log archive using a predicate
    show            view/search system logs
    stream          watch live system logs
    stats           show system logging statistics

further help:
    log help <command>
    log help predicates
    log help shorthand
/Users/clawdia/.openclaw/workspace/scripts/consolidated-email-processor.sh: line 343: cleanup_thread_tracking: command not found
log: Unknown subcommand 'INFO'
usage:
    log <command>

global options:
    -?, --help
    -q, --quiet
    -v, --verbose

commands:
    collect         gather system logs into a log archive
    config          view/change logging system settings
    diagnose        diagnose an archive for a variety of issues
    erase           delete system logging data
    repack          repack a log archive using a predicate
    show            view/search system logs
    stream          watch live system logs
    stats           show system logging statistics

further help:
    log help <command>
    log help predicates
    log help shorthand
log: Unknown subcommand 'INFO'
usage:
    log <command>

global options:
    -?, --help
    -q, --quiet
    -v, --verbose

commands:
    collect         gather system logs into a log archive
    config          view/change logging system settings
    diagnose        diagnose an archive for a variety of issues
    erase           delete system logging data
    repack          repack a log archive using a predicate
    show            view/search system logs
    stream          watch live system logs
    stats           show system logging statistics

further help:
    log help <command>
    log help predicates
    log help shorthand
log: Unknown subcommand 'ERROR'
usage:
    log <command>

global options:
    -?, --help
    -q, --quiet
    -v, --verbose

commands:
    collect         gather system logs into a log archive
    config          view/change logging system settings
    diagnose        diagnose an archive for a variety of issues
    erase           delete system logging data
    repack          repack a log archive using a predicate
    show            view/search system logs
    stream          watch live system logs
    stats           show system logging statistics

further help:
    log help <command>
    log help predicates
    log help shorthand
log: Unknown subcommand 'INFO'
usage:
    log <command>

global options:
    -?, --help
    -q, --quiet
    -v, --verbose

commands:
    collect         gather system logs into a log archive
    config          view/change logging system settings
    diagnose        diagnose an archive for a variety of issues
    erase           delete system logging data
    repack          repack a log archive using a predicate
    show            view/search system logs
    stream          watch live system logs
    stats           show system logging statistics

further help:
    log help <command>
    log help predicates
    log help shorthand
log: Unknown subcommand 'INFO'
usage:
    log <command>

global options:
    -?, --help
    -q, --quiet
    -v, --verbose

commands:
    collect         gather system logs into a log archive
    config          view/change logging system settings
    diagnose        diagnose an archive for a variety of issues
    erase           delete system logging data
    repack          repack a log archive using a predicate
    show            view/search system logs
    stream          watch live system logs
    stats           show system logging statistics

further help:
    log help <command>
    log help predicates
    log help shorthand
/Users/clawdia/.openclaw/workspace/scripts/consolidated-email-processor.sh: line 229: : No such file or directory
/Users/clawdia/.openclaw/workspace/scripts/consolidated-email-processor.sh: line 230: : No such file or directory
/Users/clawdia/.openclaw/workspace/scripts/consolidated-email-processor.sh: line 232: /summary-20260315-0000.txt: Read-only file system
log: Unknown subcommand 'INFO'
usage:
    log <command>

global options:
    -?, --help
    -q, --quiet
    -v, --verbose

commands:
    collect         gather system logs into a log archive
    config          view/change logging system settings
    diagnose        diagnose an archive for a variety of issues
    erase           delete system logging data
    repack          repack a log archive using a predicate
    show            view/search system logs
    stream          watch live system logs
    stats           show system logging statistics

further help:
    log help <command>
    log help predicates
    log help shorthand
find: : No such file or directory
log: Unknown subcommand 'INFO'
usage:
    log <command>

global options:
    -?, --help
    -q, --quiet
    -v, --verbose

commands:
    collect         gather system logs into a log archive
    config          view/change logging system settings
    diagnose        diagnose an archive for a variety of issues
    erase           delete system logging data
    repack          repack a log archive using a predicate
    show            view/search system logs
    stream          watch live system logs
    stats           show system logging statistics

further help:
    log help <command>
    log help predicates
    log help shorthand
log: Unknown subcommand 'SUCCESS'
usage:
    log <command>

global options:
    -?, --help
    -q, --quiet
    -v, --verbose

commands:
    collect         gather system logs into a log archive
    config          view/change logging system settings
    diagnose        diagnose an archive for a variety of issues
    erase           delete system logging data
    repack          repack a log archive using a predicate
    show            view/search system logs
    stream          watch live system logs
    stats           show system logging statistics

further help:
    log help <command>
    log help predicates
    log help shorthand
log: Unknown subcommand 'INFO'
usage:
    log <command>

global options:
    -?, --help
    -q, --quiet
    -v, --verbose

commands:
    collect         gather system logs into a log archive
    config          view/change logging system settings
    diagnose        diagnose an archive for a variety of issues
    erase           delete system logging data
    repack          repack a log archive using a predicate
    show            view/search system logs
    stream          watch live system logs
    stats           show system logging statistics

further help:
    log help <command>
    log help predicates
    log help shorthand
/Users/clawdia/.openclaw/workspace/scripts/consolidated-email-processor.sh: line 319: policy_guard_check: command not found
log: Unknown subcommand 'INFO'
usage:
    log <command>

global options:
    -?, --help
    -q, --quiet
    -v, --verbose

commands:
    collect         gather system logs into a log archive
    config          view/change logging system settings
    diagnose        diagnose an archive for a variety of issues
    erase           delete system logging data
    repack          repack a log archive using a predicate
    show            view/search system logs
    stream          watch live system logs
    stats           show system logging statistics

further help:
    log help <command>
    log help predicates
    log help shorthand
log: Unknown subcommand 'INFO'
usage:
    log <command>

global options:
    -?, --help
    -q, --quiet
    -v, --verbose

commands:
    collect         gather system logs into a log archive
    config          view/change logging system settings
    diagnose        diagnose an archive for a variety of issues
    erase           delete system logging data
    repack          repack a log archive using a predicate
    show            view/search system logs
    stream          watch live system logs
    stats           show system logging statistics

further help:
    log help <command>
    log help predicates
    log help shorthand
log: Unknown subcommand 'INFO'
usage:
    log <command>

global options:
    -?, --help
    -q, --quiet
    -v, --verbose

commands:
    collect         gather system logs into a log archive
    config          view/change logging system settings
    diagnose        diagnose an archive for a variety of issues
    erase           delete system logging data
    repack          repack a log archive using a predicate
    show            view/search system logs
    stream          watch live system logs
    stats           show system logging statistics

further help:
    log help <command>
    log help predicates
    log help shorthand
/Users/clawdia/.openclaw/workspace/scripts/consolidated-email-processor.sh: line 284: should_create_todo: command not found
log: Unknown subcommand 'SUCCESS'
usage:
    log <command>

global options:
    -?, --help
    -q, --quiet
    -v, --verbose

commands:
    collect         gather system logs into a log archive
    config          view/change logging system settings
    diagnose        diagnose an archive for a variety of issues
    erase           delete system logging data
    repack          repack a log archive using a predicate
    show            view/search system logs
    stream          watch live system logs
    stats           show system logging statistics

further help:
    log help <command>
    log help predicates
    log help shorthand
/Users/clawdia/.openclaw/workspace/scripts/consolidated-email-processor.sh: line 284: should_create_todo: command not found
log: Unknown subcommand 'SUCCESS'
usage:
    log <command>

global options:
    -?, --help
    -q, --quiet
    -v, --verbose

commands:
    collect         gather system logs into a log archive
    config          view/change logging system settings
    diagnose        diagnose an archive for a variety of issues
    erase           delete system logging data
    repack          repack a log archive using a predicate
    show            view/search system logs
    stream          watch live system logs
    stats           show system logging statistics

further help:
    log help <command>
    log help predicates
    log help shorthand
/Users/clawdia/.openclaw/workspace/scripts/consolidated-email-processor.sh: line 284: should_create_todo: command not found
log: Unknown subcommand 'SUCCESS'
usage:
    log <command>

global options:
    -?, --help
    -q, --quiet
    -v, --verbose

commands:
    collect         gather system logs into a log archive
    config          view/change logging system settings
    diagnose        diagnose an archive for a variety of issues
    erase           delete system logging data
    repack          repack a log archive using a predicate
    show            view/search system logs
    stream          watch live system logs
    stats           show system logging statistics

further help:
    log help <command>
    log help predicates
    log help shorthand
/Users/clawdia/.openclaw/workspace/scripts/consolidated-email-processor.sh: line 284: should_create_todo: command not found
log: Unknown subcommand 'SUCCESS'
usage:
    log <command>

global options:
    -?, --help
    -q, --quiet
    -v, --verbose

commands:
    collect         gather system logs into a log archive
    config          view/change logging system settings
    diagnose        diagnose an archive for a variety of issues
    erase           delete system logging data
    repack          repack a log archive using a predicate
    show            view/search system logs
    stream          watch live system logs
    stats           show system logging statistics

further help:
    log help <command>
    log help predicates
    log help shorthand
/Users/clawdia/.openclaw/workspace/scripts/consolidated-email-processor.sh: line 284: should_create_todo: command not found
log: Unknown subcommand 'SUCCESS'
usage:
    log <command>

global options:
    -?, --help
    -q, --quiet
    -v, --verbose

commands:
    collect         gather system logs into a log archive
    config          view/change logging system settings
    diagnose        diagnose an archive for a variety of issues
    erase           delete system logging data
    repack          repack a log archive using a predicate
    show            view/search system logs
    stream          watch live system logs
    stats           show system logging statistics

further help:
    log help <command>
    log help predicates
    log help shorthand
/Users/clawdia/.openclaw/workspace/scripts/consolidated-email-processor.sh: line 284: should_create_todo: command not found
log: Unknown subcommand 'SUCCESS'
usage:
    log <command>

global options:
    -?, --help
    -q, --quiet
    -v, --verbose

commands:
    collect         gather system logs into a log archive
    config          view/change logging system settings
    diagnose        diagnose an archive for a variety of issues
    erase           delete system logging data
    repack          repack a log archive using a predicate
    show            view/search system logs
    stream          watch live system logs
    stats           show system logging statistics

further help:
    log help <command>
    log help predicates
    log help shorthand
/Users/clawdia/.openclaw/workspace/scripts/consolidated-email-processor.sh: line 297: should_create_todo: command not found
log: Unknown subcommand 'ERROR'
usage:
    log <command>

global options:
    -?, --help
    -q, --quiet
    -v, --verbose

commands:
    collect         gather system logs into a log archive
    config          view/change logging system settings
    diagnose        diagnose an archive for a variety of issues
    erase           delete system logging data
    repack          repack a log archive using a predicate
    show            view/search system logs
    stream          watch live system logs
    stats           show system logging statistics

further help:
    log help <command>
    log help predicates
    log help shorthand
/Users/clawdia/.openclaw/workspace/scripts/consolidated-email-processor.sh: line 297: should_create_todo: command not found
log: Unknown subcommand 'ERROR'
usage:
    log <command>

global options:
    -?, --help
    -q, --quiet
    -v, --verbose

commands:
    collect         gather system logs into a log archive
    config          view/change logging system settings
    diagnose        diagnose an archive for a variety of issues
    erase           delete system logging data
    repack          repack a log archive using a predicate
    show            view/search system logs
    stream          watch live system logs
    stats           show system logging statistics

further help:
    log help <command>
    log help predicates
    log help shorthand
/Users/clawdia/.openclaw/workspace/scripts/consolidated-email-processor.sh: line 297: should_create_todo: command not found
log: Unknown subcommand 'ERROR'
usage:
    log <command>

global options:
    -?, --help
    -q, --quiet
    -v, --verbose

commands:
    collect         gather system logs into a log archive
    config          view/change logging system settings
    diagnose        diagnose an archive for a variety of issues
    erase           delete system logging data
    repack          repack a log archive using a predicate
    show            view/search system logs
    stream          watch live system logs
    stats           show system logging statistics

further help:
    log help <command>
    log help predicates
    log help shorthand
/Users/clawdia/.openclaw/workspace/scripts/consolidated-email-processor.sh: line 297: should_create_todo: command not found
log: Unknown subcommand 'ERROR'
usage:
    log <command>

global options:
    -?, --help
    -q, --quiet
    -v, --verbose

commands:
    collect         gather system logs into a log archive
    config          view/change logging system settings
    diagnose        diagnose an archive for a variety of issues
    erase           delete system logging data
    repack          repack a log archive using a predicate
    show            view/search system logs
    stream          watch live system logs
    stats           show system logging statistics

further help:
    log help <command>
    log help predicates
    log help shorthand
/Users/clawdia/.openclaw/workspace/scripts/consolidated-email-processor.sh: line 297: should_create_todo: command not found
log: Unknown subcommand 'ERROR'
usage:
    log <command>

global options:
    -?, --help
    -q, --quiet
    -v, --verbose

commands:
    collect         gather system logs into a log archive
    config          view/change logging system settings
    diagnose        diagnose an archive for a variety of issues
    erase           delete system logging data
    repack          repack a log archive using a predicate
    show            view/search system logs
    stream          watch live system logs
    stats           show system logging statistics

further help:
    log help <command>
    log help predicates
    log help shorthand
log: Unknown subcommand 'INFO'
usage:
    log <command>

global options:
    -?, --help
    -q, --quiet
    -v, --verbose

commands:
    collect         gather system logs into a log archive
    config          view/change logging system settings
    diagnose        diagnose an archive for a variety of issues
    erase           delete system logging data
    repack          repack a log archive using a predicate
    show            view/search system logs
    stream          watch live system logs
    stats           show system logging statistics

further help:
    log help <command>
    log help predicates
    log help shorthand
log: Unknown subcommand 'ERROR'
usage:
    log <command>

global options:
    -?, --help
    -q, --quiet
    -v, --verbose

commands:
    collect         gather system logs into a log archive
    config          view/change logging system settings
    diagnose        diagnose an archive for a variety of issues
    erase           delete system logging data
    repack          repack a log archive using a predicate
    show            view/search system logs
    stream          watch live system logs
    stats           show system logging statistics

further help:
    log help <command>
    log help predicates
    log help shorthand
log: Unknown subcommand 'ERROR'
usage:
    log <command>

global options:
    -?, --help
    -q, --quiet
    -v, --verbose

commands:
    collect         gather system logs into a log archive
    config          view/change logging system settings
    diagnose        diagnose an archive for a variety of issues
    erase           delete system logging data
    repack          repack a log archive using a predicate
    show            view/search system logs
    stream          watch live system logs
    stats           show system logging statistics

further help:
    log help <command>
    log help predicates
    log help shorthand
/Users/clawdia/.openclaw/workspace/scripts/consolidated-email-processor.sh: line 329: check_quiet_hours: command not found
log: Unknown subcommand 'INFO'
usage:
    log <command>

global options:
    -?, --help
    -q, --quiet
    -v, --verbose

commands:
    collect         gather system logs into a log archive
    config          view/change logging system settings
    diagnose        diagnose an archive for a variety of issues
    erase           delete system logging data
    repack          repack a log archive using a predicate
    show            view/search system logs
    stream          watch live system logs
    stats           show system logging statistics

further help:
    log help <command>
    log help predicates
    log help shorthand
log: Unknown subcommand 'SUCCESS'
usage:
    log <command>

global options:
    -?, --help
    -q, --quiet
    -v, --verbose

commands:
    collect         gather system logs into a log archive
    config          view/change logging system settings
    diagnose        diagnose an archive for a variety of issues
    erase           delete system logging data
    repack          repack a log archive using a predicate
    show            view/search system logs
    stream          watch live system logs
    stats           show system logging statistics

further help:
    log help <command>
    log help predicates
    log help shorthand
/Users/clawdia/.openclaw/workspace/scripts/consolidated-email-processor.sh: line 343: cleanup_thread_tracking: command not found
log: Unknown subcommand 'INFO'
usage:
    log <command>

global options:
    -?, --help
    -q, --quiet
    -v, --verbose

commands:
    collect         gather system logs into a log archive
    config          view/change logging system settings
    diagnose        diagnose an archive for a variety of issues
    erase           delete system logging data
    repack          repack a log archive using a predicate
    show            view/search system logs
    stream          watch live system logs
    stats           show system logging statistics

further help:
    log help <command>
    log help predicates
    log help shorthand
log: Unknown subcommand 'INFO'
usage:
    log <command>

global options:
    -?, --help
    -q, --quiet
    -v, --verbose

commands:
    collect         gather system logs into a log archive
    config          view/change logging system settings
    diagnose        diagnose an archive for a variety of issues
    erase           delete system logging data
    repack          repack a log archive using a predicate
    show            view/search system logs
    stream          watch live system logs
    stats           show system logging statistics

further help:
    log help <command>
    log help predicates
    log help shorthand
log: Unknown subcommand 'ERROR'
usage:
    log <command>

global options:
    -?, --help
    -q, --quiet
    -v, --verbose

commands:
    collect         gather system logs into a log archive
    config          view/change logging system settings
    diagnose        diagnose an archive for a variety of issues
    erase           delete system logging data
    repack          repack a log archive using a predicate
    show            view/search system logs
    stream          watch live system logs
    stats           show system logging statistics

further help:
    log help <command>
    log help predicates
    log help shorthand
log: Unknown subcommand 'INFO'
usage:
    log <command>

global options:
    -?, --help
    -q, --quiet
    -v, --verbose

commands:
    collect         gather system logs into a log archive
    config          view/change logging system settings
    diagnose        diagnose an archive for a variety of issues
    erase           delete system logging data
    repack          repack a log archive using a predicate
    show            view/search system logs
    stream          watch live system logs
    stats           show system logging statistics

further help:
    log help <command>
    log help predicates
    log help shorthand
log: Unknown subcommand 'INFO'
usage:
    log <command>

global options:
    -?, --help
    -q, --quiet
    -v, --verbose

commands:
    collect         gather system logs into a log archive
    config          view/change logging system settings
    diagnose        diagnose an archive for a variety of issues
    erase           delete system logging data
    repack          repack a log archive using a predicate
    show            view/search system logs
    stream          watch live system logs
    stats           show system logging statistics

further help:
    log help <command>
    log help predicates
    log help shorthand
/Users/clawdia/.openclaw/workspace/scripts/consolidated-email-processor.sh: line 229: : No such file or directory
/Users/clawdia/.openclaw/workspace/scripts/consolidated-email-processor.sh: line 230: : No such file or directory
/Users/clawdia/.openclaw/workspace/scripts/consolidated-email-processor.sh: line 232: /summary-20260315-0100.txt: Read-only file system
log: Unknown subcommand 'INFO'
usage:
    log <command>

global options:
    -?, --help
    -q, --quiet
    -v, --verbose

commands:
    collect         gather system logs into a log archive
    config          view/change logging system settings
    diagnose        diagnose an archive for a variety of issues
    erase           delete system logging data
    repack          repack a log archive using a predicate
    show            view/search system logs
    stream          watch live system logs
    stats           show system logging statistics

further help:
    log help <command>
    log help predicates
    log help shorthand
find: : No such file or directory
log: Unknown subcommand 'INFO'
usage:
    log <command>

global options:
    -?, --help
    -q, --quiet
    -v, --verbose

commands:
    collect         gather system logs into a log archive
    config          view/change logging system settings
    diagnose        diagnose an archive for a variety of issues
    erase           delete system logging data
    repack          repack a log archive using a predicate
    show            view/search system logs
    stream          watch live system logs
    stats           show system logging statistics

further help:
    log help <command>
    log help predicates
    log help shorthand
log: Unknown subcommand 'SUCCESS'
usage:
    log <command>

global options:
    -?, --help
    -q, --quiet
    -v, --verbose

commands:
    collect         gather system logs into a log archive
    config          view/change logging system settings
    diagnose        diagnose an archive for a variety of issues
    erase           delete system logging data
    repack          repack a log archive using a predicate
    show            view/search system logs
    stream          watch live system logs
    stats           show system logging statistics

further help:
    log help <command>
    log help predicates
    log help shorthand
log: Unknown subcommand 'INFO'
usage:
    log <command>

global options:
    -?, --help
    -q, --quiet
    -v, --verbose

commands:
    collect         gather system logs into a log archive
    config          view/change logging system settings
    diagnose        diagnose an archive for a variety of issues
    erase           delete system logging data
    repack          repack a log archive using a predicate
    show            view/search system logs
    stream          watch live system logs
    stats           show system logging statistics

further help:
    log help <command>
    log help predicates
    log help shorthand
/Users/clawdia/.openclaw/workspace/scripts/consolidated-email-processor.sh: line 319: policy_guard_check: command not found
log: Unknown subcommand 'INFO'
usage:
    log <command>

global options:
    -?, --help
    -q, --quiet
    -v, --verbose

commands:
    collect         gather system logs into a log archive
    config          view/change logging system settings
    diagnose        diagnose an archive for a variety of issues
    erase           delete system logging data
    repack          repack a log archive using a predicate
    show            view/search system logs
    stream          watch live system logs
    stats           show system logging statistics

further help:
    log help <command>
    log help predicates
    log help shorthand
log: Unknown subcommand 'INFO'
usage:
    log <command>

global options:
    -?, --help
    -q, --quiet
    -v, --verbose

commands:
    collect         gather system logs into a log archive
    config          view/change logging system settings
    diagnose        diagnose an archive for a variety of issues
    erase           delete system logging data
    repack          repack a log archive using a predicate
    show            view/search system logs
    stream          watch live system logs
    stats           show system logging statistics

further help:
    log help <command>
    log help predicates
    log help shorthand
log: Unknown subcommand 'INFO'
usage:
    log <command>

global options:
    -?, --help
    -q, --quiet
    -v, --verbose

commands:
    collect         gather system logs into a log archive
    config          view/change logging system settings
    diagnose        diagnose an archive for a variety of issues
    erase           delete system logging data
    repack          repack a log archive using a predicate
    show            view/search system logs
    stream          watch live system logs
    stats           show system logging statistics

further help:
    log help <command>
    log help predicates
    log help shorthand
/Users/clawdia/.openclaw/workspace/scripts/consolidated-email-processor.sh: line 284: should_create_todo: command not found
log: Unknown subcommand 'SUCCESS'
usage:
    log <command>

global options:
    -?, --help
    -q, --quiet
    -v, --verbose

commands:
    collect         gather system logs into a log archive
    config          view/change logging system settings
    diagnose        diagnose an archive for a variety of issues
    erase           delete system logging data
    repack          repack a log archive using a predicate
    show            view/search system logs
    stream          watch live system logs
    stats           show system logging statistics

further help:
    log help <command>
    log help predicates
    log help shorthand
/Users/clawdia/.openclaw/workspace/scripts/consolidated-email-processor.sh: line 284: should_create_todo: command not found
log: Unknown subcommand 'SUCCESS'
usage:
    log <command>

global options:
    -?, --help
    -q, --quiet
    -v, --verbose

commands:
    collect         gather system logs into a log archive
    config          view/change logging system settings
    diagnose        diagnose an archive for a variety of issues
    erase           delete system logging data
    repack          repack a log archive using a predicate
    show            view/search system logs
    stream          watch live system logs
    stats           show system logging statistics

further help:
    log help <command>
    log help predicates
    log help shorthand
/Users/clawdia/.openclaw/workspace/scripts/consolidated-email-processor.sh: line 284: should_create_todo: command not found
log: Unknown subcommand 'SUCCESS'
usage:
    log <command>

global options:
    -?, --help
    -q, --quiet
    -v, --verbose

commands:
    collect         gather system logs into a log archive
    config          view/change logging system settings
    diagnose        diagnose an archive for a variety of issues
    erase           delete system logging data
    repack          repack a log archive using a predicate
    show            view/search system logs
    stream          watch live system logs
    stats           show system logging statistics

further help:
    log help <command>
    log help predicates
    log help shorthand
/Users/clawdia/.openclaw/workspace/scripts/consolidated-email-processor.sh: line 284: should_create_todo: command not found
log: Unknown subcommand 'SUCCESS'
usage:
    log <command>

global options:
    -?, --help
    -q, --quiet
    -v, --verbose

commands:
    collect         gather system logs into a log archive
    config          view/change logging system settings
    diagnose        diagnose an archive for a variety of issues
    erase           delete system logging data
    repack          repack a log archive using a predicate
    show            view/search system logs
    stream          watch live system logs
    stats           show system logging statistics

further help:
    log help <command>
    log help predicates
    log help shorthand
/Users/clawdia/.openclaw/workspace/scripts/consolidated-email-processor.sh: line 284: should_create_todo: command not found
log: Unknown subcommand 'SUCCESS'
usage:
    log <command>

global options:
    -?, --help
    -q, --quiet
    -v, --verbose

commands:
    collect         gather system logs into a log archive
    config          view/change logging system settings
    diagnose        diagnose an archive for a variety of issues
    erase           delete system logging data
    repack          repack a log archive using a predicate
    show            view/search system logs
    stream          watch live system logs
    stats           show system logging statistics

further help:
    log help <command>
    log help predicates
    log help shorthand
/Users/clawdia/.openclaw/workspace/scripts/consolidated-email-processor.sh: line 284: should_create_todo: command not found
log: Unknown subcommand 'SUCCESS'
usage:
    log <command>

global options:
    -?, --help
    -q, --quiet
    -v, --verbose

commands:
    collect         gather system logs into a log archive
    config          view/change logging system settings
    diagnose        diagnose an archive for a variety of issues
    erase           delete system logging data
    repack          repack a log archive using a predicate
    show            view/search system logs
    stream          watch live system logs
    stats           show system logging statistics

further help:
    log help <command>
    log help predicates
    log help shorthand
/Users/clawdia/.openclaw/workspace/scripts/consolidated-email-processor.sh: line 297: should_create_todo: command not found
log: Unknown subcommand 'ERROR'
usage:
    log <command>

global options:
    -?, --help
    -q, --quiet
    -v, --verbose

commands:
    collect         gather system logs into a log archive
    config          view/change logging system settings
    diagnose        diagnose an archive for a variety of issues
    erase           delete system logging data
    repack          repack a log archive using a predicate
    show            view/search system logs
    stream          watch live system logs
    stats           show system logging statistics

further help:
    log help <command>
    log help predicates
    log help shorthand
/Users/clawdia/.openclaw/workspace/scripts/consolidated-email-processor.sh: line 297: should_create_todo: command not found
log: Unknown subcommand 'ERROR'
usage:
    log <command>

global options:
    -?, --help
    -q, --quiet
    -v, --verbose

commands:
    collect         gather system logs into a log archive
    config          view/change logging system settings
    diagnose        diagnose an archive for a variety of issues
    erase           delete system logging data
    repack          repack a log archive using a predicate
    show            view/search system logs
    stream          watch live system logs
    stats           show system logging statistics

further help:
    log help <command>
    log help predicates
    log help shorthand
/Users/clawdia/.openclaw/workspace/scripts/consolidated-email-processor.sh: line 297: should_create_todo: command not found
log: Unknown subcommand 'ERROR'
usage:
    log <command>

global options:
    -?, --help
    -q, --quiet
    -v, --verbose

commands:
    collect         gather system logs into a log archive
    config          view/change logging system settings
    diagnose        diagnose an archive for a variety of issues
    erase           delete system logging data
    repack          repack a log archive using a predicate
    show            view/search system logs
    stream          watch live system logs
    stats           show system logging statistics

further help:
    log help <command>
    log help predicates
    log help shorthand
/Users/clawdia/.openclaw/workspace/scripts/consolidated-email-processor.sh: line 297: should_create_todo: command not found
log: Unknown subcommand 'ERROR'
usage:
    log <command>

global options:
    -?, --help
    -q, --quiet
    -v, --verbose

commands:
    collect         gather system logs into a log archive
    config          view/change logging system settings
    diagnose        diagnose an archive for a variety of issues
    erase           delete system logging data
    repack          repack a log archive using a predicate
    show            view/search system logs
    stream          watch live system logs
    stats           show system logging statistics

further help:
    log help <command>
    log help predicates
    log help shorthand
/Users/clawdia/.openclaw/workspace/scripts/consolidated-email-processor.sh: line 297: should_create_todo: command not found
log: Unknown subcommand 'ERROR'
usage:
    log <command>

global options:
    -?, --help
    -q, --quiet
    -v, --verbose

commands:
    collect         gather system logs into a log archive
    config          view/change logging system settings
    diagnose        diagnose an archive for a variety of issues
    erase           delete system logging data
    repack          repack a log archive using a predicate
    show            view/search system logs
    stream          watch live system logs
    stats           show system logging statistics

further help:
    log help <command>
    log help predicates
    log help shorthand
log: Unknown subcommand 'INFO'
usage:
    log <command>

global options:
    -?, --help
    -q, --quiet
    -v, --verbose

commands:
    collect         gather system logs into a log archive
    config          view/change logging system settings
    diagnose        diagnose an archive for a variety of issues
    erase           delete system logging data
    repack          repack a log archive using a predicate
    show            view/search system logs
    stream          watch live system logs
    stats           show system logging statistics

further help:
    log help <command>
    log help predicates
    log help shorthand
log: Unknown subcommand 'ERROR'
usage:
    log <command>

global options:
    -?, --help
    -q, --quiet
    -v, --verbose

commands:
    collect         gather system logs into a log archive
    config          view/change logging system settings
    diagnose        diagnose an archive for a variety of issues
    erase           delete system logging data
    repack          repack a log archive using a predicate
    show            view/search system logs
    stream          watch live system logs
    stats           show system logging statistics

further help:
    log help <command>
    log help predicates
    log help shorthand
log: Unknown subcommand 'ERROR'
usage:
    log <command>

global options:
    -?, --help
    -q, --quiet
    -v, --verbose

commands:
    collect         gather system logs into a log archive
    config          view/change logging system settings
    diagnose        diagnose an archive for a variety of issues
    erase           delete system logging data
    repack          repack a log archive using a predicate
    show            view/search system logs
    stream          watch live system logs
    stats           show system logging statistics

further help:
    log help <command>
    log help predicates
    log help shorthand
/Users/clawdia/.openclaw/workspace/scripts/consolidated-email-processor.sh: line 329: check_quiet_hours: command not found
log: Unknown subcommand 'INFO'
usage:
    log <command>

global options:
    -?, --help
    -q, --quiet
    -v, --verbose

commands:
    collect         gather system logs into a log archive
    config          view/change logging system settings
    diagnose        diagnose an archive for a variety of issues
    erase           delete system logging data
    repack          repack a log archive using a predicate
    show            view/search system logs
    stream          watch live system logs
    stats           show system logging statistics

further help:
    log help <command>
    log help predicates
    log help shorthand
log: Unknown subcommand 'SUCCESS'
usage:
    log <command>

global options:
    -?, --help
    -q, --quiet
    -v, --verbose

commands:
    collect         gather system logs into a log archive
    config          view/change logging system settings
    diagnose        diagnose an archive for a variety of issues
    erase           delete system logging data
    repack          repack a log archive using a predicate
    show            view/search system logs
    stream          watch live system logs
    stats           show system logging statistics

further help:
    log help <command>
    log help predicates
    log help shorthand
/Users/clawdia/.openclaw/workspace/scripts/consolidated-email-processor.sh: line 343: cleanup_thread_tracking: command not found
log: Unknown subcommand 'INFO'
usage:
    log <command>

global options:
    -?, --help
    -q, --quiet
    -v, --verbose

commands:
    collect         gather system logs into a log archive
    config          view/change logging system settings
    diagnose        diagnose an archive for a variety of issues
    erase           delete system logging data
    repack          repack a log archive using a predicate
    show            view/search system logs
    stream          watch live system logs
    stats           show system logging statistics

further help:
    log help <command>
    log help predicates
    log help shorthand
log: Unknown subcommand 'INFO'
usage:
    log <command>

global options:
    -?, --help
    -q, --quiet
    -v, --verbose

commands:
    collect         gather system logs into a log archive
    config          view/change logging system settings
    diagnose        diagnose an archive for a variety of issues
    erase           delete system logging data
    repack          repack a log archive using a predicate
    show            view/search system logs
    stream          watch live system logs
    stats           show system logging statistics

further help:
    log help <command>
    log help predicates
    log help shorthand
log: Unknown subcommand 'ERROR'
usage:
    log <command>

global options:
    -?, --help
    -q, --quiet
    -v, --verbose

commands:
    collect         gather system logs into a log archive
    config          view/change logging system settings
    diagnose        diagnose an archive for a variety of issues
    erase           delete system logging data
    repack          repack a log archive using a predicate
    show            view/search system logs
    stream          watch live system logs
    stats           show system logging statistics

further help:
    log help <command>
    log help predicates
    log help shorthand
log: Unknown subcommand 'INFO'
usage:
    log <command>

global options:
    -?, --help
    -q, --quiet
    -v, --verbose

commands:
    collect         gather system logs into a log archive
    config          view/change logging system settings
    diagnose        diagnose an archive for a variety of issues
    erase           delete system logging data
    repack          repack a log archive using a predicate
    show            view/search system logs
    stream          watch live system logs
    stats           show system logging statistics

further help:
    log help <command>
    log help predicates
    log help shorthand
log: Unknown subcommand 'INFO'
usage:
    log <command>

global options:
    -?, --help
    -q, --quiet
    -v, --verbose

commands:
    collect         gather system logs into a log archive
    config          view/change logging system settings
    diagnose        diagnose an archive for a variety of issues
    erase           delete system logging data
    repack          repack a log archive using a predicate
    show            view/search system logs
    stream          watch live system logs
    stats           show system logging statistics

further help:
    log help <command>
    log help predicates
    log help shorthand
/Users/clawdia/.openclaw/workspace/scripts/consolidated-email-processor.sh: line 229: : No such file or directory
/Users/clawdia/.openclaw/workspace/scripts/consolidated-email-processor.sh: line 230: : No such file or directory
/Users/clawdia/.openclaw/workspace/scripts/consolidated-email-processor.sh: line 232: /summary-20260315-0200.txt: Read-only file system
log: Unknown subcommand 'INFO'
usage:
    log <command>

global options:
    -?, --help
    -q, --quiet
    -v, --verbose

commands:
    collect         gather system logs into a log archive
    config          view/change logging system settings
    diagnose        diagnose an archive for a variety of issues
    erase           delete system logging data
    repack          repack a log archive using a predicate
    show            view/search system logs
    stream          watch live system logs
    stats           show system logging statistics

further help:
    log help <command>
    log help predicates
    log help shorthand
find: : No such file or directory
log: Unknown subcommand 'INFO'
usage:
    log <command>

global options:
    -?, --help
    -q, --quiet
    -v, --verbose

commands:
    collect         gather system logs into a log archive
    config          view/change logging system settings
    diagnose        diagnose an archive for a variety of issues
    erase           delete system logging data
    repack          repack a log archive using a predicate
    show            view/search system logs
    stream          watch live system logs
    stats           show system logging statistics

further help:
    log help <command>
    log help predicates
    log help shorthand
log: Unknown subcommand 'SUCCESS'
usage:
    log <command>

global options:
    -?, --help
    -q, --quiet
    -v, --verbose

commands:
    collect         gather system logs into a log archive
    config          view/change logging system settings
    diagnose        diagnose an archive for a variety of issues
    erase           delete system logging data
    repack          repack a log archive using a predicate
    show            view/search system logs
    stream          watch live system logs
    stats           show system logging statistics

further help:
    log help <command>
    log help predicates
    log help shorthand
log: Unknown subcommand 'INFO'
usage:
    log <command>

global options:
    -?, --help
    -q, --quiet
    -v, --verbose

commands:
    collect         gather system logs into a log archive
    config          view/change logging system settings
    diagnose        diagnose an archive for a variety of issues
    erase           delete system logging data
    repack          repack a log archive using a predicate
    show            view/search system logs
    stream          watch live system logs
    stats           show system logging statistics

further help:
    log help <command>
    log help predicates
    log help shorthand
/Users/clawdia/.openclaw/workspace/scripts/consolidated-email-processor.sh: line 319: policy_guard_check: command not found
log: Unknown subcommand 'INFO'
usage:
    log <command>

global options:
    -?, --help
    -q, --quiet
    -v, --verbose

commands:
    collect         gather system logs into a log archive
    config          view/change logging system settings
    diagnose        diagnose an archive for a variety of issues
    erase           delete system logging data
    repack          repack a log archive using a predicate
    show            view/search system logs
    stream          watch live system logs
    stats           show system logging statistics

further help:
    log help <command>
    log help predicates
    log help shorthand
log: Unknown subcommand 'INFO'
usage:
    log <command>

global options:
    -?, --help
    -q, --quiet
    -v, --verbose

commands:
    collect         gather system logs into a log archive
    config          view/change logging system settings
    diagnose        diagnose an archive for a variety of issues
    erase           delete system logging data
    repack          repack a log archive using a predicate
    show            view/search system logs
    stream          watch live system logs
    stats           show system logging statistics

further help:
    log help <command>
    log help predicates
    log help shorthand
log: Unknown subcommand 'INFO'
usage:
    log <command>

global options:
    -?, --help
    -q, --quiet
    -v, --verbose

commands:
    collect         gather system logs into a log archive
    config          view/change logging system settings
    diagnose        diagnose an archive for a variety of issues
    erase           delete system logging data
    repack          repack a log archive using a predicate
    show            view/search system logs
    stream          watch live system logs
    stats           show system logging statistics

further help:
    log help <command>
    log help predicates
    log help shorthand
/Users/clawdia/.openclaw/workspace/scripts/consolidated-email-processor.sh: line 284: should_create_todo: command not found
log: Unknown subcommand 'SUCCESS'
usage:
    log <command>

global options:
    -?, --help
    -q, --quiet
    -v, --verbose

commands:
    collect         gather system logs into a log archive
    config          view/change logging system settings
    diagnose        diagnose an archive for a variety of issues
    erase           delete system logging data
    repack          repack a log archive using a predicate
    show            view/search system logs
    stream          watch live system logs
    stats           show system logging statistics

further help:
    log help <command>
    log help predicates
    log help shorthand
/Users/clawdia/.openclaw/workspace/scripts/consolidated-email-processor.sh: line 284: should_create_todo: command not found
log: Unknown subcommand 'SUCCESS'
usage:
    log <command>

global options:
    -?, --help
    -q, --quiet
    -v, --verbose

commands:
    collect         gather system logs into a log archive
    config          view/change logging system settings
    diagnose        diagnose an archive for a variety of issues
    erase           delete system logging data
    repack          repack a log archive using a predicate
    show            view/search system logs
    stream          watch live system logs
    stats           show system logging statistics

further help:
    log help <command>
    log help predicates
    log help shorthand
/Users/clawdia/.openclaw/workspace/scripts/consolidated-email-processor.sh: line 284: should_create_todo: command not found
log: Unknown subcommand 'SUCCESS'
usage:
    log <command>

global options:
    -?, --help
    -q, --quiet
    -v, --verbose

commands:
    collect         gather system logs into a log archive
    config          view/change logging system settings
    diagnose        diagnose an archive for a variety of issues
    erase           delete system logging data
    repack          repack a log archive using a predicate
    show            view/search system logs
    stream          watch live system logs
    stats           show system logging statistics

further help:
    log help <command>
    log help predicates
    log help shorthand
/Users/clawdia/.openclaw/workspace/scripts/consolidated-email-processor.sh: line 284: should_create_todo: command not found
log: Unknown subcommand 'SUCCESS'
usage:
    log <command>

global options:
    -?, --help
    -q, --quiet
    -v, --verbose

commands:
    collect         gather system logs into a log archive
    config          view/change logging system settings
    diagnose        diagnose an archive for a variety of issues
    erase           delete system logging data
    repack          repack a log archive using a predicate
    show            view/search system logs
    stream          watch live system logs
    stats           show system logging statistics

further help:
    log help <command>
    log help predicates
    log help shorthand
/Users/clawdia/.openclaw/workspace/scripts/consolidated-email-processor.sh: line 284: should_create_todo: command not found
log: Unknown subcommand 'SUCCESS'
usage:
    log <command>

global options:
    -?, --help
    -q, --quiet
    -v, --verbose

commands:
    collect         gather system logs into a log archive
    config          view/change logging system settings
    diagnose        diagnose an archive for a variety of issues
    erase           delete system logging data
    repack          repack a log archive using a predicate
    show            view/search system logs
    stream          watch live system logs
    stats           show system logging statistics

further help:
    log help <command>
    log help predicates
    log help shorthand
/Users/clawdia/.openclaw/workspace/scripts/consolidated-email-processor.sh: line 284: should_create_todo: command not found
log: Unknown subcommand 'SUCCESS'
usage:
    log <command>

global options:
    -?, --help
    -q, --quiet
    -v, --verbose

commands:
    collect         gather system logs into a log archive
    config          view/change logging system settings
    diagnose        diagnose an archive for a variety of issues
    erase           delete system logging data
    repack          repack a log archive using a predicate
    show            view/search system logs
    stream          watch live system logs
    stats           show system logging statistics

further help:
    log help <command>
    log help predicates
    log help shorthand
/Users/clawdia/.openclaw/workspace/scripts/consolidated-email-processor.sh: line 297: should_create_todo: command not found
log: Unknown subcommand 'ERROR'
usage:
    log <command>

global options:
    -?, --help
    -q, --quiet
    -v, --verbose

commands:
    collect         gather system logs into a log archive
    config          view/change logging system settings
    diagnose        diagnose an archive for a variety of issues
    erase           delete system logging data
    repack          repack a log archive using a predicate
    show            view/search system logs
    stream          watch live system logs
    stats           show system logging statistics

further help:
    log help <command>
    log help predicates
    log help shorthand
/Users/clawdia/.openclaw/workspace/scripts/consolidated-email-processor.sh: line 297: should_create_todo: command not found
log: Unknown subcommand 'ERROR'
usage:
    log <command>

global options:
    -?, --help
    -q, --quiet
    -v, --verbose

commands:
    collect         gather system logs into a log archive
    config          view/change logging system settings
    diagnose        diagnose an archive for a variety of issues
    erase           delete system logging data
    repack          repack a log archive using a predicate
    show            view/search system logs
    stream          watch live system logs
    stats           show system logging statistics

further help:
    log help <command>
    log help predicates
    log help shorthand
/Users/clawdia/.openclaw/workspace/scripts/consolidated-email-processor.sh: line 297: should_create_todo: command not found
log: Unknown subcommand 'ERROR'
usage:
    log <command>

global options:
    -?, --help
    -q, --quiet
    -v, --verbose

commands:
    collect         gather system logs into a log archive
    config          view/change logging system settings
    diagnose        diagnose an archive for a variety of issues
    erase           delete system logging data
    repack          repack a log archive using a predicate
    show            view/search system logs
    stream          watch live system logs
    stats           show system logging statistics

further help:
    log help <command>
    log help predicates
    log help shorthand
/Users/clawdia/.openclaw/workspace/scripts/consolidated-email-processor.sh: line 297: should_create_todo: command not found
log: Unknown subcommand 'ERROR'
usage:
    log <command>

global options:
    -?, --help
    -q, --quiet
    -v, --verbose

commands:
    collect         gather system logs into a log archive
    config          view/change logging system settings
    diagnose        diagnose an archive for a variety of issues
    erase           delete system logging data
    repack          repack a log archive using a predicate
    show            view/search system logs
    stream          watch live system logs
    stats           show system logging statistics

further help:
    log help <command>
    log help predicates
    log help shorthand
/Users/clawdia/.openclaw/workspace/scripts/consolidated-email-processor.sh: line 297: should_create_todo: command not found
log: Unknown subcommand 'ERROR'
usage:
    log <command>

global options:
    -?, --help
    -q, --quiet
    -v, --verbose

commands:
    collect         gather system logs into a log archive
    config          view/change logging system settings
    diagnose        diagnose an archive for a variety of issues
    erase           delete system logging data
    repack          repack a log archive using a predicate
    show            view/search system logs
    stream          watch live system logs
    stats           show system logging statistics

further help:
    log help <command>
    log help predicates
    log help shorthand
log: Unknown subcommand 'INFO'
usage:
    log <command>

global options:
    -?, --help
    -q, --quiet
    -v, --verbose

commands:
    collect         gather system logs into a log archive
    config          view/change logging system settings
    diagnose        diagnose an archive for a variety of issues
    erase           delete system logging data
    repack          repack a log archive using a predicate
    show            view/search system logs
    stream          watch live system logs
    stats           show system logging statistics

further help:
    log help <command>
    log help predicates
    log help shorthand
log: Unknown subcommand 'ERROR'
usage:
    log <command>

global options:
    -?, --help
    -q, --quiet
    -v, --verbose

commands:
    collect         gather system logs into a log archive
    config          view/change logging system settings
    diagnose        diagnose an archive for a variety of issues
    erase           delete system logging data
    repack          repack a log archive using a predicate
    show            view/search system logs
    stream          watch live system logs
    stats           show system logging statistics

further help:
    log help <command>
    log help predicates
    log help shorthand
log: Unknown subcommand 'ERROR'
usage:
    log <command>

global options:
    -?, --help
    -q, --quiet
    -v, --verbose

commands:
    collect         gather system logs into a log archive
    config          view/change logging system settings
    diagnose        diagnose an archive for a variety of issues
    erase           delete system logging data
    repack          repack a log archive using a predicate
    show            view/search system logs
    stream          watch live system logs
    stats           show system logging statistics

further help:
    log help <command>
    log help predicates
    log help shorthand
/Users/clawdia/.openclaw/workspace/scripts/consolidated-email-processor.sh: line 329: check_quiet_hours: command not found
log: Unknown subcommand 'INFO'
usage:
    log <command>

global options:
    -?, --help
    -q, --quiet
    -v, --verbose

commands:
    collect         gather system logs into a log archive
    config          view/change logging system settings
    diagnose        diagnose an archive for a variety of issues
    erase           delete system logging data
    repack          repack a log archive using a predicate
    show            view/search system logs
    stream          watch live system logs
    stats           show system logging statistics

further help:
    log help <command>
    log help predicates
    log help shorthand
log: Unknown subcommand 'SUCCESS'
usage:
    log <command>

global options:
    -?, --help
    -q, --quiet
    -v, --verbose

commands:
    collect         gather system logs into a log archive
    config          view/change logging system settings
    diagnose        diagnose an archive for a variety of issues
    erase           delete system logging data
    repack          repack a log archive using a predicate
    show            view/search system logs
    stream          watch live system logs
    stats           show system logging statistics

further help:
    log help <command>
    log help predicates
    log help shorthand
/Users/clawdia/.openclaw/workspace/scripts/consolidated-email-processor.sh: line 343: cleanup_thread_tracking: command not found
log: Unknown subcommand 'INFO'
usage:
    log <command>

global options:
    -?, --help
    -q, --quiet
    -v, --verbose

commands:
    collect         gather system logs into a log archive
    config          view/change logging system settings
    diagnose        diagnose an archive for a variety of issues
    erase           delete system logging data
    repack          repack a log archive using a predicate
    show            view/search system logs
    stream          watch live system logs
    stats           show system logging statistics

further help:
    log help <command>
    log help predicates
    log help shorthand
log: Unknown subcommand 'INFO'
usage:
    log <command>

global options:
    -?, --help
    -q, --quiet
    -v, --verbose

commands:
    collect         gather system logs into a log archive
    config          view/change logging system settings
    diagnose        diagnose an archive for a variety of issues
    erase           delete system logging data
    repack          repack a log archive using a predicate
    show            view/search system logs
    stream          watch live system logs
    stats           show system logging statistics

further help:
    log help <command>
    log help predicates
    log help shorthand
log: Unknown subcommand 'ERROR'
usage:
    log <command>

global options:
    -?, --help
    -q, --quiet
    -v, --verbose

commands:
    collect         gather system logs into a log archive
    config          view/change logging system settings
    diagnose        diagnose an archive for a variety of issues
    erase           delete system logging data
    repack          repack a log archive using a predicate
    show            view/search system logs
    stream          watch live system logs
    stats           show system logging statistics

further help:
    log help <command>
    log help predicates
    log help shorthand
log: Unknown subcommand 'INFO'
usage:
    log <command>

global options:
    -?, --help
    -q, --quiet
    -v, --verbose

commands:
    collect         gather system logs into a log archive
    config          view/change logging system settings
    diagnose        diagnose an archive for a variety of issues
    erase           delete system logging data
    repack          repack a log archive using a predicate
    show            view/search system logs
    stream          watch live system logs
    stats           show system logging statistics

further help:
    log help <command>
    log help predicates
    log help shorthand
log: Unknown subcommand 'INFO'
usage:
    log <command>

global options:
    -?, --help
    -q, --quiet
    -v, --verbose

commands:
    collect         gather system logs into a log archive
    config          view/change logging system settings
    diagnose        diagnose an archive for a variety of issues
    erase           delete system logging data
    repack          repack a log archive using a predicate
    show            view/search system logs
    stream          watch live system logs
    stats           show system logging statistics

further help:
    log help <command>
    log help predicates
    log help shorthand
/Users/clawdia/.openclaw/workspace/scripts/consolidated-email-processor.sh: line 229: : No such file or directory
/Users/clawdia/.openclaw/workspace/scripts/consolidated-email-processor.sh: line 230: : No such file or directory
/Users/clawdia/.openclaw/workspace/scripts/consolidated-email-processor.sh: line 232: /summary-20260315-0300.txt: Read-only file system
log: Unknown subcommand 'INFO'
usage:
    log <command>

global options:
    -?, --help
    -q, --quiet
    -v, --verbose

commands:
    collect         gather system logs into a log archive
    config          view/change logging system settings
    diagnose        diagnose an archive for a variety of issues
    erase           delete system logging data
    repack          repack a log archive using a predicate
    show            view/search system logs
    stream          watch live system logs
    stats           show system logging statistics

further help:
    log help <command>
    log help predicates
    log help shorthand
find: : No such file or directory
log: Unknown subcommand 'INFO'
usage:
    log <command>

global options:
    -?, --help
    -q, --quiet
    -v, --verbose

commands:
    collect         gather system logs into a log archive
    config          view/change logging system settings
    diagnose        diagnose an archive for a variety of issues
    erase           delete system logging data
    repack          repack a log archive using a predicate
    show            view/search system logs
    stream          watch live system logs
    stats           show system logging statistics

further help:
    log help <command>
    log help predicates
    log help shorthand
log: Unknown subcommand 'SUCCESS'
usage:
    log <command>

global options:
    -?, --help
    -q, --quiet
    -v, --verbose

commands:
    collect         gather system logs into a log archive
    config          view/change logging system settings
    diagnose        diagnose an archive for a variety of issues
    erase           delete system logging data
    repack          repack a log archive using a predicate
    show            view/search system logs
    stream          watch live system logs
    stats           show system logging statistics

further help:
    log help <command>
    log help predicates
    log help shorthand
log: Unknown subcommand 'INFO'
usage:
    log <command>

global options:
    -?, --help
    -q, --quiet
    -v, --verbose

commands:
    collect         gather system logs into a log archive
    config          view/change logging system settings
    diagnose        diagnose an archive for a variety of issues
    erase           delete system logging data
    repack          repack a log archive using a predicate
    show            view/search system logs
    stream          watch live system logs
    stats           show system logging statistics

further help:
    log help <command>
    log help predicates
    log help shorthand
/Users/clawdia/.openclaw/workspace/scripts/consolidated-email-processor.sh: line 319: policy_guard_check: command not found
log: Unknown subcommand 'INFO'
usage:
    log <command>

global options:
    -?, --help
    -q, --quiet
    -v, --verbose

commands:
    collect         gather system logs into a log archive
    config          view/change logging system settings
    diagnose        diagnose an archive for a variety of issues
    erase           delete system logging data
    repack          repack a log archive using a predicate
    show            view/search system logs
    stream          watch live system logs
    stats           show system logging statistics

further help:
    log help <command>
    log help predicates
    log help shorthand
log: Unknown subcommand 'INFO'
usage:
    log <command>

global options:
    -?, --help
    -q, --quiet
    -v, --verbose

commands:
    collect         gather system logs into a log archive
    config          view/change logging system settings
    diagnose        diagnose an archive for a variety of issues
    erase           delete system logging data
    repack          repack a log archive using a predicate
    show            view/search system logs
    stream          watch live system logs
    stats           show system logging statistics

further help:
    log help <command>
    log help predicates
    log help shorthand
log: Unknown subcommand 'INFO'
usage:
    log <command>

global options:
    -?, --help
    -q, --quiet
    -v, --verbose

commands:
    collect         gather system logs into a log archive
    config          view/change logging system settings
    diagnose        diagnose an archive for a variety of issues
    erase           delete system logging data
    repack          repack a log archive using a predicate
    show            view/search system logs
    stream          watch live system logs
    stats           show system logging statistics

further help:
    log help <command>
    log help predicates
    log help shorthand
/Users/clawdia/.openclaw/workspace/scripts/consolidated-email-processor.sh: line 284: should_create_todo: command not found
log: Unknown subcommand 'SUCCESS'
usage:
    log <command>

global options:
    -?, --help
    -q, --quiet
    -v, --verbose

commands:
    collect         gather system logs into a log archive
    config          view/change logging system settings
    diagnose        diagnose an archive for a variety of issues
    erase           delete system logging data
    repack          repack a log archive using a predicate
    show            view/search system logs
    stream          watch live system logs
    stats           show system logging statistics

further help:
    log help <command>
    log help predicates
    log help shorthand
/Users/clawdia/.openclaw/workspace/scripts/consolidated-email-processor.sh: line 284: should_create_todo: command not found
log: Unknown subcommand 'SUCCESS'
usage:
    log <command>

global options:
    -?, --help
    -q, --quiet
    -v, --verbose

commands:
    collect         gather system logs into a log archive
    config          view/change logging system settings
    diagnose        diagnose an archive for a variety of issues
    erase           delete system logging data
    repack          repack a log archive using a predicate
    show            view/search system logs
    stream          watch live system logs
    stats           show system logging statistics

further help:
    log help <command>
    log help predicates
    log help shorthand
/Users/clawdia/.openclaw/workspace/scripts/consolidated-email-processor.sh: line 284: should_create_todo: command not found
log: Unknown subcommand 'SUCCESS'
usage:
    log <command>

global options:
    -?, --help
    -q, --quiet
    -v, --verbose

commands:
    collect         gather system logs into a log archive
    config          view/change logging system settings
    diagnose        diagnose an archive for a variety of issues
    erase           delete system logging data
    repack          repack a log archive using a predicate
    show            view/search system logs
    stream          watch live system logs
    stats           show system logging statistics

further help:
    log help <command>
    log help predicates
    log help shorthand
/Users/clawdia/.openclaw/workspace/scripts/consolidated-email-processor.sh: line 284: should_create_todo: command not found
log: Unknown subcommand 'SUCCESS'
usage:
    log <command>

global options:
    -?, --help
    -q, --quiet
    -v, --verbose

commands:
    collect         gather system logs into a log archive
    config          view/change logging system settings
    diagnose        diagnose an archive for a variety of issues
    erase           delete system logging data
    repack          repack a log archive using a predicate
    show            view/search system logs
    stream          watch live system logs
    stats           show system logging statistics

further help:
    log help <command>
    log help predicates
    log help shorthand
/Users/clawdia/.openclaw/workspace/scripts/consolidated-email-processor.sh: line 284: should_create_todo: command not found
log: Unknown subcommand 'SUCCESS'
usage:
    log <command>

global options:
    -?, --help
    -q, --quiet
    -v, --verbose

commands:
    collect         gather system logs into a log archive
    config          view/change logging system settings
    diagnose        diagnose an archive for a variety of issues
    erase           delete system logging data
    repack          repack a log archive using a predicate
    show            view/search system logs
    stream          watch live system logs
    stats           show system logging statistics

further help:
    log help <command>
    log help predicates
    log help shorthand
/Users/clawdia/.openclaw/workspace/scripts/consolidated-email-processor.sh: line 284: should_create_todo: command not found
log: Unknown subcommand 'SUCCESS'
usage:
    log <command>

global options:
    -?, --help
    -q, --quiet
    -v, --verbose

commands:
    collect         gather system logs into a log archive
    config          view/change logging system settings
    diagnose        diagnose an archive for a variety of issues
    erase           delete system logging data
    repack          repack a log archive using a predicate
    show            view/search system logs
    stream          watch live system logs
    stats           show system logging statistics

further help:
    log help <command>
    log help predicates
    log help shorthand
/Users/clawdia/.openclaw/workspace/scripts/consolidated-email-processor.sh: line 297: should_create_todo: command not found
log: Unknown subcommand 'ERROR'
usage:
    log <command>

global options:
    -?, --help
    -q, --quiet
    -v, --verbose

commands:
    collect         gather system logs into a log archive
    config          view/change logging system settings
    diagnose        diagnose an archive for a variety of issues
    erase           delete system logging data
    repack          repack a log archive using a predicate
    show            view/search system logs
    stream          watch live system logs
    stats           show system logging statistics

further help:
    log help <command>
    log help predicates
    log help shorthand
/Users/clawdia/.openclaw/workspace/scripts/consolidated-email-processor.sh: line 297: should_create_todo: command not found
log: Unknown subcommand 'ERROR'
usage:
    log <command>

global options:
    -?, --help
    -q, --quiet
    -v, --verbose

commands:
    collect         gather system logs into a log archive
    config          view/change logging system settings
    diagnose        diagnose an archive for a variety of issues
    erase           delete system logging data
    repack          repack a log archive using a predicate
    show            view/search system logs
    stream          watch live system logs
    stats           show system logging statistics

further help:
    log help <command>
    log help predicates
    log help shorthand
/Users/clawdia/.openclaw/workspace/scripts/consolidated-email-processor.sh: line 297: should_create_todo: command not found
log: Unknown subcommand 'ERROR'
usage:
    log <command>

global options:
    -?, --help
    -q, --quiet
    -v, --verbose

commands:
    collect         gather system logs into a log archive
    config          view/change logging system settings
    diagnose        diagnose an archive for a variety of issues
    erase           delete system logging data
    repack          repack a log archive using a predicate
    show            view/search system logs
    stream          watch live system logs
    stats           show system logging statistics

further help:
    log help <command>
    log help predicates
    log help shorthand
/Users/clawdia/.openclaw/workspace/scripts/consolidated-email-processor.sh: line 297: should_create_todo: command not found
log: Unknown subcommand 'ERROR'
usage:
    log <command>

global options:
    -?, --help
    -q, --quiet
    -v, --verbose

commands:
    collect         gather system logs into a log archive
    config          view/change logging system settings
    diagnose        diagnose an archive for a variety of issues
    erase           delete system logging data
    repack          repack a log archive using a predicate
    show            view/search system logs
    stream          watch live system logs
    stats           show system logging statistics

further help:
    log help <command>
    log help predicates
    log help shorthand
/Users/clawdia/.openclaw/workspace/scripts/consolidated-email-processor.sh: line 297: should_create_todo: command not found
log: Unknown subcommand 'ERROR'
usage:
    log <command>

global options:
    -?, --help
    -q, --quiet
    -v, --verbose

commands:
    collect         gather system logs into a log archive
    config          view/change logging system settings
    diagnose        diagnose an archive for a variety of issues
    erase           delete system logging data
    repack          repack a log archive using a predicate
    show            view/search system logs
    stream          watch live system logs
    stats           show system logging statistics

further help:
    log help <command>
    log help predicates
    log help shorthand
log: Unknown subcommand 'INFO'
usage:
    log <command>

global options:
    -?, --help
    -q, --quiet
    -v, --verbose

commands:
    collect         gather system logs into a log archive
    config          view/change logging system settings
    diagnose        diagnose an archive for a variety of issues
    erase           delete system logging data
    repack          repack a log archive using a predicate
    show            view/search system logs
    stream          watch live system logs
    stats           show system logging statistics

further help:
    log help <command>
    log help predicates
    log help shorthand
log: Unknown subcommand 'ERROR'
usage:
    log <command>

global options:
    -?, --help
    -q, --quiet
    -v, --verbose

commands:
    collect         gather system logs into a log archive
    config          view/change logging system settings
    diagnose        diagnose an archive for a variety of issues
    erase           delete system logging data
    repack          repack a log archive using a predicate
    show            view/search system logs
    stream          watch live system logs
    stats           show system logging statistics

further help:
    log help <command>
    log help predicates
    log help shorthand
log: Unknown subcommand 'ERROR'
usage:
    log <command>

global options:
    -?, --help
    -q, --quiet
    -v, --verbose

commands:
    collect         gather system logs into a log archive
    config          view/change logging system settings
    diagnose        diagnose an archive for a variety of issues
    erase           delete system logging data
    repack          repack a log archive using a predicate
    show            view/search system logs
    stream          watch live system logs
    stats           show system logging statistics

further help:
    log help <command>
    log help predicates
    log help shorthand
/Users/clawdia/.openclaw/workspace/scripts/consolidated-email-processor.sh: line 329: check_quiet_hours: command not found
log: Unknown subcommand 'INFO'
usage:
    log <command>

global options:
    -?, --help
    -q, --quiet
    -v, --verbose

commands:
    collect         gather system logs into a log archive
    config          view/change logging system settings
    diagnose        diagnose an archive for a variety of issues
    erase           delete system logging data
    repack          repack a log archive using a predicate
    show            view/search system logs
    stream          watch live system logs
    stats           show system logging statistics

further help:
    log help <command>
    log help predicates
    log help shorthand
log: Unknown subcommand 'SUCCESS'
usage:
    log <command>

global options:
    -?, --help
    -q, --quiet
    -v, --verbose

commands:
    collect         gather system logs into a log archive
    config          view/change logging system settings
    diagnose        diagnose an archive for a variety of issues
    erase           delete system logging data
    repack          repack a log archive using a predicate
    show            view/search system logs
    stream          watch live system logs
    stats           show system logging statistics

further help:
    log help <command>
    log help predicates
    log help shorthand
/Users/clawdia/.openclaw/workspace/scripts/consolidated-email-processor.sh: line 343: cleanup_thread_tracking: command not found
log: Unknown subcommand 'INFO'
usage:
    log <command>

global options:
    -?, --help
    -q, --quiet
    -v, --verbose

commands:
    collect         gather system logs into a log archive
    config          view/change logging system settings
    diagnose        diagnose an archive for a variety of issues
    erase           delete system logging data
    repack          repack a log archive using a predicate
    show            view/search system logs
    stream          watch live system logs
    stats           show system logging statistics

further help:
    log help <command>
    log help predicates
    log help shorthand
log: Unknown subcommand 'INFO'
usage:
    log <command>

global options:
    -?, --help
    -q, --quiet
    -v, --verbose

commands:
    collect         gather system logs into a log archive
    config          view/change logging system settings
    diagnose        diagnose an archive for a variety of issues
    erase           delete system logging data
    repack          repack a log archive using a predicate
    show            view/search system logs
    stream          watch live system logs
    stats           show system logging statistics

further help:
    log help <command>
    log help predicates
    log help shorthand
log: Unknown subcommand 'ERROR'
usage:
    log <command>

global options:
    -?, --help
    -q, --quiet
    -v, --verbose

commands:
    collect         gather system logs into a log archive
    config          view/change logging system settings
    diagnose        diagnose an archive for a variety of issues
    erase           delete system logging data
    repack          repack a log archive using a predicate
    show            view/search system logs
    stream          watch live system logs
    stats           show system logging statistics

further help:
    log help <command>
    log help predicates
    log help shorthand
log: Unknown subcommand 'INFO'
usage:
    log <command>

global options:
    -?, --help
    -q, --quiet
    -v, --verbose

commands:
    collect         gather system logs into a log archive
    config          view/change logging system settings
    diagnose        diagnose an archive for a variety of issues
    erase           delete system logging data
    repack          repack a log archive using a predicate
    show            view/search system logs
    stream          watch live system logs
    stats           show system logging statistics

further help:
    log help <command>
    log help predicates
    log help shorthand
log: Unknown subcommand 'INFO'
usage:
    log <command>

global options:
    -?, --help
    -q, --quiet
    -v, --verbose

commands:
    collect         gather system logs into a log archive
    config          view/change logging system settings
    diagnose        diagnose an archive for a variety of issues
    erase           delete system logging data
    repack          repack a log archive using a predicate
    show            view/search system logs
    stream          watch live system logs
    stats           show system logging statistics

further help:
    log help <command>
    log help predicates
    log help shorthand
/Users/clawdia/.openclaw/workspace/scripts/consolidated-email-processor.sh: line 229: : No such file or directory
/Users/clawdia/.openclaw/workspace/scripts/consolidated-email-processor.sh: line 230: : No such file or directory
/Users/clawdia/.openclaw/workspace/scripts/consolidated-email-processor.sh: line 232: /summary-20260315-0400.txt: Read-only file system
log: Unknown subcommand 'INFO'
usage:
    log <command>

global options:
    -?, --help
    -q, --quiet
    -v, --verbose

commands:
    collect         gather system logs into a log archive
    config          view/change logging system settings
    diagnose        diagnose an archive for a variety of issues
    erase           delete system logging data
    repack          repack a log archive using a predicate
    show            view/search system logs
    stream          watch live system logs
    stats           show system logging statistics

further help:
    log help <command>
    log help predicates
    log help shorthand
find: : No such file or directory
log: Unknown subcommand 'INFO'
usage:
    log <command>

global options:
    -?, --help
    -q, --quiet
    -v, --verbose

commands:
    collect         gather system logs into a log archive
    config          view/change logging system settings
    diagnose        diagnose an archive for a variety of issues
    erase           delete system logging data
    repack          repack a log archive using a predicate
    show            view/search system logs
    stream          watch live system logs
    stats           show system logging statistics

further help:
    log help <command>
    log help predicates
    log help shorthand
log: Unknown subcommand 'SUCCESS'
usage:
    log <command>

global options:
    -?, --help
    -q, --quiet
    -v, --verbose

commands:
    collect         gather system logs into a log archive
    config          view/change logging system settings
    diagnose        diagnose an archive for a variety of issues
    erase           delete system logging data
    repack          repack a log archive using a predicate
    show            view/search system logs
    stream          watch live system logs
    stats           show system logging statistics

further help:
    log help <command>
    log help predicates
    log help shorthand
log: Unknown subcommand 'INFO'
usage:
    log <command>

global options:
    -?, --help
    -q, --quiet
    -v, --verbose

commands:
    collect         gather system logs into a log archive
    config          view/change logging system settings
    diagnose        diagnose an archive for a variety of issues
    erase           delete system logging data
    repack          repack a log archive using a predicate
    show            view/search system logs
    stream          watch live system logs
    stats           show system logging statistics

further help:
    log help <command>
    log help predicates
    log help shorthand
/Users/clawdia/.openclaw/workspace/scripts/consolidated-email-processor.sh: line 319: policy_guard_check: command not found
log: Unknown subcommand 'INFO'
usage:
    log <command>

global options:
    -?, --help
    -q, --quiet
    -v, --verbose

commands:
    collect         gather system logs into a log archive
    config          view/change logging system settings
    diagnose        diagnose an archive for a variety of issues
    erase           delete system logging data
    repack          repack a log archive using a predicate
    show            view/search system logs
    stream          watch live system logs
    stats           show system logging statistics

further help:
    log help <command>
    log help predicates
    log help shorthand
log: Unknown subcommand 'INFO'
usage:
    log <command>

global options:
    -?, --help
    -q, --quiet
    -v, --verbose

commands:
    collect         gather system logs into a log archive
    config          view/change logging system settings
    diagnose        diagnose an archive for a variety of issues
    erase           delete system logging data
    repack          repack a log archive using a predicate
    show            view/search system logs
    stream          watch live system logs
    stats           show system logging statistics

further help:
    log help <command>
    log help predicates
    log help shorthand
log: Unknown subcommand 'INFO'
usage:
    log <command>

global options:
    -?, --help
    -q, --quiet
    -v, --verbose

commands:
    collect         gather system logs into a log archive
    config          view/change logging system settings
    diagnose        diagnose an archive for a variety of issues
    erase           delete system logging data
    repack          repack a log archive using a predicate
    show            view/search system logs
    stream          watch live system logs
    stats           show system logging statistics

further help:
    log help <command>
    log help predicates
    log help shorthand
/Users/clawdia/.openclaw/workspace/scripts/consolidated-email-processor.sh: line 284: should_create_todo: command not found
log: Unknown subcommand 'SUCCESS'
usage:
    log <command>

global options:
    -?, --help
    -q, --quiet
    -v, --verbose

commands:
    collect         gather system logs into a log archive
    config          view/change logging system settings
    diagnose        diagnose an archive for a variety of issues
    erase           delete system logging data
    repack          repack a log archive using a predicate
    show            view/search system logs
    stream          watch live system logs
    stats           show system logging statistics

further help:
    log help <command>
    log help predicates
    log help shorthand
/Users/clawdia/.openclaw/workspace/scripts/consolidated-email-processor.sh: line 284: should_create_todo: command not found
log: Unknown subcommand 'SUCCESS'
usage:
    log <command>

global options:
    -?, --help
    -q, --quiet
    -v, --verbose

commands:
    collect         gather system logs into a log archive
    config          view/change logging system settings
    diagnose        diagnose an archive for a variety of issues
    erase           delete system logging data
    repack          repack a log archive using a predicate
    show            view/search system logs
    stream          watch live system logs
    stats           show system logging statistics

further help:
    log help <command>
    log help predicates
    log help shorthand
/Users/clawdia/.openclaw/workspace/scripts/consolidated-email-processor.sh: line 284: should_create_todo: command not found
log: Unknown subcommand 'SUCCESS'
usage:
    log <command>

global options:
    -?, --help
    -q, --quiet
    -v, --verbose

commands:
    collect         gather system logs into a log archive
    config          view/change logging system settings
    diagnose        diagnose an archive for a variety of issues
    erase           delete system logging data
    repack          repack a log archive using a predicate
    show            view/search system logs
    stream          watch live system logs
    stats           show system logging statistics

further help:
    log help <command>
    log help predicates
    log help shorthand
/Users/clawdia/.openclaw/workspace/scripts/consolidated-email-processor.sh: line 284: should_create_todo: command not found
log: Unknown subcommand 'SUCCESS'
usage:
    log <command>

global options:
    -?, --help
    -q, --quiet
    -v, --verbose

commands:
    collect         gather system logs into a log archive
    config          view/change logging system settings
    diagnose        diagnose an archive for a variety of issues
    erase           delete system logging data
    repack          repack a log archive using a predicate
    show            view/search system logs
    stream          watch live system logs
    stats           show system logging statistics

further help:
    log help <command>
    log help predicates
    log help shorthand
/Users/clawdia/.openclaw/workspace/scripts/consolidated-email-processor.sh: line 284: should_create_todo: command not found
log: Unknown subcommand 'SUCCESS'
usage:
    log <command>

global options:
    -?, --help
    -q, --quiet
    -v, --verbose

commands:
    collect         gather system logs into a log archive
    config          view/change logging system settings
    diagnose        diagnose an archive for a variety of issues
    erase           delete system logging data
    repack          repack a log archive using a predicate
    show            view/search system logs
    stream          watch live system logs
    stats           show system logging statistics

further help:
    log help <command>
    log help predicates
    log help shorthand
/Users/clawdia/.openclaw/workspace/scripts/consolidated-email-processor.sh: line 284: should_create_todo: command not found
log: Unknown subcommand 'SUCCESS'
usage:
    log <command>

global options:
    -?, --help
    -q, --quiet
    -v, --verbose

commands:
    collect         gather system logs into a log archive
    config          view/change logging system settings
    diagnose        diagnose an archive for a variety of issues
    erase           delete system logging data
    repack          repack a log archive using a predicate
    show            view/search system logs
    stream          watch live system logs
    stats           show system logging statistics

further help:
    log help <command>
    log help predicates
    log help shorthand
/Users/clawdia/.openclaw/workspace/scripts/consolidated-email-processor.sh: line 297: should_create_todo: command not found
log: Unknown subcommand 'ERROR'
usage:
    log <command>

global options:
    -?, --help
    -q, --quiet
    -v, --verbose

commands:
    collect         gather system logs into a log archive
    config          view/change logging system settings
    diagnose        diagnose an archive for a variety of issues
    erase           delete system logging data
    repack          repack a log archive using a predicate
    show            view/search system logs
    stream          watch live system logs
    stats           show system logging statistics

further help:
    log help <command>
    log help predicates
    log help shorthand
/Users/clawdia/.openclaw/workspace/scripts/consolidated-email-processor.sh: line 297: should_create_todo: command not found
log: Unknown subcommand 'ERROR'
usage:
    log <command>

global options:
    -?, --help
    -q, --quiet
    -v, --verbose

commands:
    collect         gather system logs into a log archive
    config          view/change logging system settings
    diagnose        diagnose an archive for a variety of issues
    erase           delete system logging data
    repack          repack a log archive using a predicate
    show            view/search system logs
    stream          watch live system logs
    stats           show system logging statistics

further help:
    log help <command>
    log help predicates
    log help shorthand
/Users/clawdia/.openclaw/workspace/scripts/consolidated-email-processor.sh: line 297: should_create_todo: command not found
log: Unknown subcommand 'ERROR'
usage:
    log <command>

global options:
    -?, --help
    -q, --quiet
    -v, --verbose

commands:
    collect         gather system logs into a log archive
    config          view/change logging system settings
    diagnose        diagnose an archive for a variety of issues
    erase           delete system logging data
    repack          repack a log archive using a predicate
    show            view/search system logs
    stream          watch live system logs
    stats           show system logging statistics

further help:
    log help <command>
    log help predicates
    log help shorthand
/Users/clawdia/.openclaw/workspace/scripts/consolidated-email-processor.sh: line 297: should_create_todo: command not found
log: Unknown subcommand 'ERROR'
usage:
    log <command>

global options:
    -?, --help
    -q, --quiet
    -v, --verbose

commands:
    collect         gather system logs into a log archive
    config          view/change logging system settings
    diagnose        diagnose an archive for a variety of issues
    erase           delete system logging data
    repack          repack a log archive using a predicate
    show            view/search system logs
    stream          watch live system logs
    stats           show system logging statistics

further help:
    log help <command>
    log help predicates
    log help shorthand
/Users/clawdia/.openclaw/workspace/scripts/consolidated-email-processor.sh: line 297: should_create_todo: command not found
log: Unknown subcommand 'ERROR'
usage:
    log <command>

global options:
    -?, --help
    -q, --quiet
    -v, --verbose

commands:
    collect         gather system logs into a log archive
    config          view/change logging system settings
    diagnose        diagnose an archive for a variety of issues
    erase           delete system logging data
    repack          repack a log archive using a predicate
    show            view/search system logs
    stream          watch live system logs
    stats           show system logging statistics

further help:
    log help <command>
    log help predicates
    log help shorthand
log: Unknown subcommand 'INFO'
usage:
    log <command>

global options:
    -?, --help
    -q, --quiet
    -v, --verbose

commands:
    collect         gather system logs into a log archive
    config          view/change logging system settings
    diagnose        diagnose an archive for a variety of issues
    erase           delete system logging data
    repack          repack a log archive using a predicate
    show            view/search system logs
    stream          watch live system logs
    stats           show system logging statistics

further help:
    log help <command>
    log help predicates
    log help shorthand
log: Unknown subcommand 'ERROR'
usage:
    log <command>

global options:
    -?, --help
    -q, --quiet
    -v, --verbose

commands:
    collect         gather system logs into a log archive
    config          view/change logging system settings
    diagnose        diagnose an archive for a variety of issues
    erase           delete system logging data
    repack          repack a log archive using a predicate
    show            view/search system logs
    stream          watch live system logs
    stats           show system logging statistics

further help:
    log help <command>
    log help predicates
    log help shorthand
log: Unknown subcommand 'ERROR'
usage:
    log <command>

global options:
    -?, --help
    -q, --quiet
    -v, --verbose

commands:
    collect         gather system logs into a log archive
    config          view/change logging system settings
    diagnose        diagnose an archive for a variety of issues
    erase           delete system logging data
    repack          repack a log archive using a predicate
    show            view/search system logs
    stream          watch live system logs
    stats           show system logging statistics

further help:
    log help <command>
    log help predicates
    log help shorthand
/Users/clawdia/.openclaw/workspace/scripts/consolidated-email-processor.sh: line 329: check_quiet_hours: command not found
log: Unknown subcommand 'INFO'
usage:
    log <command>

global options:
    -?, --help
    -q, --quiet
    -v, --verbose

commands:
    collect         gather system logs into a log archive
    config          view/change logging system settings
    diagnose        diagnose an archive for a variety of issues
    erase           delete system logging data
    repack          repack a log archive using a predicate
    show            view/search system logs
    stream          watch live system logs
    stats           show system logging statistics

further help:
    log help <command>
    log help predicates
    log help shorthand
log: Unknown subcommand 'SUCCESS'
usage:
    log <command>

global options:
    -?, --help
    -q, --quiet
    -v, --verbose

commands:
    collect         gather system logs into a log archive
    config          view/change logging system settings
    diagnose        diagnose an archive for a variety of issues
    erase           delete system logging data
    repack          repack a log archive using a predicate
    show            view/search system logs
    stream          watch live system logs
    stats           show system logging statistics

further help:
    log help <command>
    log help predicates
    log help shorthand
/Users/clawdia/.openclaw/workspace/scripts/consolidated-email-processor.sh: line 343: cleanup_thread_tracking: command not found
log: Unknown subcommand 'INFO'
usage:
    log <command>

global options:
    -?, --help
    -q, --quiet
    -v, --verbose

commands:
    collect         gather system logs into a log archive
    config          view/change logging system settings
    diagnose        diagnose an archive for a variety of issues
    erase           delete system logging data
    repack          repack a log archive using a predicate
    show            view/search system logs
    stream          watch live system logs
    stats           show system logging statistics

further help:
    log help <command>
    log help predicates
    log help shorthand
log: Unknown subcommand 'INFO'
usage:
    log <command>

global options:
    -?, --help
    -q, --quiet
    -v, --verbose

commands:
    collect         gather system logs into a log archive
    config          view/change logging system settings
    diagnose        diagnose an archive for a variety of issues
    erase           delete system logging data
    repack          repack a log archive using a predicate
    show            view/search system logs
    stream          watch live system logs
    stats           show system logging statistics

further help:
    log help <command>
    log help predicates
    log help shorthand
log: Unknown subcommand 'ERROR'
usage:
    log <command>

global options:
    -?, --help
    -q, --quiet
    -v, --verbose

commands:
    collect         gather system logs into a log archive
    config          view/change logging system settings
    diagnose        diagnose an archive for a variety of issues
    erase           delete system logging data
    repack          repack a log archive using a predicate
    show            view/search system logs
    stream          watch live system logs
    stats           show system logging statistics

further help:
    log help <command>
    log help predicates
    log help shorthand
log: Unknown subcommand 'INFO'
usage:
    log <command>

global options:
    -?, --help
    -q, --quiet
    -v, --verbose

commands:
    collect         gather system logs into a log archive
    config          view/change logging system settings
    diagnose        diagnose an archive for a variety of issues
    erase           delete system logging data
    repack          repack a log archive using a predicate
    show            view/search system logs
    stream          watch live system logs
    stats           show system logging statistics

further help:
    log help <command>
    log help predicates
    log help shorthand
log: Unknown subcommand 'INFO'
usage:
    log <command>

global options:
    -?, --help
    -q, --quiet
    -v, --verbose

commands:
    collect         gather system logs into a log archive
    config          view/change logging system settings
    diagnose        diagnose an archive for a variety of issues
    erase           delete system logging data
    repack          repack a log archive using a predicate
    show            view/search system logs
    stream          watch live system logs
    stats           show system logging statistics

further help:
    log help <command>
    log help predicates
    log help shorthand
/Users/clawdia/.openclaw/workspace/scripts/consolidated-email-processor.sh: line 229: : No such file or directory
/Users/clawdia/.openclaw/workspace/scripts/consolidated-email-processor.sh: line 230: : No such file or directory
/Users/clawdia/.openclaw/workspace/scripts/consolidated-email-processor.sh: line 232: /summary-20260315-0500.txt: Read-only file system
log: Unknown subcommand 'INFO'
usage:
    log <command>

global options:
    -?, --help
    -q, --quiet
    -v, --verbose

commands:
    collect         gather system logs into a log archive
    config          view/change logging system settings
    diagnose        diagnose an archive for a variety of issues
    erase           delete system logging data
    repack          repack a log archive using a predicate
    show            view/search system logs
    stream          watch live system logs
    stats           show system logging statistics

further help:
    log help <command>
    log help predicates
    log help shorthand
find: : No such file or directory
log: Unknown subcommand 'INFO'
usage:
    log <command>

global options:
    -?, --help
    -q, --quiet
    -v, --verbose

commands:
    collect         gather system logs into a log archive
    config          view/change logging system settings
    diagnose        diagnose an archive for a variety of issues
    erase           delete system logging data
    repack          repack a log archive using a predicate
    show            view/search system logs
    stream          watch live system logs
    stats           show system logging statistics

further help:
    log help <command>
    log help predicates
    log help shorthand
log: Unknown subcommand 'SUCCESS'
usage:
    log <command>

global options:
    -?, --help
    -q, --quiet
    -v, --verbose

commands:
    collect         gather system logs into a log archive
    config          view/change logging system settings
    diagnose        diagnose an archive for a variety of issues
    erase           delete system logging data
    repack          repack a log archive using a predicate
    show            view/search system logs
    stream          watch live system logs
    stats           show system logging statistics

further help:
    log help <command>
    log help predicates
    log help shorthand
log: Unknown subcommand 'INFO'
usage:
    log <command>

global options:
    -?, --help
    -q, --quiet
    -v, --verbose

commands:
    collect         gather system logs into a log archive
    config          view/change logging system settings
    diagnose        diagnose an archive for a variety of issues
    erase           delete system logging data
    repack          repack a log archive using a predicate
    show            view/search system logs
    stream          watch live system logs
    stats           show system logging statistics

further help:
    log help <command>
    log help predicates
    log help shorthand
/Users/clawdia/.openclaw/workspace/scripts/consolidated-email-processor.sh: line 319: policy_guard_check: command not found
log: Unknown subcommand 'INFO'
usage:
    log <command>

global options:
    -?, --help
    -q, --quiet
    -v, --verbose

commands:
    collect         gather system logs into a log archive
    config          view/change logging system settings
    diagnose        diagnose an archive for a variety of issues
    erase           delete system logging data
    repack          repack a log archive using a predicate
    show            view/search system logs
    stream          watch live system logs
    stats           show system logging statistics

further help:
    log help <command>
    log help predicates
    log help shorthand
log: Unknown subcommand 'INFO'
usage:
    log <command>

global options:
    -?, --help
    -q, --quiet
    -v, --verbose

commands:
    collect         gather system logs into a log archive
    config          view/change logging system settings
    diagnose        diagnose an archive for a variety of issues
    erase           delete system logging data
    repack          repack a log archive using a predicate
    show            view/search system logs
    stream          watch live system logs
    stats           show system logging statistics

further help:
    log help <command>
    log help predicates
    log help shorthand
log: Unknown subcommand 'INFO'
usage:
    log <command>

global options:
    -?, --help
    -q, --quiet
    -v, --verbose

commands:
    collect         gather system logs into a log archive
    config          view/change logging system settings
    diagnose        diagnose an archive for a variety of issues
    erase           delete system logging data
    repack          repack a log archive using a predicate
    show            view/search system logs
    stream          watch live system logs
    stats           show system logging statistics

further help:
    log help <command>
    log help predicates
    log help shorthand
/Users/clawdia/.openclaw/workspace/scripts/consolidated-email-processor.sh: line 284: should_create_todo: command not found
log: Unknown subcommand 'SUCCESS'
usage:
    log <command>

global options:
    -?, --help
    -q, --quiet
    -v, --verbose

commands:
    collect         gather system logs into a log archive
    config          view/change logging system settings
    diagnose        diagnose an archive for a variety of issues
    erase           delete system logging data
    repack          repack a log archive using a predicate
    show            view/search system logs
    stream          watch live system logs
    stats           show system logging statistics

further help:
    log help <command>
    log help predicates
    log help shorthand
/Users/clawdia/.openclaw/workspace/scripts/consolidated-email-processor.sh: line 284: should_create_todo: command not found
log: Unknown subcommand 'SUCCESS'
usage:
    log <command>

global options:
    -?, --help
    -q, --quiet
    -v, --verbose

commands:
    collect         gather system logs into a log archive
    config          view/change logging system settings
    diagnose        diagnose an archive for a variety of issues
    erase           delete system logging data
    repack          repack a log archive using a predicate
    show            view/search system logs
    stream          watch live system logs
    stats           show system logging statistics

further help:
    log help <command>
    log help predicates
    log help shorthand
/Users/clawdia/.openclaw/workspace/scripts/consolidated-email-processor.sh: line 284: should_create_todo: command not found
log: Unknown subcommand 'SUCCESS'
usage:
    log <command>

global options:
    -?, --help
    -q, --quiet
    -v, --verbose

commands:
    collect         gather system logs into a log archive
    config          view/change logging system settings
    diagnose        diagnose an archive for a variety of issues
    erase           delete system logging data
    repack          repack a log archive using a predicate
    show            view/search system logs
    stream          watch live system logs
    stats           show system logging statistics

further help:
    log help <command>
    log help predicates
    log help shorthand
/Users/clawdia/.openclaw/workspace/scripts/consolidated-email-processor.sh: line 284: should_create_todo: command not found
log: Unknown subcommand 'SUCCESS'
usage:
    log <command>

global options:
    -?, --help
    -q, --quiet
    -v, --verbose

commands:
    collect         gather system logs into a log archive
    config          view/change logging system settings
    diagnose        diagnose an archive for a variety of issues
    erase           delete system logging data
    repack          repack a log archive using a predicate
    show            view/search system logs
    stream          watch live system logs
    stats           show system logging statistics

further help:
    log help <command>
    log help predicates
    log help shorthand
/Users/clawdia/.openclaw/workspace/scripts/consolidated-email-processor.sh: line 284: should_create_todo: command not found
log: Unknown subcommand 'SUCCESS'
usage:
    log <command>

global options:
    -?, --help
    -q, --quiet
    -v, --verbose

commands:
    collect         gather system logs into a log archive
    config          view/change logging system settings
    diagnose        diagnose an archive for a variety of issues
    erase           delete system logging data
    repack          repack a log archive using a predicate
    show            view/search system logs
    stream          watch live system logs
    stats           show system logging statistics

further help:
    log help <command>
    log help predicates
    log help shorthand
/Users/clawdia/.openclaw/workspace/scripts/consolidated-email-processor.sh: line 284: should_create_todo: command not found
log: Unknown subcommand 'SUCCESS'
usage:
    log <command>

global options:
    -?, --help
    -q, --quiet
    -v, --verbose

commands:
    collect         gather system logs into a log archive
    config          view/change logging system settings
    diagnose        diagnose an archive for a variety of issues
    erase           delete system logging data
    repack          repack a log archive using a predicate
    show            view/search system logs
    stream          watch live system logs
    stats           show system logging statistics

further help:
    log help <command>
    log help predicates
    log help shorthand
/Users/clawdia/.openclaw/workspace/scripts/consolidated-email-processor.sh: line 297: should_create_todo: command not found
log: Unknown subcommand 'ERROR'
usage:
    log <command>

global options:
    -?, --help
    -q, --quiet
    -v, --verbose

commands:
    collect         gather system logs into a log archive
    config          view/change logging system settings
    diagnose        diagnose an archive for a variety of issues
    erase           delete system logging data
    repack          repack a log archive using a predicate
    show            view/search system logs
    stream          watch live system logs
    stats           show system logging statistics

further help:
    log help <command>
    log help predicates
    log help shorthand
/Users/clawdia/.openclaw/workspace/scripts/consolidated-email-processor.sh: line 297: should_create_todo: command not found
log: Unknown subcommand 'ERROR'
usage:
    log <command>

global options:
    -?, --help
    -q, --quiet
    -v, --verbose

commands:
    collect         gather system logs into a log archive
    config          view/change logging system settings
    diagnose        diagnose an archive for a variety of issues
    erase           delete system logging data
    repack          repack a log archive using a predicate
    show            view/search system logs
    stream          watch live system logs
    stats           show system logging statistics

further help:
    log help <command>
    log help predicates
    log help shorthand
/Users/clawdia/.openclaw/workspace/scripts/consolidated-email-processor.sh: line 297: should_create_todo: command not found
log: Unknown subcommand 'ERROR'
usage:
    log <command>

global options:
    -?, --help
    -q, --quiet
    -v, --verbose

commands:
    collect         gather system logs into a log archive
    config          view/change logging system settings
    diagnose        diagnose an archive for a variety of issues
    erase           delete system logging data
    repack          repack a log archive using a predicate
    show            view/search system logs
    stream          watch live system logs
    stats           show system logging statistics

further help:
    log help <command>
    log help predicates
    log help shorthand
/Users/clawdia/.openclaw/workspace/scripts/consolidated-email-processor.sh: line 297: should_create_todo: command not found
log: Unknown subcommand 'ERROR'
usage:
    log <command>

global options:
    -?, --help
    -q, --quiet
    -v, --verbose

commands:
    collect         gather system logs into a log archive
    config          view/change logging system settings
    diagnose        diagnose an archive for a variety of issues
    erase           delete system logging data
    repack          repack a log archive using a predicate
    show            view/search system logs
    stream          watch live system logs
    stats           show system logging statistics

further help:
    log help <command>
    log help predicates
    log help shorthand
/Users/clawdia/.openclaw/workspace/scripts/consolidated-email-processor.sh: line 297: should_create_todo: command not found
log: Unknown subcommand 'ERROR'
usage:
    log <command>

global options:
    -?, --help
    -q, --quiet
    -v, --verbose

commands:
    collect         gather system logs into a log archive
    config          view/change logging system settings
    diagnose        diagnose an archive for a variety of issues
    erase           delete system logging data
    repack          repack a log archive using a predicate
    show            view/search system logs
    stream          watch live system logs
    stats           show system logging statistics

further help:
    log help <command>
    log help predicates
    log help shorthand
log: Unknown subcommand 'INFO'
usage:
    log <command>

global options:
    -?, --help
    -q, --quiet
    -v, --verbose

commands:
    collect         gather system logs into a log archive
    config          view/change logging system settings
    diagnose        diagnose an archive for a variety of issues
    erase           delete system logging data
    repack          repack a log archive using a predicate
    show            view/search system logs
    stream          watch live system logs
    stats           show system logging statistics

further help:
    log help <command>
    log help predicates
    log help shorthand
log: Unknown subcommand 'ERROR'
usage:
    log <command>

global options:
    -?, --help
    -q, --quiet
    -v, --verbose

commands:
    collect         gather system logs into a log archive
    config          view/change logging system settings
    diagnose        diagnose an archive for a variety of issues
    erase           delete system logging data
    repack          repack a log archive using a predicate
    show            view/search system logs
    stream          watch live system logs
    stats           show system logging statistics

further help:
    log help <command>
    log help predicates
    log help shorthand
log: Unknown subcommand 'ERROR'
usage:
    log <command>

global options:
    -?, --help
    -q, --quiet
    -v, --verbose

commands:
    collect         gather system logs into a log archive
    config          view/change logging system settings
    diagnose        diagnose an archive for a variety of issues
    erase           delete system logging data
    repack          repack a log archive using a predicate
    show            view/search system logs
    stream          watch live system logs
    stats           show system logging statistics

further help:
    log help <command>
    log help predicates
    log help shorthand
/Users/clawdia/.openclaw/workspace/scripts/consolidated-email-processor.sh: line 329: check_quiet_hours: command not found
log: Unknown subcommand 'INFO'
usage:
    log <command>

global options:
    -?, --help
    -q, --quiet
    -v, --verbose

commands:
    collect         gather system logs into a log archive
    config          view/change logging system settings
    diagnose        diagnose an archive for a variety of issues
    erase           delete system logging data
    repack          repack a log archive using a predicate
    show            view/search system logs
    stream          watch live system logs
    stats           show system logging statistics

further help:
    log help <command>
    log help predicates
    log help shorthand
log: Unknown subcommand 'SUCCESS'
usage:
    log <command>

global options:
    -?, --help
    -q, --quiet
    -v, --verbose

commands:
    collect         gather system logs into a log archive
    config          view/change logging system settings
    diagnose        diagnose an archive for a variety of issues
    erase           delete system logging data
    repack          repack a log archive using a predicate
    show            view/search system logs
    stream          watch live system logs
    stats           show system logging statistics

further help:
    log help <command>
    log help predicates
    log help shorthand
/Users/clawdia/.openclaw/workspace/scripts/consolidated-email-processor.sh: line 343: cleanup_thread_tracking: command not found
log: Unknown subcommand 'INFO'
usage:
    log <command>

global options:
    -?, --help
    -q, --quiet
    -v, --verbose

commands:
    collect         gather system logs into a log archive
    config          view/change logging system settings
    diagnose        diagnose an archive for a variety of issues
    erase           delete system logging data
    repack          repack a log archive using a predicate
    show            view/search system logs
    stream          watch live system logs
    stats           show system logging statistics

further help:
    log help <command>
    log help predicates
    log help shorthand
log: Unknown subcommand 'INFO'
usage:
    log <command>

global options:
    -?, --help
    -q, --quiet
    -v, --verbose

commands:
    collect         gather system logs into a log archive
    config          view/change logging system settings
    diagnose        diagnose an archive for a variety of issues
    erase           delete system logging data
    repack          repack a log archive using a predicate
    show            view/search system logs
    stream          watch live system logs
    stats           show system logging statistics

further help:
    log help <command>
    log help predicates
    log help shorthand
log: Unknown subcommand 'ERROR'
usage:
    log <command>

global options:
    -?, --help
    -q, --quiet
    -v, --verbose

commands:
    collect         gather system logs into a log archive
    config          view/change logging system settings
    diagnose        diagnose an archive for a variety of issues
    erase           delete system logging data
    repack          repack a log archive using a predicate
    show            view/search system logs
    stream          watch live system logs
    stats           show system logging statistics

further help:
    log help <command>
    log help predicates
    log help shorthand
log: Unknown subcommand 'INFO'
usage:
    log <command>

global options:
    -?, --help
    -q, --quiet
    -v, --verbose

commands:
    collect         gather system logs into a log archive
    config          view/change logging system settings
    diagnose        diagnose an archive for a variety of issues
    erase           delete system logging data
    repack          repack a log archive using a predicate
    show            view/search system logs
    stream          watch live system logs
    stats           show system logging statistics

further help:
    log help <command>
    log help predicates
    log help shorthand
log: Unknown subcommand 'INFO'
usage:
    log <command>

global options:
    -?, --help
    -q, --quiet
    -v, --verbose

commands:
    collect         gather system logs into a log archive
    config          view/change logging system settings
    diagnose        diagnose an archive for a variety of issues
    erase           delete system logging data
    repack          repack a log archive using a predicate
    show            view/search system logs
    stream          watch live system logs
    stats           show system logging statistics

further help:
    log help <command>
    log help predicates
    log help shorthand
/Users/clawdia/.openclaw/workspace/scripts/consolidated-email-processor.sh: line 229: : No such file or directory
/Users/clawdia/.openclaw/workspace/scripts/consolidated-email-processor.sh: line 230: : No such file or directory
/Users/clawdia/.openclaw/workspace/scripts/consolidated-email-processor.sh: line 232: /summary-20260315-0600.txt: Read-only file system
log: Unknown subcommand 'INFO'
usage:
    log <command>

global options:
    -?, --help
    -q, --quiet
    -v, --verbose

commands:
    collect         gather system logs into a log archive
    config          view/change logging system settings
    diagnose        diagnose an archive for a variety of issues
    erase           delete system logging data
    repack          repack a log archive using a predicate
    show            view/search system logs
    stream          watch live system logs
    stats           show system logging statistics

further help:
    log help <command>
    log help predicates
    log help shorthand
find: : No such file or directory
log: Unknown subcommand 'INFO'
usage:
    log <command>

global options:
    -?, --help
    -q, --quiet
    -v, --verbose

commands:
    collect         gather system logs into a log archive
    config          view/change logging system settings
    diagnose        diagnose an archive for a variety of issues
    erase           delete system logging data
    repack          repack a log archive using a predicate
    show            view/search system logs
    stream          watch live system logs
    stats           show system logging statistics

further help:
    log help <command>
    log help predicates
    log help shorthand
log: Unknown subcommand 'SUCCESS'
usage:
    log <command>

global options:
    -?, --help
    -q, --quiet
    -v, --verbose

commands:
    collect         gather system logs into a log archive
    config          view/change logging system settings
    diagnose        diagnose an archive for a variety of issues
    erase           delete system logging data
    repack          repack a log archive using a predicate
    show            view/search system logs
    stream          watch live system logs
    stats           show system logging statistics

further help:
    log help <command>
    log help predicates
    log help shorthand
log: Unknown subcommand 'INFO'
usage:
    log <command>

global options:
    -?, --help
    -q, --quiet
    -v, --verbose

commands:
    collect         gather system logs into a log archive
    config          view/change logging system settings
    diagnose        diagnose an archive for a variety of issues
    erase           delete system logging data
    repack          repack a log archive using a predicate
    show            view/search system logs
    stream          watch live system logs
    stats           show system logging statistics

further help:
    log help <command>
    log help predicates
    log help shorthand
/Users/clawdia/.openclaw/workspace/scripts/consolidated-email-processor.sh: line 319: policy_guard_check: command not found
log: Unknown subcommand 'INFO'
usage:
    log <command>

global options:
    -?, --help
    -q, --quiet
    -v, --verbose

commands:
    collect         gather system logs into a log archive
    config          view/change logging system settings
    diagnose        diagnose an archive for a variety of issues
    erase           delete system logging data
    repack          repack a log archive using a predicate
    show            view/search system logs
    stream          watch live system logs
    stats           show system logging statistics

further help:
    log help <command>
    log help predicates
    log help shorthand
log: Unknown subcommand 'INFO'
usage:
    log <command>

global options:
    -?, --help
    -q, --quiet
    -v, --verbose

commands:
    collect         gather system logs into a log archive
    config          view/change logging system settings
    diagnose        diagnose an archive for a variety of issues
    erase           delete system logging data
    repack          repack a log archive using a predicate
    show            view/search system logs
    stream          watch live system logs
    stats           show system logging statistics

further help:
    log help <command>
    log help predicates
    log help shorthand
log: Unknown subcommand 'INFO'
usage:
    log <command>

global options:
    -?, --help
    -q, --quiet
    -v, --verbose

commands:
    collect         gather system logs into a log archive
    config          view/change logging system settings
    diagnose        diagnose an archive for a variety of issues
    erase           delete system logging data
    repack          repack a log archive using a predicate
    show            view/search system logs
    stream          watch live system logs
    stats           show system logging statistics

further help:
    log help <command>
    log help predicates
    log help shorthand
/Users/clawdia/.openclaw/workspace/scripts/consolidated-email-processor.sh: line 284: should_create_todo: command not found
log: Unknown subcommand 'SUCCESS'
usage:
    log <command>

global options:
    -?, --help
    -q, --quiet
    -v, --verbose

commands:
    collect         gather system logs into a log archive
    config          view/change logging system settings
    diagnose        diagnose an archive for a variety of issues
    erase           delete system logging data
    repack          repack a log archive using a predicate
    show            view/search system logs
    stream          watch live system logs
    stats           show system logging statistics

further help:
    log help <command>
    log help predicates
    log help shorthand
/Users/clawdia/.openclaw/workspace/scripts/consolidated-email-processor.sh: line 284: should_create_todo: command not found
log: Unknown subcommand 'SUCCESS'
usage:
    log <command>

global options:
    -?, --help
    -q, --quiet
    -v, --verbose

commands:
    collect         gather system logs into a log archive
    config          view/change logging system settings
    diagnose        diagnose an archive for a variety of issues
    erase           delete system logging data
    repack          repack a log archive using a predicate
    show            view/search system logs
    stream          watch live system logs
    stats           show system logging statistics

further help:
    log help <command>
    log help predicates
    log help shorthand
/Users/clawdia/.openclaw/workspace/scripts/consolidated-email-processor.sh: line 284: should_create_todo: command not found
log: Unknown subcommand 'SUCCESS'
usage:
    log <command>

global options:
    -?, --help
    -q, --quiet
    -v, --verbose

commands:
    collect         gather system logs into a log archive
    config          view/change logging system settings
    diagnose        diagnose an archive for a variety of issues
    erase           delete system logging data
    repack          repack a log archive using a predicate
    show            view/search system logs
    stream          watch live system logs
    stats           show system logging statistics

further help:
    log help <command>
    log help predicates
    log help shorthand
/Users/clawdia/.openclaw/workspace/scripts/consolidated-email-processor.sh: line 284: should_create_todo: command not found
log: Unknown subcommand 'SUCCESS'
usage:
    log <command>

global options:
    -?, --help
    -q, --quiet
    -v, --verbose

commands:
    collect         gather system logs into a log archive
    config          view/change logging system settings
    diagnose        diagnose an archive for a variety of issues
    erase           delete system logging data
    repack          repack a log archive using a predicate
    show            view/search system logs
    stream          watch live system logs
    stats           show system logging statistics

further help:
    log help <command>
    log help predicates
    log help shorthand
/Users/clawdia/.openclaw/workspace/scripts/consolidated-email-processor.sh: line 284: should_create_todo: command not found
log: Unknown subcommand 'SUCCESS'
usage:
    log <command>

global options:
    -?, --help
    -q, --quiet
    -v, --verbose

commands:
    collect         gather system logs into a log archive
    config          view/change logging system settings
    diagnose        diagnose an archive for a variety of issues
    erase           delete system logging data
    repack          repack a log archive using a predicate
    show            view/search system logs
    stream          watch live system logs
    stats           show system logging statistics

further help:
    log help <command>
    log help predicates
    log help shorthand
/Users/clawdia/.openclaw/workspace/scripts/consolidated-email-processor.sh: line 284: should_create_todo: command not found
log: Unknown subcommand 'SUCCESS'
usage:
    log <command>

global options:
    -?, --help
    -q, --quiet
    -v, --verbose

commands:
    collect         gather system logs into a log archive
    config          view/change logging system settings
    diagnose        diagnose an archive for a variety of issues
    erase           delete system logging data
    repack          repack a log archive using a predicate
    show            view/search system logs
    stream          watch live system logs
    stats           show system logging statistics

further help:
    log help <command>
    log help predicates
    log help shorthand
/Users/clawdia/.openclaw/workspace/scripts/consolidated-email-processor.sh: line 297: should_create_todo: command not found
log: Unknown subcommand 'ERROR'
usage:
    log <command>

global options:
    -?, --help
    -q, --quiet
    -v, --verbose

commands:
    collect         gather system logs into a log archive
    config          view/change logging system settings
    diagnose        diagnose an archive for a variety of issues
    erase           delete system logging data
    repack          repack a log archive using a predicate
    show            view/search system logs
    stream          watch live system logs
    stats           show system logging statistics

further help:
    log help <command>
    log help predicates
    log help shorthand
/Users/clawdia/.openclaw/workspace/scripts/consolidated-email-processor.sh: line 297: should_create_todo: command not found
log: Unknown subcommand 'ERROR'
usage:
    log <command>

global options:
    -?, --help
    -q, --quiet
    -v, --verbose

commands:
    collect         gather system logs into a log archive
    config          view/change logging system settings
    diagnose        diagnose an archive for a variety of issues
    erase           delete system logging data
    repack          repack a log archive using a predicate
    show            view/search system logs
    stream          watch live system logs
    stats           show system logging statistics

further help:
    log help <command>
    log help predicates
    log help shorthand
/Users/clawdia/.openclaw/workspace/scripts/consolidated-email-processor.sh: line 297: should_create_todo: command not found
log: Unknown subcommand 'ERROR'
usage:
    log <command>

global options:
    -?, --help
    -q, --quiet
    -v, --verbose

commands:
    collect         gather system logs into a log archive
    config          view/change logging system settings
    diagnose        diagnose an archive for a variety of issues
    erase           delete system logging data
    repack          repack a log archive using a predicate
    show            view/search system logs
    stream          watch live system logs
    stats           show system logging statistics

further help:
    log help <command>
    log help predicates
    log help shorthand
/Users/clawdia/.openclaw/workspace/scripts/consolidated-email-processor.sh: line 297: should_create_todo: command not found
log: Unknown subcommand 'ERROR'
usage:
    log <command>

global options:
    -?, --help
    -q, --quiet
    -v, --verbose

commands:
    collect         gather system logs into a log archive
    config          view/change logging system settings
    diagnose        diagnose an archive for a variety of issues
    erase           delete system logging data
    repack          repack a log archive using a predicate
    show            view/search system logs
    stream          watch live system logs
    stats           show system logging statistics

further help:
    log help <command>
    log help predicates
    log help shorthand
/Users/clawdia/.openclaw/workspace/scripts/consolidated-email-processor.sh: line 297: should_create_todo: command not found
log: Unknown subcommand 'ERROR'
usage:
    log <command>

global options:
    -?, --help
    -q, --quiet
    -v, --verbose

commands:
    collect         gather system logs into a log archive
    config          view/change logging system settings
    diagnose        diagnose an archive for a variety of issues
    erase           delete system logging data
    repack          repack a log archive using a predicate
    show            view/search system logs
    stream          watch live system logs
    stats           show system logging statistics

further help:
    log help <command>
    log help predicates
    log help shorthand
log: Unknown subcommand 'INFO'
usage:
    log <command>

global options:
    -?, --help
    -q, --quiet
    -v, --verbose

commands:
    collect         gather system logs into a log archive
    config          view/change logging system settings
    diagnose        diagnose an archive for a variety of issues
    erase           delete system logging data
    repack          repack a log archive using a predicate
    show            view/search system logs
    stream          watch live system logs
    stats           show system logging statistics

further help:
    log help <command>
    log help predicates
    log help shorthand
log: Unknown subcommand 'ERROR'
usage:
    log <command>

global options:
    -?, --help
    -q, --quiet
    -v, --verbose

commands:
    collect         gather system logs into a log archive
    config          view/change logging system settings
    diagnose        diagnose an archive for a variety of issues
    erase           delete system logging data
    repack          repack a log archive using a predicate
    show            view/search system logs
    stream          watch live system logs
    stats           show system logging statistics

further help:
    log help <command>
    log help predicates
    log help shorthand
log: Unknown subcommand 'ERROR'
usage:
    log <command>

global options:
    -?, --help
    -q, --quiet
    -v, --verbose

commands:
    collect         gather system logs into a log archive
    config          view/change logging system settings
    diagnose        diagnose an archive for a variety of issues
    erase           delete system logging data
    repack          repack a log archive using a predicate
    show            view/search system logs
    stream          watch live system logs
    stats           show system logging statistics

further help:
    log help <command>
    log help predicates
    log help shorthand
/Users/clawdia/.openclaw/workspace/scripts/consolidated-email-processor.sh: line 329: check_quiet_hours: command not found
log: Unknown subcommand 'INFO'
usage:
    log <command>

global options:
    -?, --help
    -q, --quiet
    -v, --verbose

commands:
    collect         gather system logs into a log archive
    config          view/change logging system settings
    diagnose        diagnose an archive for a variety of issues
    erase           delete system logging data
    repack          repack a log archive using a predicate
    show            view/search system logs
    stream          watch live system logs
    stats           show system logging statistics

further help:
    log help <command>
    log help predicates
    log help shorthand
log: Unknown subcommand 'SUCCESS'
usage:
    log <command>

global options:
    -?, --help
    -q, --quiet
    -v, --verbose

commands:
    collect         gather system logs into a log archive
    config          view/change logging system settings
    diagnose        diagnose an archive for a variety of issues
    erase           delete system logging data
    repack          repack a log archive using a predicate
    show            view/search system logs
    stream          watch live system logs
    stats           show system logging statistics

further help:
    log help <command>
    log help predicates
    log help shorthand
/Users/clawdia/.openclaw/workspace/scripts/consolidated-email-processor.sh: line 343: cleanup_thread_tracking: command not found
log: Unknown subcommand 'INFO'
usage:
    log <command>

global options:
    -?, --help
    -q, --quiet
    -v, --verbose

commands:
    collect         gather system logs into a log archive
    config          view/change logging system settings
    diagnose        diagnose an archive for a variety of issues
    erase           delete system logging data
    repack          repack a log archive using a predicate
    show            view/search system logs
    stream          watch live system logs
    stats           show system logging statistics

further help:
    log help <command>
    log help predicates
    log help shorthand
log: Unknown subcommand 'INFO'
usage:
    log <command>

global options:
    -?, --help
    -q, --quiet
    -v, --verbose

commands:
    collect         gather system logs into a log archive
    config          view/change logging system settings
    diagnose        diagnose an archive for a variety of issues
    erase           delete system logging data
    repack          repack a log archive using a predicate
    show            view/search system logs
    stream          watch live system logs
    stats           show system logging statistics

further help:
    log help <command>
    log help predicates
    log help shorthand
log: Unknown subcommand 'ERROR'
usage:
    log <command>

global options:
    -?, --help
    -q, --quiet
    -v, --verbose

commands:
    collect         gather system logs into a log archive
    config          view/change logging system settings
    diagnose        diagnose an archive for a variety of issues
    erase           delete system logging data
    repack          repack a log archive using a predicate
    show            view/search system logs
    stream          watch live system logs
    stats           show system logging statistics

further help:
    log help <command>
    log help predicates
    log help shorthand
log: Unknown subcommand 'INFO'
usage:
    log <command>

global options:
    -?, --help
    -q, --quiet
    -v, --verbose

commands:
    collect         gather system logs into a log archive
    config          view/change logging system settings
    diagnose        diagnose an archive for a variety of issues
    erase           delete system logging data
    repack          repack a log archive using a predicate
    show            view/search system logs
    stream          watch live system logs
    stats           show system logging statistics

further help:
    log help <command>
    log help predicates
    log help shorthand
log: Unknown subcommand 'INFO'
usage:
    log <command>

global options:
    -?, --help
    -q, --quiet
    -v, --verbose

commands:
    collect         gather system logs into a log archive
    config          view/change logging system settings
    diagnose        diagnose an archive for a variety of issues
    erase           delete system logging data
    repack          repack a log archive using a predicate
    show            view/search system logs
    stream          watch live system logs
    stats           show system logging statistics

further help:
    log help <command>
    log help predicates
    log help shorthand
/Users/clawdia/.openclaw/workspace/scripts/consolidated-email-processor.sh: line 229: : No such file or directory
/Users/clawdia/.openclaw/workspace/scripts/consolidated-email-processor.sh: line 230: : No such file or directory
/Users/clawdia/.openclaw/workspace/scripts/consolidated-email-processor.sh: line 232: /summary-20260315-0700.txt: Read-only file system
log: Unknown subcommand 'INFO'
usage:
    log <command>

global options:
    -?, --help
    -q, --quiet
    -v, --verbose

commands:
    collect         gather system logs into a log archive
    config          view/change logging system settings
    diagnose        diagnose an archive for a variety of issues
    erase           delete system logging data
    repack          repack a log archive using a predicate
    show            view/search system logs
    stream          watch live system logs
    stats           show system logging statistics

further help:
    log help <command>
    log help predicates
    log help shorthand
find: : No such file or directory
log: Unknown subcommand 'INFO'
usage:
    log <command>

global options:
    -?, --help
    -q, --quiet
    -v, --verbose

commands:
    collect         gather system logs into a log archive
    config          view/change logging system settings
    diagnose        diagnose an archive for a variety of issues
    erase           delete system logging data
    repack          repack a log archive using a predicate
    show            view/search system logs
    stream          watch live system logs
    stats           show system logging statistics

further help:
    log help <command>
    log help predicates
    log help shorthand
log: Unknown subcommand 'SUCCESS'
usage:
    log <command>

global options:
    -?, --help
    -q, --quiet
    -v, --verbose

commands:
    collect         gather system logs into a log archive
    config          view/change logging system settings
    diagnose        diagnose an archive for a variety of issues
    erase           delete system logging data
    repack          repack a log archive using a predicate
    show            view/search system logs
    stream          watch live system logs
    stats           show system logging statistics

further help:
    log help <command>
    log help predicates
    log help shorthand
log: Unknown subcommand 'INFO'
usage:
    log <command>

global options:
    -?, --help
    -q, --quiet
    -v, --verbose

commands:
    collect         gather system logs into a log archive
    config          view/change logging system settings
    diagnose        diagnose an archive for a variety of issues
    erase           delete system logging data
    repack          repack a log archive using a predicate
    show            view/search system logs
    stream          watch live system logs
    stats           show system logging statistics

further help:
    log help <command>
    log help predicates
    log help shorthand
/Users/clawdia/.openclaw/workspace/scripts/consolidated-email-processor.sh: line 319: policy_guard_check: command not found
log: Unknown subcommand 'INFO'
usage:
    log <command>

global options:
    -?, --help
    -q, --quiet
    -v, --verbose

commands:
    collect         gather system logs into a log archive
    config          view/change logging system settings
    diagnose        diagnose an archive for a variety of issues
    erase           delete system logging data
    repack          repack a log archive using a predicate
    show            view/search system logs
    stream          watch live system logs
    stats           show system logging statistics

further help:
    log help <command>
    log help predicates
    log help shorthand
log: Unknown subcommand 'INFO'
usage:
    log <command>

global options:
    -?, --help
    -q, --quiet
    -v, --verbose

commands:
    collect         gather system logs into a log archive
    config          view/change logging system settings
    diagnose        diagnose an archive for a variety of issues
    erase           delete system logging data
    repack          repack a log archive using a predicate
    show            view/search system logs
    stream          watch live system logs
    stats           show system logging statistics

further help:
    log help <command>
    log help predicates
    log help shorthand
log: Unknown subcommand 'INFO'
usage:
    log <command>

global options:
    -?, --help
    -q, --quiet
    -v, --verbose

commands:
    collect         gather system logs into a log archive
    config          view/change logging system settings
    diagnose        diagnose an archive for a variety of issues
    erase           delete system logging data
    repack          repack a log archive using a predicate
    show            view/search system logs
    stream          watch live system logs
    stats           show system logging statistics

further help:
    log help <command>
    log help predicates
    log help shorthand
/Users/clawdia/.openclaw/workspace/scripts/consolidated-email-processor.sh: line 284: should_create_todo: command not found
log: Unknown subcommand 'SUCCESS'
usage:
    log <command>

global options:
    -?, --help
    -q, --quiet
    -v, --verbose

commands:
    collect         gather system logs into a log archive
    config          view/change logging system settings
    diagnose        diagnose an archive for a variety of issues
    erase           delete system logging data
    repack          repack a log archive using a predicate
    show            view/search system logs
    stream          watch live system logs
    stats           show system logging statistics

further help:
    log help <command>
    log help predicates
    log help shorthand
/Users/clawdia/.openclaw/workspace/scripts/consolidated-email-processor.sh: line 284: should_create_todo: command not found
log: Unknown subcommand 'SUCCESS'
usage:
    log <command>

global options:
    -?, --help
    -q, --quiet
    -v, --verbose

commands:
    collect         gather system logs into a log archive
    config          view/change logging system settings
    diagnose        diagnose an archive for a variety of issues
    erase           delete system logging data
    repack          repack a log archive using a predicate
    show            view/search system logs
    stream          watch live system logs
    stats           show system logging statistics

further help:
    log help <command>
    log help predicates
    log help shorthand
/Users/clawdia/.openclaw/workspace/scripts/consolidated-email-processor.sh: line 284: should_create_todo: command not found
log: Unknown subcommand 'SUCCESS'
usage:
    log <command>

global options:
    -?, --help
    -q, --quiet
    -v, --verbose

commands:
    collect         gather system logs into a log archive
    config          view/change logging system settings
    diagnose        diagnose an archive for a variety of issues
    erase           delete system logging data
    repack          repack a log archive using a predicate
    show            view/search system logs
    stream          watch live system logs
    stats           show system logging statistics

further help:
    log help <command>
    log help predicates
    log help shorthand
/Users/clawdia/.openclaw/workspace/scripts/consolidated-email-processor.sh: line 284: should_create_todo: command not found
log: Unknown subcommand 'SUCCESS'
usage:
    log <command>

global options:
    -?, --help
    -q, --quiet
    -v, --verbose

commands:
    collect         gather system logs into a log archive
    config          view/change logging system settings
    diagnose        diagnose an archive for a variety of issues
    erase           delete system logging data
    repack          repack a log archive using a predicate
    show            view/search system logs
    stream          watch live system logs
    stats           show system logging statistics

further help:
    log help <command>
    log help predicates
    log help shorthand
/Users/clawdia/.openclaw/workspace/scripts/consolidated-email-processor.sh: line 284: should_create_todo: command not found
log: Unknown subcommand 'SUCCESS'
usage:
    log <command>

global options:
    -?, --help
    -q, --quiet
    -v, --verbose

commands:
    collect         gather system logs into a log archive
    config          view/change logging system settings
    diagnose        diagnose an archive for a variety of issues
    erase           delete system logging data
    repack          repack a log archive using a predicate
    show            view/search system logs
    stream          watch live system logs
    stats           show system logging statistics

further help:
    log help <command>
    log help predicates
    log help shorthand
/Users/clawdia/.openclaw/workspace/scripts/consolidated-email-processor.sh: line 284: should_create_todo: command not found
log: Unknown subcommand 'SUCCESS'
usage:
    log <command>

global options:
    -?, --help
    -q, --quiet
    -v, --verbose

commands:
    collect         gather system logs into a log archive
    config          view/change logging system settings
    diagnose        diagnose an archive for a variety of issues
    erase           delete system logging data
    repack          repack a log archive using a predicate
    show            view/search system logs
    stream          watch live system logs
    stats           show system logging statistics

further help:
    log help <command>
    log help predicates
    log help shorthand
/Users/clawdia/.openclaw/workspace/scripts/consolidated-email-processor.sh: line 297: should_create_todo: command not found
log: Unknown subcommand 'ERROR'
usage:
    log <command>

global options:
    -?, --help
    -q, --quiet
    -v, --verbose

commands:
    collect         gather system logs into a log archive
    config          view/change logging system settings
    diagnose        diagnose an archive for a variety of issues
    erase           delete system logging data
    repack          repack a log archive using a predicate
    show            view/search system logs
    stream          watch live system logs
    stats           show system logging statistics

further help:
    log help <command>
    log help predicates
    log help shorthand
/Users/clawdia/.openclaw/workspace/scripts/consolidated-email-processor.sh: line 297: should_create_todo: command not found
log: Unknown subcommand 'ERROR'
usage:
    log <command>

global options:
    -?, --help
    -q, --quiet
    -v, --verbose

commands:
    collect         gather system logs into a log archive
    config          view/change logging system settings
    diagnose        diagnose an archive for a variety of issues
    erase           delete system logging data
    repack          repack a log archive using a predicate
    show            view/search system logs
    stream          watch live system logs
    stats           show system logging statistics

further help:
    log help <command>
    log help predicates
    log help shorthand
/Users/clawdia/.openclaw/workspace/scripts/consolidated-email-processor.sh: line 297: should_create_todo: command not found
log: Unknown subcommand 'ERROR'
usage:
    log <command>

global options:
    -?, --help
    -q, --quiet
    -v, --verbose

commands:
    collect         gather system logs into a log archive
    config          view/change logging system settings
    diagnose        diagnose an archive for a variety of issues
    erase           delete system logging data
    repack          repack a log archive using a predicate
    show            view/search system logs
    stream          watch live system logs
    stats           show system logging statistics

further help:
    log help <command>
    log help predicates
    log help shorthand
/Users/clawdia/.openclaw/workspace/scripts/consolidated-email-processor.sh: line 297: should_create_todo: command not found
log: Unknown subcommand 'ERROR'
usage:
    log <command>

global options:
    -?, --help
    -q, --quiet
    -v, --verbose

commands:
    collect         gather system logs into a log archive
    config          view/change logging system settings
    diagnose        diagnose an archive for a variety of issues
    erase           delete system logging data
    repack          repack a log archive using a predicate
    show            view/search system logs
    stream          watch live system logs
    stats           show system logging statistics

further help:
    log help <command>
    log help predicates
    log help shorthand
/Users/clawdia/.openclaw/workspace/scripts/consolidated-email-processor.sh: line 297: should_create_todo: command not found
log: Unknown subcommand 'ERROR'
usage:
    log <command>

global options:
    -?, --help
    -q, --quiet
    -v, --verbose

commands:
    collect         gather system logs into a log archive
    config          view/change logging system settings
    diagnose        diagnose an archive for a variety of issues
    erase           delete system logging data
    repack          repack a log archive using a predicate
    show            view/search system logs
    stream          watch live system logs
    stats           show system logging statistics

further help:
    log help <command>
    log help predicates
    log help shorthand
log: Unknown subcommand 'INFO'
usage:
    log <command>

global options:
    -?, --help
    -q, --quiet
    -v, --verbose

commands:
    collect         gather system logs into a log archive
    config          view/change logging system settings
    diagnose        diagnose an archive for a variety of issues
    erase           delete system logging data
    repack          repack a log archive using a predicate
    show            view/search system logs
    stream          watch live system logs
    stats           show system logging statistics

further help:
    log help <command>
    log help predicates
    log help shorthand
log: Unknown subcommand 'ERROR'
usage:
    log <command>

global options:
    -?, --help
    -q, --quiet
    -v, --verbose

commands:
    collect         gather system logs into a log archive
    config          view/change logging system settings
    diagnose        diagnose an archive for a variety of issues
    erase           delete system logging data
    repack          repack a log archive using a predicate
    show            view/search system logs
    stream          watch live system logs
    stats           show system logging statistics

further help:
    log help <command>
    log help predicates
    log help shorthand
log: Unknown subcommand 'ERROR'
usage:
    log <command>

global options:
    -?, --help
    -q, --quiet
    -v, --verbose

commands:
    collect         gather system logs into a log archive
    config          view/change logging system settings
    diagnose        diagnose an archive for a variety of issues
    erase           delete system logging data
    repack          repack a log archive using a predicate
    show            view/search system logs
    stream          watch live system logs
    stats           show system logging statistics

further help:
    log help <command>
    log help predicates
    log help shorthand
/Users/clawdia/.openclaw/workspace/scripts/consolidated-email-processor.sh: line 329: check_quiet_hours: command not found
log: Unknown subcommand 'INFO'
usage:
    log <command>

global options:
    -?, --help
    -q, --quiet
    -v, --verbose

commands:
    collect         gather system logs into a log archive
    config          view/change logging system settings
    diagnose        diagnose an archive for a variety of issues
    erase           delete system logging data
    repack          repack a log archive using a predicate
    show            view/search system logs
    stream          watch live system logs
    stats           show system logging statistics

further help:
    log help <command>
    log help predicates
    log help shorthand
log: Unknown subcommand 'SUCCESS'
usage:
    log <command>

global options:
    -?, --help
    -q, --quiet
    -v, --verbose

commands:
    collect         gather system logs into a log archive
    config          view/change logging system settings
    diagnose        diagnose an archive for a variety of issues
    erase           delete system logging data
    repack          repack a log archive using a predicate
    show            view/search system logs
    stream          watch live system logs
    stats           show system logging statistics

further help:
    log help <command>
    log help predicates
    log help shorthand
/Users/clawdia/.openclaw/workspace/scripts/consolidated-email-processor.sh: line 343: cleanup_thread_tracking: command not found
log: Unknown subcommand 'INFO'
usage:
    log <command>

global options:
    -?, --help
    -q, --quiet
    -v, --verbose

commands:
    collect         gather system logs into a log archive
    config          view/change logging system settings
    diagnose        diagnose an archive for a variety of issues
    erase           delete system logging data
    repack          repack a log archive using a predicate
    show            view/search system logs
    stream          watch live system logs
    stats           show system logging statistics

further help:
    log help <command>
    log help predicates
    log help shorthand
log: Unknown subcommand 'INFO'
usage:
    log <command>

global options:
    -?, --help
    -q, --quiet
    -v, --verbose

commands:
    collect         gather system logs into a log archive
    config          view/change logging system settings
    diagnose        diagnose an archive for a variety of issues
    erase           delete system logging data
    repack          repack a log archive using a predicate
    show            view/search system logs
    stream          watch live system logs
    stats           show system logging statistics

further help:
    log help <command>
    log help predicates
    log help shorthand
log: Unknown subcommand 'ERROR'
usage:
    log <command>

global options:
    -?, --help
    -q, --quiet
    -v, --verbose

commands:
    collect         gather system logs into a log archive
    config          view/change logging system settings
    diagnose        diagnose an archive for a variety of issues
    erase           delete system logging data
    repack          repack a log archive using a predicate
    show            view/search system logs
    stream          watch live system logs
    stats           show system logging statistics

further help:
    log help <command>
    log help predicates
    log help shorthand
log: Unknown subcommand 'INFO'
usage:
    log <command>

global options:
    -?, --help
    -q, --quiet
    -v, --verbose

commands:
    collect         gather system logs into a log archive
    config          view/change logging system settings
    diagnose        diagnose an archive for a variety of issues
    erase           delete system logging data
    repack          repack a log archive using a predicate
    show            view/search system logs
    stream          watch live system logs
    stats           show system logging statistics

further help:
    log help <command>
    log help predicates
    log help shorthand
log: Unknown subcommand 'INFO'
usage:
    log <command>

global options:
    -?, --help
    -q, --quiet
    -v, --verbose

commands:
    collect         gather system logs into a log archive
    config          view/change logging system settings
    diagnose        diagnose an archive for a variety of issues
    erase           delete system logging data
    repack          repack a log archive using a predicate
    show            view/search system logs
    stream          watch live system logs
    stats           show system logging statistics

further help:
    log help <command>
    log help predicates
    log help shorthand
/Users/clawdia/.openclaw/workspace/scripts/consolidated-email-processor.sh: line 229: : No such file or directory
/Users/clawdia/.openclaw/workspace/scripts/consolidated-email-processor.sh: line 230: : No such file or directory
/Users/clawdia/.openclaw/workspace/scripts/consolidated-email-processor.sh: line 232: /summary-20260315-0800.txt: Read-only file system
log: Unknown subcommand 'INFO'
usage:
    log <command>

global options:
    -?, --help
    -q, --quiet
    -v, --verbose

commands:
    collect         gather system logs into a log archive
    config          view/change logging system settings
    diagnose        diagnose an archive for a variety of issues
    erase           delete system logging data
    repack          repack a log archive using a predicate
    show            view/search system logs
    stream          watch live system logs
    stats           show system logging statistics

further help:
    log help <command>
    log help predicates
    log help shorthand
find: : No such file or directory
log: Unknown subcommand 'INFO'
usage:
    log <command>

global options:
    -?, --help
    -q, --quiet
    -v, --verbose

commands:
    collect         gather system logs into a log archive
    config          view/change logging system settings
    diagnose        diagnose an archive for a variety of issues
    erase           delete system logging data
    repack          repack a log archive using a predicate
    show            view/search system logs
    stream          watch live system logs
    stats           show system logging statistics

further help:
    log help <command>
    log help predicates
    log help shorthand
log: Unknown subcommand 'SUCCESS'
usage:
    log <command>

global options:
    -?, --help
    -q, --quiet
    -v, --verbose

commands:
    collect         gather system logs into a log archive
    config          view/change logging system settings
    diagnose        diagnose an archive for a variety of issues
    erase           delete system logging data
    repack          repack a log archive using a predicate
    show            view/search system logs
    stream          watch live system logs
    stats           show system logging statistics

further help:
    log help <command>
    log help predicates
    log help shorthand
log: Unknown subcommand 'INFO'
usage:
    log <command>

global options:
    -?, --help
    -q, --quiet
    -v, --verbose

commands:
    collect         gather system logs into a log archive
    config          view/change logging system settings
    diagnose        diagnose an archive for a variety of issues
    erase           delete system logging data
    repack          repack a log archive using a predicate
    show            view/search system logs
    stream          watch live system logs
    stats           show system logging statistics

further help:
    log help <command>
    log help predicates
    log help shorthand
/Users/clawdia/.openclaw/workspace/scripts/consolidated-email-processor.sh: line 319: policy_guard_check: command not found
log: Unknown subcommand 'INFO'
usage:
    log <command>

global options:
    -?, --help
    -q, --quiet
    -v, --verbose

commands:
    collect         gather system logs into a log archive
    config          view/change logging system settings
    diagnose        diagnose an archive for a variety of issues
    erase           delete system logging data
    repack          repack a log archive using a predicate
    show            view/search system logs
    stream          watch live system logs
    stats           show system logging statistics

further help:
    log help <command>
    log help predicates
    log help shorthand
log: Unknown subcommand 'INFO'
usage:
    log <command>

global options:
    -?, --help
    -q, --quiet
    -v, --verbose

commands:
    collect         gather system logs into a log archive
    config          view/change logging system settings
    diagnose        diagnose an archive for a variety of issues
    erase           delete system logging data
    repack          repack a log archive using a predicate
    show            view/search system logs
    stream          watch live system logs
    stats           show system logging statistics

further help:
    log help <command>
    log help predicates
    log help shorthand
log: Unknown subcommand 'INFO'
usage:
    log <command>

global options:
    -?, --help
    -q, --quiet
    -v, --verbose

commands:
    collect         gather system logs into a log archive
    config          view/change logging system settings
    diagnose        diagnose an archive for a variety of issues
    erase           delete system logging data
    repack          repack a log archive using a predicate
    show            view/search system logs
    stream          watch live system logs
    stats           show system logging statistics

further help:
    log help <command>
    log help predicates
    log help shorthand
/Users/clawdia/.openclaw/workspace/scripts/consolidated-email-processor.sh: line 284: should_create_todo: command not found
log: Unknown subcommand 'SUCCESS'
usage:
    log <command>

global options:
    -?, --help
    -q, --quiet
    -v, --verbose

commands:
    collect         gather system logs into a log archive
    config          view/change logging system settings
    diagnose        diagnose an archive for a variety of issues
    erase           delete system logging data
    repack          repack a log archive using a predicate
    show            view/search system logs
    stream          watch live system logs
    stats           show system logging statistics

further help:
    log help <command>
    log help predicates
    log help shorthand
/Users/clawdia/.openclaw/workspace/scripts/consolidated-email-processor.sh: line 284: should_create_todo: command not found
log: Unknown subcommand 'SUCCESS'
usage:
    log <command>

global options:
    -?, --help
    -q, --quiet
    -v, --verbose

commands:
    collect         gather system logs into a log archive
    config          view/change logging system settings
    diagnose        diagnose an archive for a variety of issues
    erase           delete system logging data
    repack          repack a log archive using a predicate
    show            view/search system logs
    stream          watch live system logs
    stats           show system logging statistics

further help:
    log help <command>
    log help predicates
    log help shorthand
/Users/clawdia/.openclaw/workspace/scripts/consolidated-email-processor.sh: line 284: should_create_todo: command not found
log: Unknown subcommand 'SUCCESS'
usage:
    log <command>

global options:
    -?, --help
    -q, --quiet
    -v, --verbose

commands:
    collect         gather system logs into a log archive
    config          view/change logging system settings
    diagnose        diagnose an archive for a variety of issues
    erase           delete system logging data
    repack          repack a log archive using a predicate
    show            view/search system logs
    stream          watch live system logs
    stats           show system logging statistics

further help:
    log help <command>
    log help predicates
    log help shorthand
/Users/clawdia/.openclaw/workspace/scripts/consolidated-email-processor.sh: line 284: should_create_todo: command not found
log: Unknown subcommand 'SUCCESS'
usage:
    log <command>

global options:
    -?, --help
    -q, --quiet
    -v, --verbose

commands:
    collect         gather system logs into a log archive
    config          view/change logging system settings
    diagnose        diagnose an archive for a variety of issues
    erase           delete system logging data
    repack          repack a log archive using a predicate
    show            view/search system logs
    stream          watch live system logs
    stats           show system logging statistics

further help:
    log help <command>
    log help predicates
    log help shorthand
/Users/clawdia/.openclaw/workspace/scripts/consolidated-email-processor.sh: line 284: should_create_todo: command not found
log: Unknown subcommand 'SUCCESS'
usage:
    log <command>

global options:
    -?, --help
    -q, --quiet
    -v, --verbose

commands:
    collect         gather system logs into a log archive
    config          view/change logging system settings
    diagnose        diagnose an archive for a variety of issues
    erase           delete system logging data
    repack          repack a log archive using a predicate
    show            view/search system logs
    stream          watch live system logs
    stats           show system logging statistics

further help:
    log help <command>
    log help predicates
    log help shorthand
/Users/clawdia/.openclaw/workspace/scripts/consolidated-email-processor.sh: line 284: should_create_todo: command not found
log: Unknown subcommand 'SUCCESS'
usage:
    log <command>

global options:
    -?, --help
    -q, --quiet
    -v, --verbose

commands:
    collect         gather system logs into a log archive
    config          view/change logging system settings
    diagnose        diagnose an archive for a variety of issues
    erase           delete system logging data
    repack          repack a log archive using a predicate
    show            view/search system logs
    stream          watch live system logs
    stats           show system logging statistics

further help:
    log help <command>
    log help predicates
    log help shorthand
/Users/clawdia/.openclaw/workspace/scripts/consolidated-email-processor.sh: line 297: should_create_todo: command not found
log: Unknown subcommand 'ERROR'
usage:
    log <command>

global options:
    -?, --help
    -q, --quiet
    -v, --verbose

commands:
    collect         gather system logs into a log archive
    config          view/change logging system settings
    diagnose        diagnose an archive for a variety of issues
    erase           delete system logging data
    repack          repack a log archive using a predicate
    show            view/search system logs
    stream          watch live system logs
    stats           show system logging statistics

further help:
    log help <command>
    log help predicates
    log help shorthand
/Users/clawdia/.openclaw/workspace/scripts/consolidated-email-processor.sh: line 297: should_create_todo: command not found
log: Unknown subcommand 'ERROR'
usage:
    log <command>

global options:
    -?, --help
    -q, --quiet
    -v, --verbose

commands:
    collect         gather system logs into a log archive
    config          view/change logging system settings
    diagnose        diagnose an archive for a variety of issues
    erase           delete system logging data
    repack          repack a log archive using a predicate
    show            view/search system logs
    stream          watch live system logs
    stats           show system logging statistics

further help:
    log help <command>
    log help predicates
    log help shorthand
/Users/clawdia/.openclaw/workspace/scripts/consolidated-email-processor.sh: line 297: should_create_todo: command not found
log: Unknown subcommand 'ERROR'
usage:
    log <command>

global options:
    -?, --help
    -q, --quiet
    -v, --verbose

commands:
    collect         gather system logs into a log archive
    config          view/change logging system settings
    diagnose        diagnose an archive for a variety of issues
    erase           delete system logging data
    repack          repack a log archive using a predicate
    show            view/search system logs
    stream          watch live system logs
    stats           show system logging statistics

further help:
    log help <command>
    log help predicates
    log help shorthand
/Users/clawdia/.openclaw/workspace/scripts/consolidated-email-processor.sh: line 297: should_create_todo: command not found
log: Unknown subcommand 'ERROR'
usage:
    log <command>

global options:
    -?, --help
    -q, --quiet
    -v, --verbose

commands:
    collect         gather system logs into a log archive
    config          view/change logging system settings
    diagnose        diagnose an archive for a variety of issues
    erase           delete system logging data
    repack          repack a log archive using a predicate
    show            view/search system logs
    stream          watch live system logs
    stats           show system logging statistics

further help:
    log help <command>
    log help predicates
    log help shorthand
/Users/clawdia/.openclaw/workspace/scripts/consolidated-email-processor.sh: line 297: should_create_todo: command not found
log: Unknown subcommand 'ERROR'
usage:
    log <command>

global options:
    -?, --help
    -q, --quiet
    -v, --verbose

commands:
    collect         gather system logs into a log archive
    config          view/change logging system settings
    diagnose        diagnose an archive for a variety of issues
    erase           delete system logging data
    repack          repack a log archive using a predicate
    show            view/search system logs
    stream          watch live system logs
    stats           show system logging statistics

further help:
    log help <command>
    log help predicates
    log help shorthand
log: Unknown subcommand 'INFO'
usage:
    log <command>

global options:
    -?, --help
    -q, --quiet
    -v, --verbose

commands:
    collect         gather system logs into a log archive
    config          view/change logging system settings
    diagnose        diagnose an archive for a variety of issues
    erase           delete system logging data
    repack          repack a log archive using a predicate
    show            view/search system logs
    stream          watch live system logs
    stats           show system logging statistics

further help:
    log help <command>
    log help predicates
    log help shorthand
log: Unknown subcommand 'ERROR'
usage:
    log <command>

global options:
    -?, --help
    -q, --quiet
    -v, --verbose

commands:
    collect         gather system logs into a log archive
    config          view/change logging system settings
    diagnose        diagnose an archive for a variety of issues
    erase           delete system logging data
    repack          repack a log archive using a predicate
    show            view/search system logs
    stream          watch live system logs
    stats           show system logging statistics

further help:
    log help <command>
    log help predicates
    log help shorthand
log: Unknown subcommand 'ERROR'
usage:
    log <command>

global options:
    -?, --help
    -q, --quiet
    -v, --verbose

commands:
    collect         gather system logs into a log archive
    config          view/change logging system settings
    diagnose        diagnose an archive for a variety of issues
    erase           delete system logging data
    repack          repack a log archive using a predicate
    show            view/search system logs
    stream          watch live system logs
    stats           show system logging statistics

further help:
    log help <command>
    log help predicates
    log help shorthand
/Users/clawdia/.openclaw/workspace/scripts/consolidated-email-processor.sh: line 329: check_quiet_hours: command not found
log: Unknown subcommand 'INFO'
usage:
    log <command>

global options:
    -?, --help
    -q, --quiet
    -v, --verbose

commands:
    collect         gather system logs into a log archive
    config          view/change logging system settings
    diagnose        diagnose an archive for a variety of issues
    erase           delete system logging data
    repack          repack a log archive using a predicate
    show            view/search system logs
    stream          watch live system logs
    stats           show system logging statistics

further help:
    log help <command>
    log help predicates
    log help shorthand
log: Unknown subcommand 'SUCCESS'
usage:
    log <command>

global options:
    -?, --help
    -q, --quiet
    -v, --verbose

commands:
    collect         gather system logs into a log archive
    config          view/change logging system settings
    diagnose        diagnose an archive for a variety of issues
    erase           delete system logging data
    repack          repack a log archive using a predicate
    show            view/search system logs
    stream          watch live system logs
    stats           show system logging statistics

further help:
    log help <command>
    log help predicates
    log help shorthand
/Users/clawdia/.openclaw/workspace/scripts/consolidated-email-processor.sh: line 343: cleanup_thread_tracking: command not found
log: Unknown subcommand 'INFO'
usage:
    log <command>

global options:
    -?, --help
    -q, --quiet
    -v, --verbose

commands:
    collect         gather system logs into a log archive
    config          view/change logging system settings
    diagnose        diagnose an archive for a variety of issues
    erase           delete system logging data
    repack          repack a log archive using a predicate
    show            view/search system logs
    stream          watch live system logs
    stats           show system logging statistics

further help:
    log help <command>
    log help predicates
    log help shorthand
log: Unknown subcommand 'INFO'
usage:
    log <command>

global options:
    -?, --help
    -q, --quiet
    -v, --verbose

commands:
    collect         gather system logs into a log archive
    config          view/change logging system settings
    diagnose        diagnose an archive for a variety of issues
    erase           delete system logging data
    repack          repack a log archive using a predicate
    show            view/search system logs
    stream          watch live system logs
    stats           show system logging statistics

further help:
    log help <command>
    log help predicates
    log help shorthand
log: Unknown subcommand 'ERROR'
usage:
    log <command>

global options:
    -?, --help
    -q, --quiet
    -v, --verbose

commands:
    collect         gather system logs into a log archive
    config          view/change logging system settings
    diagnose        diagnose an archive for a variety of issues
    erase           delete system logging data
    repack          repack a log archive using a predicate
    show            view/search system logs
    stream          watch live system logs
    stats           show system logging statistics

further help:
    log help <command>
    log help predicates
    log help shorthand
log: Unknown subcommand 'INFO'
usage:
    log <command>

global options:
    -?, --help
    -q, --quiet
    -v, --verbose

commands:
    collect         gather system logs into a log archive
    config          view/change logging system settings
    diagnose        diagnose an archive for a variety of issues
    erase           delete system logging data
    repack          repack a log archive using a predicate
    show            view/search system logs
    stream          watch live system logs
    stats           show system logging statistics

further help:
    log help <command>
    log help predicates
    log help shorthand
log: Unknown subcommand 'INFO'
usage:
    log <command>

global options:
    -?, --help
    -q, --quiet
    -v, --verbose

commands:
    collect         gather system logs into a log archive
    config          view/change logging system settings
    diagnose        diagnose an archive for a variety of issues
    erase           delete system logging data
    repack          repack a log archive using a predicate
    show            view/search system logs
    stream          watch live system logs
    stats           show system logging statistics

further help:
    log help <command>
    log help predicates
    log help shorthand
/Users/clawdia/.openclaw/workspace/scripts/consolidated-email-processor.sh: line 229: : No such file or directory
/Users/clawdia/.openclaw/workspace/scripts/consolidated-email-processor.sh: line 230: : No such file or directory
/Users/clawdia/.openclaw/workspace/scripts/consolidated-email-processor.sh: line 232: /summary-20260315-0900.txt: Read-only file system
log: Unknown subcommand 'INFO'
usage:
    log <command>

global options:
    -?, --help
    -q, --quiet
    -v, --verbose

commands:
    collect         gather system logs into a log archive
    config          view/change logging system settings
    diagnose        diagnose an archive for a variety of issues
    erase           delete system logging data
    repack          repack a log archive using a predicate
    show            view/search system logs
    stream          watch live system logs
    stats           show system logging statistics

further help:
    log help <command>
    log help predicates
    log help shorthand
find: : No such file or directory
log: Unknown subcommand 'INFO'
usage:
    log <command>

global options:
    -?, --help
    -q, --quiet
    -v, --verbose

commands:
    collect         gather system logs into a log archive
    config          view/change logging system settings
    diagnose        diagnose an archive for a variety of issues
    erase           delete system logging data
    repack          repack a log archive using a predicate
    show            view/search system logs
    stream          watch live system logs
    stats           show system logging statistics

further help:
    log help <command>
    log help predicates
    log help shorthand
log: Unknown subcommand 'SUCCESS'
usage:
    log <command>

global options:
    -?, --help
    -q, --quiet
    -v, --verbose

commands:
    collect         gather system logs into a log archive
    config          view/change logging system settings
    diagnose        diagnose an archive for a variety of issues
    erase           delete system logging data
    repack          repack a log archive using a predicate
    show            view/search system logs
    stream          watch live system logs
    stats           show system logging statistics

further help:
    log help <command>
    log help predicates
    log help shorthand
log: Unknown subcommand 'INFO'
usage:
    log <command>

global options:
    -?, --help
    -q, --quiet
    -v, --verbose

commands:
    collect         gather system logs into a log archive
    config          view/change logging system settings
    diagnose        diagnose an archive for a variety of issues
    erase           delete system logging data
    repack          repack a log archive using a predicate
    show            view/search system logs
    stream          watch live system logs
    stats           show system logging statistics

further help:
    log help <command>
    log help predicates
    log help shorthand
/Users/clawdia/.openclaw/workspace/scripts/consolidated-email-processor.sh: line 319: policy_guard_check: command not found
log: Unknown subcommand 'INFO'
usage:
    log <command>

global options:
    -?, --help
    -q, --quiet
    -v, --verbose

commands:
    collect         gather system logs into a log archive
    config          view/change logging system settings
    diagnose        diagnose an archive for a variety of issues
    erase           delete system logging data
    repack          repack a log archive using a predicate
    show            view/search system logs
    stream          watch live system logs
    stats           show system logging statistics

further help:
    log help <command>
    log help predicates
    log help shorthand
log: Unknown subcommand 'INFO'
usage:
    log <command>

global options:
    -?, --help
    -q, --quiet
    -v, --verbose

commands:
    collect         gather system logs into a log archive
    config          view/change logging system settings
    diagnose        diagnose an archive for a variety of issues
    erase           delete system logging data
    repack          repack a log archive using a predicate
    show            view/search system logs
    stream          watch live system logs
    stats           show system logging statistics

further help:
    log help <command>
    log help predicates
    log help shorthand
log: Unknown subcommand 'INFO'
usage:
    log <command>

global options:
    -?, --help
    -q, --quiet
    -v, --verbose

commands:
    collect         gather system logs into a log archive
    config          view/change logging system settings
    diagnose        diagnose an archive for a variety of issues
    erase           delete system logging data
    repack          repack a log archive using a predicate
    show            view/search system logs
    stream          watch live system logs
    stats           show system logging statistics

further help:
    log help <command>
    log help predicates
    log help shorthand
/Users/clawdia/.openclaw/workspace/scripts/consolidated-email-processor.sh: line 284: should_create_todo: command not found
log: Unknown subcommand 'SUCCESS'
usage:
    log <command>

global options:
    -?, --help
    -q, --quiet
    -v, --verbose

commands:
    collect         gather system logs into a log archive
    config          view/change logging system settings
    diagnose        diagnose an archive for a variety of issues
    erase           delete system logging data
    repack          repack a log archive using a predicate
    show            view/search system logs
    stream          watch live system logs
    stats           show system logging statistics

further help:
    log help <command>
    log help predicates
    log help shorthand
/Users/clawdia/.openclaw/workspace/scripts/consolidated-email-processor.sh: line 284: should_create_todo: command not found
log: Unknown subcommand 'SUCCESS'
usage:
    log <command>

global options:
    -?, --help
    -q, --quiet
    -v, --verbose

commands:
    collect         gather system logs into a log archive
    config          view/change logging system settings
    diagnose        diagnose an archive for a variety of issues
    erase           delete system logging data
    repack          repack a log archive using a predicate
    show            view/search system logs
    stream          watch live system logs
    stats           show system logging statistics

further help:
    log help <command>
    log help predicates
    log help shorthand
/Users/clawdia/.openclaw/workspace/scripts/consolidated-email-processor.sh: line 284: should_create_todo: command not found
log: Unknown subcommand 'SUCCESS'
usage:
    log <command>

global options:
    -?, --help
    -q, --quiet
    -v, --verbose

commands:
    collect         gather system logs into a log archive
    config          view/change logging system settings
    diagnose        diagnose an archive for a variety of issues
    erase           delete system logging data
    repack          repack a log archive using a predicate
    show            view/search system logs
    stream          watch live system logs
    stats           show system logging statistics

further help:
    log help <command>
    log help predicates
    log help shorthand
/Users/clawdia/.openclaw/workspace/scripts/consolidated-email-processor.sh: line 284: should_create_todo: command not found
log: Unknown subcommand 'SUCCESS'
usage:
    log <command>

global options:
    -?, --help
    -q, --quiet
    -v, --verbose

commands:
    collect         gather system logs into a log archive
    config          view/change logging system settings
    diagnose        diagnose an archive for a variety of issues
    erase           delete system logging data
    repack          repack a log archive using a predicate
    show            view/search system logs
    stream          watch live system logs
    stats           show system logging statistics

further help:
    log help <command>
    log help predicates
    log help shorthand
/Users/clawdia/.openclaw/workspace/scripts/consolidated-email-processor.sh: line 284: should_create_todo: command not found
log: Unknown subcommand 'SUCCESS'
usage:
    log <command>

global options:
    -?, --help
    -q, --quiet
    -v, --verbose

commands:
    collect         gather system logs into a log archive
    config          view/change logging system settings
    diagnose        diagnose an archive for a variety of issues
    erase           delete system logging data
    repack          repack a log archive using a predicate
    show            view/search system logs
    stream          watch live system logs
    stats           show system logging statistics

further help:
    log help <command>
    log help predicates
    log help shorthand
/Users/clawdia/.openclaw/workspace/scripts/consolidated-email-processor.sh: line 284: should_create_todo: command not found
log: Unknown subcommand 'SUCCESS'
usage:
    log <command>

global options:
    -?, --help
    -q, --quiet
    -v, --verbose

commands:
    collect         gather system logs into a log archive
    config          view/change logging system settings
    diagnose        diagnose an archive for a variety of issues
    erase           delete system logging data
    repack          repack a log archive using a predicate
    show            view/search system logs
    stream          watch live system logs
    stats           show system logging statistics

further help:
    log help <command>
    log help predicates
    log help shorthand
/Users/clawdia/.openclaw/workspace/scripts/consolidated-email-processor.sh: line 297: should_create_todo: command not found
log: Unknown subcommand 'ERROR'
usage:
    log <command>

global options:
    -?, --help
    -q, --quiet
    -v, --verbose

commands:
    collect         gather system logs into a log archive
    config          view/change logging system settings
    diagnose        diagnose an archive for a variety of issues
    erase           delete system logging data
    repack          repack a log archive using a predicate
    show            view/search system logs
    stream          watch live system logs
    stats           show system logging statistics

further help:
    log help <command>
    log help predicates
    log help shorthand
/Users/clawdia/.openclaw/workspace/scripts/consolidated-email-processor.sh: line 297: should_create_todo: command not found
log: Unknown subcommand 'ERROR'
usage:
    log <command>

global options:
    -?, --help
    -q, --quiet
    -v, --verbose

commands:
    collect         gather system logs into a log archive
    config          view/change logging system settings
    diagnose        diagnose an archive for a variety of issues
    erase           delete system logging data
    repack          repack a log archive using a predicate
    show            view/search system logs
    stream          watch live system logs
    stats           show system logging statistics

further help:
    log help <command>
    log help predicates
    log help shorthand
/Users/clawdia/.openclaw/workspace/scripts/consolidated-email-processor.sh: line 297: should_create_todo: command not found
log: Unknown subcommand 'ERROR'
usage:
    log <command>

global options:
    -?, --help
    -q, --quiet
    -v, --verbose

commands:
    collect         gather system logs into a log archive
    config          view/change logging system settings
    diagnose        diagnose an archive for a variety of issues
    erase           delete system logging data
    repack          repack a log archive using a predicate
    show            view/search system logs
    stream          watch live system logs
    stats           show system logging statistics

further help:
    log help <command>
    log help predicates
    log help shorthand
/Users/clawdia/.openclaw/workspace/scripts/consolidated-email-processor.sh: line 297: should_create_todo: command not found
log: Unknown subcommand 'ERROR'
usage:
    log <command>

global options:
    -?, --help
    -q, --quiet
    -v, --verbose

commands:
    collect         gather system logs into a log archive
    config          view/change logging system settings
    diagnose        diagnose an archive for a variety of issues
    erase           delete system logging data
    repack          repack a log archive using a predicate
    show            view/search system logs
    stream          watch live system logs
    stats           show system logging statistics

further help:
    log help <command>
    log help predicates
    log help shorthand
/Users/clawdia/.openclaw/workspace/scripts/consolidated-email-processor.sh: line 297: should_create_todo: command not found
log: Unknown subcommand 'ERROR'
usage:
    log <command>

global options:
    -?, --help
    -q, --quiet
    -v, --verbose

commands:
    collect         gather system logs into a log archive
    config          view/change logging system settings
    diagnose        diagnose an archive for a variety of issues
    erase           delete system logging data
    repack          repack a log archive using a predicate
    show            view/search system logs
    stream          watch live system logs
    stats           show system logging statistics

further help:
    log help <command>
    log help predicates
    log help shorthand
log: Unknown subcommand 'INFO'
usage:
    log <command>

global options:
    -?, --help
    -q, --quiet
    -v, --verbose

commands:
    collect         gather system logs into a log archive
    config          view/change logging system settings
    diagnose        diagnose an archive for a variety of issues
    erase           delete system logging data
    repack          repack a log archive using a predicate
    show            view/search system logs
    stream          watch live system logs
    stats           show system logging statistics

further help:
    log help <command>
    log help predicates
    log help shorthand
log: Unknown subcommand 'ERROR'
usage:
    log <command>

global options:
    -?, --help
    -q, --quiet
    -v, --verbose

commands:
    collect         gather system logs into a log archive
    config          view/change logging system settings
    diagnose        diagnose an archive for a variety of issues
    erase           delete system logging data
    repack          repack a log archive using a predicate
    show            view/search system logs
    stream          watch live system logs
    stats           show system logging statistics

further help:
    log help <command>
    log help predicates
    log help shorthand
log: Unknown subcommand 'ERROR'
usage:
    log <command>

global options:
    -?, --help
    -q, --quiet
    -v, --verbose

commands:
    collect         gather system logs into a log archive
    config          view/change logging system settings
    diagnose        diagnose an archive for a variety of issues
    erase           delete system logging data
    repack          repack a log archive using a predicate
    show            view/search system logs
    stream          watch live system logs
    stats           show system logging statistics

further help:
    log help <command>
    log help predicates
    log help shorthand
/Users/clawdia/.openclaw/workspace/scripts/consolidated-email-processor.sh: line 329: check_quiet_hours: command not found
log: Unknown subcommand 'INFO'
usage:
    log <command>

global options:
    -?, --help
    -q, --quiet
    -v, --verbose

commands:
    collect         gather system logs into a log archive
    config          view/change logging system settings
    diagnose        diagnose an archive for a variety of issues
    erase           delete system logging data
    repack          repack a log archive using a predicate
    show            view/search system logs
    stream          watch live system logs
    stats           show system logging statistics

further help:
    log help <command>
    log help predicates
    log help shorthand
log: Unknown subcommand 'SUCCESS'
usage:
    log <command>

global options:
    -?, --help
    -q, --quiet
    -v, --verbose

commands:
    collect         gather system logs into a log archive
    config          view/change logging system settings
    diagnose        diagnose an archive for a variety of issues
    erase           delete system logging data
    repack          repack a log archive using a predicate
    show            view/search system logs
    stream          watch live system logs
    stats           show system logging statistics

further help:
    log help <command>
    log help predicates
    log help shorthand
/Users/clawdia/.openclaw/workspace/scripts/consolidated-email-processor.sh: line 343: cleanup_thread_tracking: command not found
log: Unknown subcommand 'INFO'
usage:
    log <command>

global options:
    -?, --help
    -q, --quiet
    -v, --verbose

commands:
    collect         gather system logs into a log archive
    config          view/change logging system settings
    diagnose        diagnose an archive for a variety of issues
    erase           delete system logging data
    repack          repack a log archive using a predicate
    show            view/search system logs
    stream          watch live system logs
    stats           show system logging statistics

further help:
    log help <command>
    log help predicates
    log help shorthand
log: Unknown subcommand 'INFO'
usage:
    log <command>

global options:
    -?, --help
    -q, --quiet
    -v, --verbose

commands:
    collect         gather system logs into a log archive
    config          view/change logging system settings
    diagnose        diagnose an archive for a variety of issues
    erase           delete system logging data
    repack          repack a log archive using a predicate
    show            view/search system logs
    stream          watch live system logs
    stats           show system logging statistics

further help:
    log help <command>
    log help predicates
    log help shorthand
log: Unknown subcommand 'ERROR'
usage:
    log <command>

global options:
    -?, --help
    -q, --quiet
    -v, --verbose

commands:
    collect         gather system logs into a log archive
    config          view/change logging system settings
    diagnose        diagnose an archive for a variety of issues
    erase           delete system logging data
    repack          repack a log archive using a predicate
    show            view/search system logs
    stream          watch live system logs
    stats           show system logging statistics

further help:
    log help <command>
    log help predicates
    log help shorthand
log: Unknown subcommand 'INFO'
usage:
    log <command>

global options:
    -?, --help
    -q, --quiet
    -v, --verbose

commands:
    collect         gather system logs into a log archive
    config          view/change logging system settings
    diagnose        diagnose an archive for a variety of issues
    erase           delete system logging data
    repack          repack a log archive using a predicate
    show            view/search system logs
    stream          watch live system logs
    stats           show system logging statistics

further help:
    log help <command>
    log help predicates
    log help shorthand
log: Unknown subcommand 'INFO'
usage:
    log <command>

global options:
    -?, --help
    -q, --quiet
    -v, --verbose

commands:
    collect         gather system logs into a log archive
    config          view/change logging system settings
    diagnose        diagnose an archive for a variety of issues
    erase           delete system logging data
    repack          repack a log archive using a predicate
    show            view/search system logs
    stream          watch live system logs
    stats           show system logging statistics

further help:
    log help <command>
    log help predicates
    log help shorthand
/Users/clawdia/.openclaw/workspace/scripts/consolidated-email-processor.sh: line 229: : No such file or directory
/Users/clawdia/.openclaw/workspace/scripts/consolidated-email-processor.sh: line 230: : No such file or directory
/Users/clawdia/.openclaw/workspace/scripts/consolidated-email-processor.sh: line 232: /summary-20260315-1000.txt: Read-only file system
log: Unknown subcommand 'INFO'
usage:
    log <command>

global options:
    -?, --help
    -q, --quiet
    -v, --verbose

commands:
    collect         gather system logs into a log archive
    config          view/change logging system settings
    diagnose        diagnose an archive for a variety of issues
    erase           delete system logging data
    repack          repack a log archive using a predicate
    show            view/search system logs
    stream          watch live system logs
    stats           show system logging statistics

further help:
    log help <command>
    log help predicates
    log help shorthand
find: : No such file or directory
log: Unknown subcommand 'INFO'
usage:
    log <command>

global options:
    -?, --help
    -q, --quiet
    -v, --verbose

commands:
    collect         gather system logs into a log archive
    config          view/change logging system settings
    diagnose        diagnose an archive for a variety of issues
    erase           delete system logging data
    repack          repack a log archive using a predicate
    show            view/search system logs
    stream          watch live system logs
    stats           show system logging statistics

further help:
    log help <command>
    log help predicates
    log help shorthand
log: Unknown subcommand 'SUCCESS'
usage:
    log <command>

global options:
    -?, --help
    -q, --quiet
    -v, --verbose

commands:
    collect         gather system logs into a log archive
    config          view/change logging system settings
    diagnose        diagnose an archive for a variety of issues
    erase           delete system logging data
    repack          repack a log archive using a predicate
    show            view/search system logs
    stream          watch live system logs
    stats           show system logging statistics

further help:
    log help <command>
    log help predicates
    log help shorthand
log: Unknown subcommand 'INFO'
usage:
    log <command>

global options:
    -?, --help
    -q, --quiet
    -v, --verbose

commands:
    collect         gather system logs into a log archive
    config          view/change logging system settings
    diagnose        diagnose an archive for a variety of issues
    erase           delete system logging data
    repack          repack a log archive using a predicate
    show            view/search system logs
    stream          watch live system logs
    stats           show system logging statistics

further help:
    log help <command>
    log help predicates
    log help shorthand
/Users/clawdia/.openclaw/workspace/scripts/consolidated-email-processor.sh: line 319: policy_guard_check: command not found
log: Unknown subcommand 'INFO'
usage:
    log <command>

global options:
    -?, --help
    -q, --quiet
    -v, --verbose

commands:
    collect         gather system logs into a log archive
    config          view/change logging system settings
    diagnose        diagnose an archive for a variety of issues
    erase           delete system logging data
    repack          repack a log archive using a predicate
    show            view/search system logs
    stream          watch live system logs
    stats           show system logging statistics

further help:
    log help <command>
    log help predicates
    log help shorthand
log: Unknown subcommand 'INFO'
usage:
    log <command>

global options:
    -?, --help
    -q, --quiet
    -v, --verbose

commands:
    collect         gather system logs into a log archive
    config          view/change logging system settings
    diagnose        diagnose an archive for a variety of issues
    erase           delete system logging data
    repack          repack a log archive using a predicate
    show            view/search system logs
    stream          watch live system logs
    stats           show system logging statistics

further help:
    log help <command>
    log help predicates
    log help shorthand
log: Unknown subcommand 'INFO'
usage:
    log <command>

global options:
    -?, --help
    -q, --quiet
    -v, --verbose

commands:
    collect         gather system logs into a log archive
    config          view/change logging system settings
    diagnose        diagnose an archive for a variety of issues
    erase           delete system logging data
    repack          repack a log archive using a predicate
    show            view/search system logs
    stream          watch live system logs
    stats           show system logging statistics

further help:
    log help <command>
    log help predicates
    log help shorthand
/Users/clawdia/.openclaw/workspace/scripts/consolidated-email-processor.sh: line 284: should_create_todo: command not found
log: Unknown subcommand 'SUCCESS'
usage:
    log <command>

global options:
    -?, --help
    -q, --quiet
    -v, --verbose

commands:
    collect         gather system logs into a log archive
    config          view/change logging system settings
    diagnose        diagnose an archive for a variety of issues
    erase           delete system logging data
    repack          repack a log archive using a predicate
    show            view/search system logs
    stream          watch live system logs
    stats           show system logging statistics

further help:
    log help <command>
    log help predicates
    log help shorthand
/Users/clawdia/.openclaw/workspace/scripts/consolidated-email-processor.sh: line 284: should_create_todo: command not found
log: Unknown subcommand 'SUCCESS'
usage:
    log <command>

global options:
    -?, --help
    -q, --quiet
    -v, --verbose

commands:
    collect         gather system logs into a log archive
    config          view/change logging system settings
    diagnose        diagnose an archive for a variety of issues
    erase           delete system logging data
    repack          repack a log archive using a predicate
    show            view/search system logs
    stream          watch live system logs
    stats           show system logging statistics

further help:
    log help <command>
    log help predicates
    log help shorthand
/Users/clawdia/.openclaw/workspace/scripts/consolidated-email-processor.sh: line 284: should_create_todo: command not found
log: Unknown subcommand 'SUCCESS'
usage:
    log <command>

global options:
    -?, --help
    -q, --quiet
    -v, --verbose

commands:
    collect         gather system logs into a log archive
    config          view/change logging system settings
    diagnose        diagnose an archive for a variety of issues
    erase           delete system logging data
    repack          repack a log archive using a predicate
    show            view/search system logs
    stream          watch live system logs
    stats           show system logging statistics

further help:
    log help <command>
    log help predicates
    log help shorthand
/Users/clawdia/.openclaw/workspace/scripts/consolidated-email-processor.sh: line 284: should_create_todo: command not found
log: Unknown subcommand 'SUCCESS'
usage:
    log <command>

global options:
    -?, --help
    -q, --quiet
    -v, --verbose

commands:
    collect         gather system logs into a log archive
    config          view/change logging system settings
    diagnose        diagnose an archive for a variety of issues
    erase           delete system logging data
    repack          repack a log archive using a predicate
    show            view/search system logs
    stream          watch live system logs
    stats           show system logging statistics

further help:
    log help <command>
    log help predicates
    log help shorthand
/Users/clawdia/.openclaw/workspace/scripts/consolidated-email-processor.sh: line 284: should_create_todo: command not found
log: Unknown subcommand 'SUCCESS'
usage:
    log <command>

global options:
    -?, --help
    -q, --quiet
    -v, --verbose

commands:
    collect         gather system logs into a log archive
    config          view/change logging system settings
    diagnose        diagnose an archive for a variety of issues
    erase           delete system logging data
    repack          repack a log archive using a predicate
    show            view/search system logs
    stream          watch live system logs
    stats           show system logging statistics

further help:
    log help <command>
    log help predicates
    log help shorthand
/Users/clawdia/.openclaw/workspace/scripts/consolidated-email-processor.sh: line 284: should_create_todo: command not found
log: Unknown subcommand 'SUCCESS'
usage:
    log <command>

global options:
    -?, --help
    -q, --quiet
    -v, --verbose

commands:
    collect         gather system logs into a log archive
    config          view/change logging system settings
    diagnose        diagnose an archive for a variety of issues
    erase           delete system logging data
    repack          repack a log archive using a predicate
    show            view/search system logs
    stream          watch live system logs
    stats           show system logging statistics

further help:
    log help <command>
    log help predicates
    log help shorthand
/Users/clawdia/.openclaw/workspace/scripts/consolidated-email-processor.sh: line 297: should_create_todo: command not found
log: Unknown subcommand 'ERROR'
usage:
    log <command>

global options:
    -?, --help
    -q, --quiet
    -v, --verbose

commands:
    collect         gather system logs into a log archive
    config          view/change logging system settings
    diagnose        diagnose an archive for a variety of issues
    erase           delete system logging data
    repack          repack a log archive using a predicate
    show            view/search system logs
    stream          watch live system logs
    stats           show system logging statistics

further help:
    log help <command>
    log help predicates
    log help shorthand
/Users/clawdia/.openclaw/workspace/scripts/consolidated-email-processor.sh: line 297: should_create_todo: command not found
log: Unknown subcommand 'ERROR'
usage:
    log <command>

global options:
    -?, --help
    -q, --quiet
    -v, --verbose

commands:
    collect         gather system logs into a log archive
    config          view/change logging system settings
    diagnose        diagnose an archive for a variety of issues
    erase           delete system logging data
    repack          repack a log archive using a predicate
    show            view/search system logs
    stream          watch live system logs
    stats           show system logging statistics

further help:
    log help <command>
    log help predicates
    log help shorthand
/Users/clawdia/.openclaw/workspace/scripts/consolidated-email-processor.sh: line 297: should_create_todo: command not found
log: Unknown subcommand 'ERROR'
usage:
    log <command>

global options:
    -?, --help
    -q, --quiet
    -v, --verbose

commands:
    collect         gather system logs into a log archive
    config          view/change logging system settings
    diagnose        diagnose an archive for a variety of issues
    erase           delete system logging data
    repack          repack a log archive using a predicate
    show            view/search system logs
    stream          watch live system logs
    stats           show system logging statistics

further help:
    log help <command>
    log help predicates
    log help shorthand
/Users/clawdia/.openclaw/workspace/scripts/consolidated-email-processor.sh: line 297: should_create_todo: command not found
log: Unknown subcommand 'ERROR'
usage:
    log <command>

global options:
    -?, --help
    -q, --quiet
    -v, --verbose

commands:
    collect         gather system logs into a log archive
    config          view/change logging system settings
    diagnose        diagnose an archive for a variety of issues
    erase           delete system logging data
    repack          repack a log archive using a predicate
    show            view/search system logs
    stream          watch live system logs
    stats           show system logging statistics

further help:
    log help <command>
    log help predicates
    log help shorthand
/Users/clawdia/.openclaw/workspace/scripts/consolidated-email-processor.sh: line 297: should_create_todo: command not found
log: Unknown subcommand 'ERROR'
usage:
    log <command>

global options:
    -?, --help
    -q, --quiet
    -v, --verbose

commands:
    collect         gather system logs into a log archive
    config          view/change logging system settings
    diagnose        diagnose an archive for a variety of issues
    erase           delete system logging data
    repack          repack a log archive using a predicate
    show            view/search system logs
    stream          watch live system logs
    stats           show system logging statistics

further help:
    log help <command>
    log help predicates
    log help shorthand
log: Unknown subcommand 'INFO'
usage:
    log <command>

global options:
    -?, --help
    -q, --quiet
    -v, --verbose

commands:
    collect         gather system logs into a log archive
    config          view/change logging system settings
    diagnose        diagnose an archive for a variety of issues
    erase           delete system logging data
    repack          repack a log archive using a predicate
    show            view/search system logs
    stream          watch live system logs
    stats           show system logging statistics

further help:
    log help <command>
    log help predicates
    log help shorthand
log: Unknown subcommand 'ERROR'
usage:
    log <command>

global options:
    -?, --help
    -q, --quiet
    -v, --verbose

commands:
    collect         gather system logs into a log archive
    config          view/change logging system settings
    diagnose        diagnose an archive for a variety of issues
    erase           delete system logging data
    repack          repack a log archive using a predicate
    show            view/search system logs
    stream          watch live system logs
    stats           show system logging statistics

further help:
    log help <command>
    log help predicates
    log help shorthand
log: Unknown subcommand 'ERROR'
usage:
    log <command>

global options:
    -?, --help
    -q, --quiet
    -v, --verbose

commands:
    collect         gather system logs into a log archive
    config          view/change logging system settings
    diagnose        diagnose an archive for a variety of issues
    erase           delete system logging data
    repack          repack a log archive using a predicate
    show            view/search system logs
    stream          watch live system logs
    stats           show system logging statistics

further help:
    log help <command>
    log help predicates
    log help shorthand
/Users/clawdia/.openclaw/workspace/scripts/consolidated-email-processor.sh: line 329: check_quiet_hours: command not found
log: Unknown subcommand 'INFO'
usage:
    log <command>

global options:
    -?, --help
    -q, --quiet
    -v, --verbose

commands:
    collect         gather system logs into a log archive
    config          view/change logging system settings
    diagnose        diagnose an archive for a variety of issues
    erase           delete system logging data
    repack          repack a log archive using a predicate
    show            view/search system logs
    stream          watch live system logs
    stats           show system logging statistics

further help:
    log help <command>
    log help predicates
    log help shorthand
log: Unknown subcommand 'SUCCESS'
usage:
    log <command>

global options:
    -?, --help
    -q, --quiet
    -v, --verbose

commands:
    collect         gather system logs into a log archive
    config          view/change logging system settings
    diagnose        diagnose an archive for a variety of issues
    erase           delete system logging data
    repack          repack a log archive using a predicate
    show            view/search system logs
    stream          watch live system logs
    stats           show system logging statistics

further help:
    log help <command>
    log help predicates
    log help shorthand
/Users/clawdia/.openclaw/workspace/scripts/consolidated-email-processor.sh: line 343: cleanup_thread_tracking: command not found
log: Unknown subcommand 'INFO'
usage:
    log <command>

global options:
    -?, --help
    -q, --quiet
    -v, --verbose

commands:
    collect         gather system logs into a log archive
    config          view/change logging system settings
    diagnose        diagnose an archive for a variety of issues
    erase           delete system logging data
    repack          repack a log archive using a predicate
    show            view/search system logs
    stream          watch live system logs
    stats           show system logging statistics

further help:
    log help <command>
    log help predicates
    log help shorthand
log: Unknown subcommand 'INFO'
usage:
    log <command>

global options:
    -?, --help
    -q, --quiet
    -v, --verbose

commands:
    collect         gather system logs into a log archive
    config          view/change logging system settings
    diagnose        diagnose an archive for a variety of issues
    erase           delete system logging data
    repack          repack a log archive using a predicate
    show            view/search system logs
    stream          watch live system logs
    stats           show system logging statistics

further help:
    log help <command>
    log help predicates
    log help shorthand
log: Unknown subcommand 'ERROR'
usage:
    log <command>

global options:
    -?, --help
    -q, --quiet
    -v, --verbose

commands:
    collect         gather system logs into a log archive
    config          view/change logging system settings
    diagnose        diagnose an archive for a variety of issues
    erase           delete system logging data
    repack          repack a log archive using a predicate
    show            view/search system logs
    stream          watch live system logs
    stats           show system logging statistics

further help:
    log help <command>
    log help predicates
    log help shorthand
log: Unknown subcommand 'INFO'
usage:
    log <command>

global options:
    -?, --help
    -q, --quiet
    -v, --verbose

commands:
    collect         gather system logs into a log archive
    config          view/change logging system settings
    diagnose        diagnose an archive for a variety of issues
    erase           delete system logging data
    repack          repack a log archive using a predicate
    show            view/search system logs
    stream          watch live system logs
    stats           show system logging statistics

further help:
    log help <command>
    log help predicates
    log help shorthand
log: Unknown subcommand 'INFO'
usage:
    log <command>

global options:
    -?, --help
    -q, --quiet
    -v, --verbose

commands:
    collect         gather system logs into a log archive
    config          view/change logging system settings
    diagnose        diagnose an archive for a variety of issues
    erase           delete system logging data
    repack          repack a log archive using a predicate
    show            view/search system logs
    stream          watch live system logs
    stats           show system logging statistics

further help:
    log help <command>
    log help predicates
    log help shorthand
/Users/clawdia/.openclaw/workspace/scripts/consolidated-email-processor.sh: line 229: : No such file or directory
/Users/clawdia/.openclaw/workspace/scripts/consolidated-email-processor.sh: line 230: : No such file or directory
/Users/clawdia/.openclaw/workspace/scripts/consolidated-email-processor.sh: line 232: /summary-20260315-1100.txt: Read-only file system
log: Unknown subcommand 'INFO'
usage:
    log <command>

global options:
    -?, --help
    -q, --quiet
    -v, --verbose

commands:
    collect         gather system logs into a log archive
    config          view/change logging system settings
    diagnose        diagnose an archive for a variety of issues
    erase           delete system logging data
    repack          repack a log archive using a predicate
    show            view/search system logs
    stream          watch live system logs
    stats           show system logging statistics

further help:
    log help <command>
    log help predicates
    log help shorthand
find: : No such file or directory
log: Unknown subcommand 'INFO'
usage:
    log <command>

global options:
    -?, --help
    -q, --quiet
    -v, --verbose

commands:
    collect         gather system logs into a log archive
    config          view/change logging system settings
    diagnose        diagnose an archive for a variety of issues
    erase           delete system logging data
    repack          repack a log archive using a predicate
    show            view/search system logs
    stream          watch live system logs
    stats           show system logging statistics

further help:
    log help <command>
    log help predicates
    log help shorthand
log: Unknown subcommand 'SUCCESS'
usage:
    log <command>

global options:
    -?, --help
    -q, --quiet
    -v, --verbose

commands:
    collect         gather system logs into a log archive
    config          view/change logging system settings
    diagnose        diagnose an archive for a variety of issues
    erase           delete system logging data
    repack          repack a log archive using a predicate
    show            view/search system logs
    stream          watch live system logs
    stats           show system logging statistics

further help:
    log help <command>
    log help predicates
    log help shorthand
log: Unknown subcommand 'INFO'
usage:
    log <command>

global options:
    -?, --help
    -q, --quiet
    -v, --verbose

commands:
    collect         gather system logs into a log archive
    config          view/change logging system settings
    diagnose        diagnose an archive for a variety of issues
    erase           delete system logging data
    repack          repack a log archive using a predicate
    show            view/search system logs
    stream          watch live system logs
    stats           show system logging statistics

further help:
    log help <command>
    log help predicates
    log help shorthand
/Users/clawdia/.openclaw/workspace/scripts/consolidated-email-processor.sh: line 319: policy_guard_check: command not found
log: Unknown subcommand 'INFO'
usage:
    log <command>

global options:
    -?, --help
    -q, --quiet
    -v, --verbose

commands:
    collect         gather system logs into a log archive
    config          view/change logging system settings
    diagnose        diagnose an archive for a variety of issues
    erase           delete system logging data
    repack          repack a log archive using a predicate
    show            view/search system logs
    stream          watch live system logs
    stats           show system logging statistics

further help:
    log help <command>
    log help predicates
    log help shorthand
log: Unknown subcommand 'INFO'
usage:
    log <command>

global options:
    -?, --help
    -q, --quiet
    -v, --verbose

commands:
    collect         gather system logs into a log archive
    config          view/change logging system settings
    diagnose        diagnose an archive for a variety of issues
    erase           delete system logging data
    repack          repack a log archive using a predicate
    show            view/search system logs
    stream          watch live system logs
    stats           show system logging statistics

further help:
    log help <command>
    log help predicates
    log help shorthand
log: Unknown subcommand 'INFO'
usage:
    log <command>

global options:
    -?, --help
    -q, --quiet
    -v, --verbose

commands:
    collect         gather system logs into a log archive
    config          view/change logging system settings
    diagnose        diagnose an archive for a variety of issues
    erase           delete system logging data
    repack          repack a log archive using a predicate
    show            view/search system logs
    stream          watch live system logs
    stats           show system logging statistics

further help:
    log help <command>
    log help predicates
    log help shorthand
/Users/clawdia/.openclaw/workspace/scripts/consolidated-email-processor.sh: line 284: should_create_todo: command not found
log: Unknown subcommand 'SUCCESS'
usage:
    log <command>

global options:
    -?, --help
    -q, --quiet
    -v, --verbose

commands:
    collect         gather system logs into a log archive
    config          view/change logging system settings
    diagnose        diagnose an archive for a variety of issues
    erase           delete system logging data
    repack          repack a log archive using a predicate
    show            view/search system logs
    stream          watch live system logs
    stats           show system logging statistics

further help:
    log help <command>
    log help predicates
    log help shorthand
/Users/clawdia/.openclaw/workspace/scripts/consolidated-email-processor.sh: line 284: should_create_todo: command not found
log: Unknown subcommand 'SUCCESS'
usage:
    log <command>

global options:
    -?, --help
    -q, --quiet
    -v, --verbose

commands:
    collect         gather system logs into a log archive
    config          view/change logging system settings
    diagnose        diagnose an archive for a variety of issues
    erase           delete system logging data
    repack          repack a log archive using a predicate
    show            view/search system logs
    stream          watch live system logs
    stats           show system logging statistics

further help:
    log help <command>
    log help predicates
    log help shorthand
/Users/clawdia/.openclaw/workspace/scripts/consolidated-email-processor.sh: line 284: should_create_todo: command not found
log: Unknown subcommand 'SUCCESS'
usage:
    log <command>

global options:
    -?, --help
    -q, --quiet
    -v, --verbose

commands:
    collect         gather system logs into a log archive
    config          view/change logging system settings
    diagnose        diagnose an archive for a variety of issues
    erase           delete system logging data
    repack          repack a log archive using a predicate
    show            view/search system logs
    stream          watch live system logs
    stats           show system logging statistics

further help:
    log help <command>
    log help predicates
    log help shorthand
/Users/clawdia/.openclaw/workspace/scripts/consolidated-email-processor.sh: line 284: should_create_todo: command not found
log: Unknown subcommand 'SUCCESS'
usage:
    log <command>

global options:
    -?, --help
    -q, --quiet
    -v, --verbose

commands:
    collect         gather system logs into a log archive
    config          view/change logging system settings
    diagnose        diagnose an archive for a variety of issues
    erase           delete system logging data
    repack          repack a log archive using a predicate
    show            view/search system logs
    stream          watch live system logs
    stats           show system logging statistics

further help:
    log help <command>
    log help predicates
    log help shorthand
/Users/clawdia/.openclaw/workspace/scripts/consolidated-email-processor.sh: line 284: should_create_todo: command not found
log: Unknown subcommand 'SUCCESS'
usage:
    log <command>

global options:
    -?, --help
    -q, --quiet
    -v, --verbose

commands:
    collect         gather system logs into a log archive
    config          view/change logging system settings
    diagnose        diagnose an archive for a variety of issues
    erase           delete system logging data
    repack          repack a log archive using a predicate
    show            view/search system logs
    stream          watch live system logs
    stats           show system logging statistics

further help:
    log help <command>
    log help predicates
    log help shorthand
/Users/clawdia/.openclaw/workspace/scripts/consolidated-email-processor.sh: line 284: should_create_todo: command not found
log: Unknown subcommand 'SUCCESS'
usage:
    log <command>

global options:
    -?, --help
    -q, --quiet
    -v, --verbose

commands:
    collect         gather system logs into a log archive
    config          view/change logging system settings
    diagnose        diagnose an archive for a variety of issues
    erase           delete system logging data
    repack          repack a log archive using a predicate
    show            view/search system logs
    stream          watch live system logs
    stats           show system logging statistics

further help:
    log help <command>
    log help predicates
    log help shorthand
/Users/clawdia/.openclaw/workspace/scripts/consolidated-email-processor.sh: line 297: should_create_todo: command not found
log: Unknown subcommand 'ERROR'
usage:
    log <command>

global options:
    -?, --help
    -q, --quiet
    -v, --verbose

commands:
    collect         gather system logs into a log archive
    config          view/change logging system settings
    diagnose        diagnose an archive for a variety of issues
    erase           delete system logging data
    repack          repack a log archive using a predicate
    show            view/search system logs
    stream          watch live system logs
    stats           show system logging statistics

further help:
    log help <command>
    log help predicates
    log help shorthand
/Users/clawdia/.openclaw/workspace/scripts/consolidated-email-processor.sh: line 297: should_create_todo: command not found
log: Unknown subcommand 'ERROR'
usage:
    log <command>

global options:
    -?, --help
    -q, --quiet
    -v, --verbose

commands:
    collect         gather system logs into a log archive
    config          view/change logging system settings
    diagnose        diagnose an archive for a variety of issues
    erase           delete system logging data
    repack          repack a log archive using a predicate
    show            view/search system logs
    stream          watch live system logs
    stats           show system logging statistics

further help:
    log help <command>
    log help predicates
    log help shorthand
/Users/clawdia/.openclaw/workspace/scripts/consolidated-email-processor.sh: line 297: should_create_todo: command not found
log: Unknown subcommand 'ERROR'
usage:
    log <command>

global options:
    -?, --help
    -q, --quiet
    -v, --verbose

commands:
    collect         gather system logs into a log archive
    config          view/change logging system settings
    diagnose        diagnose an archive for a variety of issues
    erase           delete system logging data
    repack          repack a log archive using a predicate
    show            view/search system logs
    stream          watch live system logs
    stats           show system logging statistics

further help:
    log help <command>
    log help predicates
    log help shorthand
/Users/clawdia/.openclaw/workspace/scripts/consolidated-email-processor.sh: line 297: should_create_todo: command not found
log: Unknown subcommand 'ERROR'
usage:
    log <command>

global options:
    -?, --help
    -q, --quiet
    -v, --verbose

commands:
    collect         gather system logs into a log archive
    config          view/change logging system settings
    diagnose        diagnose an archive for a variety of issues
    erase           delete system logging data
    repack          repack a log archive using a predicate
    show            view/search system logs
    stream          watch live system logs
    stats           show system logging statistics

further help:
    log help <command>
    log help predicates
    log help shorthand
/Users/clawdia/.openclaw/workspace/scripts/consolidated-email-processor.sh: line 297: should_create_todo: command not found
log: Unknown subcommand 'ERROR'
usage:
    log <command>

global options:
    -?, --help
    -q, --quiet
    -v, --verbose

commands:
    collect         gather system logs into a log archive
    config          view/change logging system settings
    diagnose        diagnose an archive for a variety of issues
    erase           delete system logging data
    repack          repack a log archive using a predicate
    show            view/search system logs
    stream          watch live system logs
    stats           show system logging statistics

further help:
    log help <command>
    log help predicates
    log help shorthand
log: Unknown subcommand 'INFO'
usage:
    log <command>

global options:
    -?, --help
    -q, --quiet
    -v, --verbose

commands:
    collect         gather system logs into a log archive
    config          view/change logging system settings
    diagnose        diagnose an archive for a variety of issues
    erase           delete system logging data
    repack          repack a log archive using a predicate
    show            view/search system logs
    stream          watch live system logs
    stats           show system logging statistics

further help:
    log help <command>
    log help predicates
    log help shorthand
log: Unknown subcommand 'ERROR'
usage:
    log <command>

global options:
    -?, --help
    -q, --quiet
    -v, --verbose

commands:
    collect         gather system logs into a log archive
    config          view/change logging system settings
    diagnose        diagnose an archive for a variety of issues
    erase           delete system logging data
    repack          repack a log archive using a predicate
    show            view/search system logs
    stream          watch live system logs
    stats           show system logging statistics

further help:
    log help <command>
    log help predicates
    log help shorthand
log: Unknown subcommand 'ERROR'
usage:
    log <command>

global options:
    -?, --help
    -q, --quiet
    -v, --verbose

commands:
    collect         gather system logs into a log archive
    config          view/change logging system settings
    diagnose        diagnose an archive for a variety of issues
    erase           delete system logging data
    repack          repack a log archive using a predicate
    show            view/search system logs
    stream          watch live system logs
    stats           show system logging statistics

further help:
    log help <command>
    log help predicates
    log help shorthand
/Users/clawdia/.openclaw/workspace/scripts/consolidated-email-processor.sh: line 329: check_quiet_hours: command not found
log: Unknown subcommand 'INFO'
usage:
    log <command>

global options:
    -?, --help
    -q, --quiet
    -v, --verbose

commands:
    collect         gather system logs into a log archive
    config          view/change logging system settings
    diagnose        diagnose an archive for a variety of issues
    erase           delete system logging data
    repack          repack a log archive using a predicate
    show            view/search system logs
    stream          watch live system logs
    stats           show system logging statistics

further help:
    log help <command>
    log help predicates
    log help shorthand
log: Unknown subcommand 'SUCCESS'
usage:
    log <command>

global options:
    -?, --help
    -q, --quiet
    -v, --verbose

commands:
    collect         gather system logs into a log archive
    config          view/change logging system settings
    diagnose        diagnose an archive for a variety of issues
    erase           delete system logging data
    repack          repack a log archive using a predicate
    show            view/search system logs
    stream          watch live system logs
    stats           show system logging statistics

further help:
    log help <command>
    log help predicates
    log help shorthand
/Users/clawdia/.openclaw/workspace/scripts/consolidated-email-processor.sh: line 343: cleanup_thread_tracking: command not found
log: Unknown subcommand 'INFO'
usage:
    log <command>

global options:
    -?, --help
    -q, --quiet
    -v, --verbose

commands:
    collect         gather system logs into a log archive
    config          view/change logging system settings
    diagnose        diagnose an archive for a variety of issues
    erase           delete system logging data
    repack          repack a log archive using a predicate
    show            view/search system logs
    stream          watch live system logs
    stats           show system logging statistics

further help:
    log help <command>
    log help predicates
    log help shorthand
log: Unknown subcommand 'INFO'
usage:
    log <command>

global options:
    -?, --help
    -q, --quiet
    -v, --verbose

commands:
    collect         gather system logs into a log archive
    config          view/change logging system settings
    diagnose        diagnose an archive for a variety of issues
    erase           delete system logging data
    repack          repack a log archive using a predicate
    show            view/search system logs
    stream          watch live system logs
    stats           show system logging statistics

further help:
    log help <command>
    log help predicates
    log help shorthand
log: Unknown subcommand 'ERROR'
usage:
    log <command>

global options:
    -?, --help
    -q, --quiet
    -v, --verbose

commands:
    collect         gather system logs into a log archive
    config          view/change logging system settings
    diagnose        diagnose an archive for a variety of issues
    erase           delete system logging data
    repack          repack a log archive using a predicate
    show            view/search system logs
    stream          watch live system logs
    stats           show system logging statistics

further help:
    log help <command>
    log help predicates
    log help shorthand
log: Unknown subcommand 'INFO'
usage:
    log <command>

global options:
    -?, --help
    -q, --quiet
    -v, --verbose

commands:
    collect         gather system logs into a log archive
    config          view/change logging system settings
    diagnose        diagnose an archive for a variety of issues
    erase           delete system logging data
    repack          repack a log archive using a predicate
    show            view/search system logs
    stream          watch live system logs
    stats           show system logging statistics

further help:
    log help <command>
    log help predicates
    log help shorthand
log: Unknown subcommand 'INFO'
usage:
    log <command>

global options:
    -?, --help
    -q, --quiet
    -v, --verbose

commands:
    collect         gather system logs into a log archive
    config          view/change logging system settings
    diagnose        diagnose an archive for a variety of issues
    erase           delete system logging data
    repack          repack a log archive using a predicate
    show            view/search system logs
    stream          watch live system logs
    stats           show system logging statistics

further help:
    log help <command>
    log help predicates
    log help shorthand
/Users/clawdia/.openclaw/workspace/scripts/consolidated-email-processor.sh: line 229: : No such file or directory
/Users/clawdia/.openclaw/workspace/scripts/consolidated-email-processor.sh: line 230: : No such file or directory
/Users/clawdia/.openclaw/workspace/scripts/consolidated-email-processor.sh: line 232: /summary-20260315-1200.txt: Read-only file system
log: Unknown subcommand 'INFO'
usage:
    log <command>

global options:
    -?, --help
    -q, --quiet
    -v, --verbose

commands:
    collect         gather system logs into a log archive
    config          view/change logging system settings
    diagnose        diagnose an archive for a variety of issues
    erase           delete system logging data
    repack          repack a log archive using a predicate
    show            view/search system logs
    stream          watch live system logs
    stats           show system logging statistics

further help:
    log help <command>
    log help predicates
    log help shorthand
find: : No such file or directory
log: Unknown subcommand 'INFO'
usage:
    log <command>

global options:
    -?, --help
    -q, --quiet
    -v, --verbose

commands:
    collect         gather system logs into a log archive
    config          view/change logging system settings
    diagnose        diagnose an archive for a variety of issues
    erase           delete system logging data
    repack          repack a log archive using a predicate
    show            view/search system logs
    stream          watch live system logs
    stats           show system logging statistics

further help:
    log help <command>
    log help predicates
    log help shorthand
log: Unknown subcommand 'SUCCESS'
usage:
    log <command>

global options:
    -?, --help
    -q, --quiet
    -v, --verbose

commands:
    collect         gather system logs into a log archive
    config          view/change logging system settings
    diagnose        diagnose an archive for a variety of issues
    erase           delete system logging data
    repack          repack a log archive using a predicate
    show            view/search system logs
    stream          watch live system logs
    stats           show system logging statistics

further help:
    log help <command>
    log help predicates
    log help shorthand
log: Unknown subcommand 'INFO'
usage:
    log <command>

global options:
    -?, --help
    -q, --quiet
    -v, --verbose

commands:
    collect         gather system logs into a log archive
    config          view/change logging system settings
    diagnose        diagnose an archive for a variety of issues
    erase           delete system logging data
    repack          repack a log archive using a predicate
    show            view/search system logs
    stream          watch live system logs
    stats           show system logging statistics

further help:
    log help <command>
    log help predicates
    log help shorthand
/Users/clawdia/.openclaw/workspace/scripts/consolidated-email-processor.sh: line 319: policy_guard_check: command not found
log: Unknown subcommand 'INFO'
usage:
    log <command>

global options:
    -?, --help
    -q, --quiet
    -v, --verbose

commands:
    collect         gather system logs into a log archive
    config          view/change logging system settings
    diagnose        diagnose an archive for a variety of issues
    erase           delete system logging data
    repack          repack a log archive using a predicate
    show            view/search system logs
    stream          watch live system logs
    stats           show system logging statistics

further help:
    log help <command>
    log help predicates
    log help shorthand
log: Unknown subcommand 'INFO'
usage:
    log <command>

global options:
    -?, --help
    -q, --quiet
    -v, --verbose

commands:
    collect         gather system logs into a log archive
    config          view/change logging system settings
    diagnose        diagnose an archive for a variety of issues
    erase           delete system logging data
    repack          repack a log archive using a predicate
    show            view/search system logs
    stream          watch live system logs
    stats           show system logging statistics

further help:
    log help <command>
    log help predicates
    log help shorthand
log: Unknown subcommand 'INFO'
usage:
    log <command>

global options:
    -?, --help
    -q, --quiet
    -v, --verbose

commands:
    collect         gather system logs into a log archive
    config          view/change logging system settings
    diagnose        diagnose an archive for a variety of issues
    erase           delete system logging data
    repack          repack a log archive using a predicate
    show            view/search system logs
    stream          watch live system logs
    stats           show system logging statistics

further help:
    log help <command>
    log help predicates
    log help shorthand
/Users/clawdia/.openclaw/workspace/scripts/consolidated-email-processor.sh: line 284: should_create_todo: command not found
log: Unknown subcommand 'SUCCESS'
usage:
    log <command>

global options:
    -?, --help
    -q, --quiet
    -v, --verbose

commands:
    collect         gather system logs into a log archive
    config          view/change logging system settings
    diagnose        diagnose an archive for a variety of issues
    erase           delete system logging data
    repack          repack a log archive using a predicate
    show            view/search system logs
    stream          watch live system logs
    stats           show system logging statistics

further help:
    log help <command>
    log help predicates
    log help shorthand
/Users/clawdia/.openclaw/workspace/scripts/consolidated-email-processor.sh: line 284: should_create_todo: command not found
log: Unknown subcommand 'SUCCESS'
usage:
    log <command>

global options:
    -?, --help
    -q, --quiet
    -v, --verbose

commands:
    collect         gather system logs into a log archive
    config          view/change logging system settings
    diagnose        diagnose an archive for a variety of issues
    erase           delete system logging data
    repack          repack a log archive using a predicate
    show            view/search system logs
    stream          watch live system logs
    stats           show system logging statistics

further help:
    log help <command>
    log help predicates
    log help shorthand
/Users/clawdia/.openclaw/workspace/scripts/consolidated-email-processor.sh: line 284: should_create_todo: command not found
log: Unknown subcommand 'SUCCESS'
usage:
    log <command>

global options:
    -?, --help
    -q, --quiet
    -v, --verbose

commands:
    collect         gather system logs into a log archive
    config          view/change logging system settings
    diagnose        diagnose an archive for a variety of issues
    erase           delete system logging data
    repack          repack a log archive using a predicate
    show            view/search system logs
    stream          watch live system logs
    stats           show system logging statistics

further help:
    log help <command>
    log help predicates
    log help shorthand
/Users/clawdia/.openclaw/workspace/scripts/consolidated-email-processor.sh: line 284: should_create_todo: command not found
log: Unknown subcommand 'SUCCESS'
usage:
    log <command>

global options:
    -?, --help
    -q, --quiet
    -v, --verbose

commands:
    collect         gather system logs into a log archive
    config          view/change logging system settings
    diagnose        diagnose an archive for a variety of issues
    erase           delete system logging data
    repack          repack a log archive using a predicate
    show            view/search system logs
    stream          watch live system logs
    stats           show system logging statistics

further help:
    log help <command>
    log help predicates
    log help shorthand
/Users/clawdia/.openclaw/workspace/scripts/consolidated-email-processor.sh: line 284: should_create_todo: command not found
log: Unknown subcommand 'SUCCESS'
usage:
    log <command>

global options:
    -?, --help
    -q, --quiet
    -v, --verbose

commands:
    collect         gather system logs into a log archive
    config          view/change logging system settings
    diagnose        diagnose an archive for a variety of issues
    erase           delete system logging data
    repack          repack a log archive using a predicate
    show            view/search system logs
    stream          watch live system logs
    stats           show system logging statistics

further help:
    log help <command>
    log help predicates
    log help shorthand
/Users/clawdia/.openclaw/workspace/scripts/consolidated-email-processor.sh: line 284: should_create_todo: command not found
log: Unknown subcommand 'SUCCESS'
usage:
    log <command>

global options:
    -?, --help
    -q, --quiet
    -v, --verbose

commands:
    collect         gather system logs into a log archive
    config          view/change logging system settings
    diagnose        diagnose an archive for a variety of issues
    erase           delete system logging data
    repack          repack a log archive using a predicate
    show            view/search system logs
    stream          watch live system logs
    stats           show system logging statistics

further help:
    log help <command>
    log help predicates
    log help shorthand
/Users/clawdia/.openclaw/workspace/scripts/consolidated-email-processor.sh: line 297: should_create_todo: command not found
log: Unknown subcommand 'ERROR'
usage:
    log <command>

global options:
    -?, --help
    -q, --quiet
    -v, --verbose

commands:
    collect         gather system logs into a log archive
    config          view/change logging system settings
    diagnose        diagnose an archive for a variety of issues
    erase           delete system logging data
    repack          repack a log archive using a predicate
    show            view/search system logs
    stream          watch live system logs
    stats           show system logging statistics

further help:
    log help <command>
    log help predicates
    log help shorthand
/Users/clawdia/.openclaw/workspace/scripts/consolidated-email-processor.sh: line 297: should_create_todo: command not found
log: Unknown subcommand 'ERROR'
usage:
    log <command>

global options:
    -?, --help
    -q, --quiet
    -v, --verbose

commands:
    collect         gather system logs into a log archive
    config          view/change logging system settings
    diagnose        diagnose an archive for a variety of issues
    erase           delete system logging data
    repack          repack a log archive using a predicate
    show            view/search system logs
    stream          watch live system logs
    stats           show system logging statistics

further help:
    log help <command>
    log help predicates
    log help shorthand
/Users/clawdia/.openclaw/workspace/scripts/consolidated-email-processor.sh: line 297: should_create_todo: command not found
log: Unknown subcommand 'ERROR'
usage:
    log <command>

global options:
    -?, --help
    -q, --quiet
    -v, --verbose

commands:
    collect         gather system logs into a log archive
    config          view/change logging system settings
    diagnose        diagnose an archive for a variety of issues
    erase           delete system logging data
    repack          repack a log archive using a predicate
    show            view/search system logs
    stream          watch live system logs
    stats           show system logging statistics

further help:
    log help <command>
    log help predicates
    log help shorthand
/Users/clawdia/.openclaw/workspace/scripts/consolidated-email-processor.sh: line 297: should_create_todo: command not found
log: Unknown subcommand 'ERROR'
usage:
    log <command>

global options:
    -?, --help
    -q, --quiet
    -v, --verbose

commands:
    collect         gather system logs into a log archive
    config          view/change logging system settings
    diagnose        diagnose an archive for a variety of issues
    erase           delete system logging data
    repack          repack a log archive using a predicate
    show            view/search system logs
    stream          watch live system logs
    stats           show system logging statistics

further help:
    log help <command>
    log help predicates
    log help shorthand
/Users/clawdia/.openclaw/workspace/scripts/consolidated-email-processor.sh: line 297: should_create_todo: command not found
log: Unknown subcommand 'ERROR'
usage:
    log <command>

global options:
    -?, --help
    -q, --quiet
    -v, --verbose

commands:
    collect         gather system logs into a log archive
    config          view/change logging system settings
    diagnose        diagnose an archive for a variety of issues
    erase           delete system logging data
    repack          repack a log archive using a predicate
    show            view/search system logs
    stream          watch live system logs
    stats           show system logging statistics

further help:
    log help <command>
    log help predicates
    log help shorthand
log: Unknown subcommand 'INFO'
usage:
    log <command>

global options:
    -?, --help
    -q, --quiet
    -v, --verbose

commands:
    collect         gather system logs into a log archive
    config          view/change logging system settings
    diagnose        diagnose an archive for a variety of issues
    erase           delete system logging data
    repack          repack a log archive using a predicate
    show            view/search system logs
    stream          watch live system logs
    stats           show system logging statistics

further help:
    log help <command>
    log help predicates
    log help shorthand
log: Unknown subcommand 'ERROR'
usage:
    log <command>

global options:
    -?, --help
    -q, --quiet
    -v, --verbose

commands:
    collect         gather system logs into a log archive
    config          view/change logging system settings
    diagnose        diagnose an archive for a variety of issues
    erase           delete system logging data
    repack          repack a log archive using a predicate
    show            view/search system logs
    stream          watch live system logs
    stats           show system logging statistics

further help:
    log help <command>
    log help predicates
    log help shorthand
log: Unknown subcommand 'ERROR'
usage:
    log <command>

global options:
    -?, --help
    -q, --quiet
    -v, --verbose

commands:
    collect         gather system logs into a log archive
    config          view/change logging system settings
    diagnose        diagnose an archive for a variety of issues
    erase           delete system logging data
    repack          repack a log archive using a predicate
    show            view/search system logs
    stream          watch live system logs
    stats           show system logging statistics

further help:
    log help <command>
    log help predicates
    log help shorthand
/Users/clawdia/.openclaw/workspace/scripts/consolidated-email-processor.sh: line 329: check_quiet_hours: command not found
log: Unknown subcommand 'INFO'
usage:
    log <command>

global options:
    -?, --help
    -q, --quiet
    -v, --verbose

commands:
    collect         gather system logs into a log archive
    config          view/change logging system settings
    diagnose        diagnose an archive for a variety of issues
    erase           delete system logging data
    repack          repack a log archive using a predicate
    show            view/search system logs
    stream          watch live system logs
    stats           show system logging statistics

further help:
    log help <command>
    log help predicates
    log help shorthand
log: Unknown subcommand 'SUCCESS'
usage:
    log <command>

global options:
    -?, --help
    -q, --quiet
    -v, --verbose

commands:
    collect         gather system logs into a log archive
    config          view/change logging system settings
    diagnose        diagnose an archive for a variety of issues
    erase           delete system logging data
    repack          repack a log archive using a predicate
    show            view/search system logs
    stream          watch live system logs
    stats           show system logging statistics

further help:
    log help <command>
    log help predicates
    log help shorthand
/Users/clawdia/.openclaw/workspace/scripts/consolidated-email-processor.sh: line 343: cleanup_thread_tracking: command not found
log: Unknown subcommand 'INFO'
usage:
    log <command>

global options:
    -?, --help
    -q, --quiet
    -v, --verbose

commands:
    collect         gather system logs into a log archive
    config          view/change logging system settings
    diagnose        diagnose an archive for a variety of issues
    erase           delete system logging data
    repack          repack a log archive using a predicate
    show            view/search system logs
    stream          watch live system logs
    stats           show system logging statistics

further help:
    log help <command>
    log help predicates
    log help shorthand
log: Unknown subcommand 'INFO'
usage:
    log <command>

global options:
    -?, --help
    -q, --quiet
    -v, --verbose

commands:
    collect         gather system logs into a log archive
    config          view/change logging system settings
    diagnose        diagnose an archive for a variety of issues
    erase           delete system logging data
    repack          repack a log archive using a predicate
    show            view/search system logs
    stream          watch live system logs
    stats           show system logging statistics

further help:
    log help <command>
    log help predicates
    log help shorthand
log: Unknown subcommand 'ERROR'
usage:
    log <command>

global options:
    -?, --help
    -q, --quiet
    -v, --verbose

commands:
    collect         gather system logs into a log archive
    config          view/change logging system settings
    diagnose        diagnose an archive for a variety of issues
    erase           delete system logging data
    repack          repack a log archive using a predicate
    show            view/search system logs
    stream          watch live system logs
    stats           show system logging statistics

further help:
    log help <command>
    log help predicates
    log help shorthand
log: Unknown subcommand 'INFO'
usage:
    log <command>

global options:
    -?, --help
    -q, --quiet
    -v, --verbose

commands:
    collect         gather system logs into a log archive
    config          view/change logging system settings
    diagnose        diagnose an archive for a variety of issues
    erase           delete system logging data
    repack          repack a log archive using a predicate
    show            view/search system logs
    stream          watch live system logs
    stats           show system logging statistics

further help:
    log help <command>
    log help predicates
    log help shorthand
log: Unknown subcommand 'INFO'
usage:
    log <command>

global options:
    -?, --help
    -q, --quiet
    -v, --verbose

commands:
    collect         gather system logs into a log archive
    config          view/change logging system settings
    diagnose        diagnose an archive for a variety of issues
    erase           delete system logging data
    repack          repack a log archive using a predicate
    show            view/search system logs
    stream          watch live system logs
    stats           show system logging statistics

further help:
    log help <command>
    log help predicates
    log help shorthand
/Users/clawdia/.openclaw/workspace/scripts/consolidated-email-processor.sh: line 229: : No such file or directory
/Users/clawdia/.openclaw/workspace/scripts/consolidated-email-processor.sh: line 230: : No such file or directory
/Users/clawdia/.openclaw/workspace/scripts/consolidated-email-processor.sh: line 232: /summary-20260315-1300.txt: Read-only file system
log: Unknown subcommand 'INFO'
usage:
    log <command>

global options:
    -?, --help
    -q, --quiet
    -v, --verbose

commands:
    collect         gather system logs into a log archive
    config          view/change logging system settings
    diagnose        diagnose an archive for a variety of issues
    erase           delete system logging data
    repack          repack a log archive using a predicate
    show            view/search system logs
    stream          watch live system logs
    stats           show system logging statistics

further help:
    log help <command>
    log help predicates
    log help shorthand
find: : No such file or directory
log: Unknown subcommand 'INFO'
usage:
    log <command>

global options:
    -?, --help
    -q, --quiet
    -v, --verbose

commands:
    collect         gather system logs into a log archive
    config          view/change logging system settings
    diagnose        diagnose an archive for a variety of issues
    erase           delete system logging data
    repack          repack a log archive using a predicate
    show            view/search system logs
    stream          watch live system logs
    stats           show system logging statistics

further help:
    log help <command>
    log help predicates
    log help shorthand
log: Unknown subcommand 'SUCCESS'
usage:
    log <command>

global options:
    -?, --help
    -q, --quiet
    -v, --verbose

commands:
    collect         gather system logs into a log archive
    config          view/change logging system settings
    diagnose        diagnose an archive for a variety of issues
    erase           delete system logging data
    repack          repack a log archive using a predicate
    show            view/search system logs
    stream          watch live system logs
    stats           show system logging statistics

further help:
    log help <command>
    log help predicates
    log help shorthand
log: Unknown subcommand 'INFO'
usage:
    log <command>

global options:
    -?, --help
    -q, --quiet
    -v, --verbose

commands:
    collect         gather system logs into a log archive
    config          view/change logging system settings
    diagnose        diagnose an archive for a variety of issues
    erase           delete system logging data
    repack          repack a log archive using a predicate
    show            view/search system logs
    stream          watch live system logs
    stats           show system logging statistics

further help:
    log help <command>
    log help predicates
    log help shorthand
/Users/clawdia/.openclaw/workspace/scripts/consolidated-email-processor.sh: line 319: policy_guard_check: command not found
log: Unknown subcommand 'INFO'
usage:
    log <command>

global options:
    -?, --help
    -q, --quiet
    -v, --verbose

commands:
    collect         gather system logs into a log archive
    config          view/change logging system settings
    diagnose        diagnose an archive for a variety of issues
    erase           delete system logging data
    repack          repack a log archive using a predicate
    show            view/search system logs
    stream          watch live system logs
    stats           show system logging statistics

further help:
    log help <command>
    log help predicates
    log help shorthand
log: Unknown subcommand 'INFO'
usage:
    log <command>

global options:
    -?, --help
    -q, --quiet
    -v, --verbose

commands:
    collect         gather system logs into a log archive
    config          view/change logging system settings
    diagnose        diagnose an archive for a variety of issues
    erase           delete system logging data
    repack          repack a log archive using a predicate
    show            view/search system logs
    stream          watch live system logs
    stats           show system logging statistics

further help:
    log help <command>
    log help predicates
    log help shorthand
log: Unknown subcommand 'INFO'
usage:
    log <command>

global options:
    -?, --help
    -q, --quiet
    -v, --verbose

commands:
    collect         gather system logs into a log archive
    config          view/change logging system settings
    diagnose        diagnose an archive for a variety of issues
    erase           delete system logging data
    repack          repack a log archive using a predicate
    show            view/search system logs
    stream          watch live system logs
    stats           show system logging statistics

further help:
    log help <command>
    log help predicates
    log help shorthand
/Users/clawdia/.openclaw/workspace/scripts/consolidated-email-processor.sh: line 284: should_create_todo: command not found
log: Unknown subcommand 'SUCCESS'
usage:
    log <command>

global options:
    -?, --help
    -q, --quiet
    -v, --verbose

commands:
    collect         gather system logs into a log archive
    config          view/change logging system settings
    diagnose        diagnose an archive for a variety of issues
    erase           delete system logging data
    repack          repack a log archive using a predicate
    show            view/search system logs
    stream          watch live system logs
    stats           show system logging statistics

further help:
    log help <command>
    log help predicates
    log help shorthand
/Users/clawdia/.openclaw/workspace/scripts/consolidated-email-processor.sh: line 284: should_create_todo: command not found
log: Unknown subcommand 'SUCCESS'
usage:
    log <command>

global options:
    -?, --help
    -q, --quiet
    -v, --verbose

commands:
    collect         gather system logs into a log archive
    config          view/change logging system settings
    diagnose        diagnose an archive for a variety of issues
    erase           delete system logging data
    repack          repack a log archive using a predicate
    show            view/search system logs
    stream          watch live system logs
    stats           show system logging statistics

further help:
    log help <command>
    log help predicates
    log help shorthand
/Users/clawdia/.openclaw/workspace/scripts/consolidated-email-processor.sh: line 284: should_create_todo: command not found
log: Unknown subcommand 'SUCCESS'
usage:
    log <command>

global options:
    -?, --help
    -q, --quiet
    -v, --verbose

commands:
    collect         gather system logs into a log archive
    config          view/change logging system settings
    diagnose        diagnose an archive for a variety of issues
    erase           delete system logging data
    repack          repack a log archive using a predicate
    show            view/search system logs
    stream          watch live system logs
    stats           show system logging statistics

further help:
    log help <command>
    log help predicates
    log help shorthand
/Users/clawdia/.openclaw/workspace/scripts/consolidated-email-processor.sh: line 284: should_create_todo: command not found
log: Unknown subcommand 'SUCCESS'
usage:
    log <command>

global options:
    -?, --help
    -q, --quiet
    -v, --verbose

commands:
    collect         gather system logs into a log archive
    config          view/change logging system settings
    diagnose        diagnose an archive for a variety of issues
    erase           delete system logging data
    repack          repack a log archive using a predicate
    show            view/search system logs
    stream          watch live system logs
    stats           show system logging statistics

further help:
    log help <command>
    log help predicates
    log help shorthand
/Users/clawdia/.openclaw/workspace/scripts/consolidated-email-processor.sh: line 284: should_create_todo: command not found
log: Unknown subcommand 'SUCCESS'
usage:
    log <command>

global options:
    -?, --help
    -q, --quiet
    -v, --verbose

commands:
    collect         gather system logs into a log archive
    config          view/change logging system settings
    diagnose        diagnose an archive for a variety of issues
    erase           delete system logging data
    repack          repack a log archive using a predicate
    show            view/search system logs
    stream          watch live system logs
    stats           show system logging statistics

further help:
    log help <command>
    log help predicates
    log help shorthand
/Users/clawdia/.openclaw/workspace/scripts/consolidated-email-processor.sh: line 284: should_create_todo: command not found
log: Unknown subcommand 'SUCCESS'
usage:
    log <command>

global options:
    -?, --help
    -q, --quiet
    -v, --verbose

commands:
    collect         gather system logs into a log archive
    config          view/change logging system settings
    diagnose        diagnose an archive for a variety of issues
    erase           delete system logging data
    repack          repack a log archive using a predicate
    show            view/search system logs
    stream          watch live system logs
    stats           show system logging statistics

further help:
    log help <command>
    log help predicates
    log help shorthand
/Users/clawdia/.openclaw/workspace/scripts/consolidated-email-processor.sh: line 297: should_create_todo: command not found
log: Unknown subcommand 'ERROR'
usage:
    log <command>

global options:
    -?, --help
    -q, --quiet
    -v, --verbose

commands:
    collect         gather system logs into a log archive
    config          view/change logging system settings
    diagnose        diagnose an archive for a variety of issues
    erase           delete system logging data
    repack          repack a log archive using a predicate
    show            view/search system logs
    stream          watch live system logs
    stats           show system logging statistics

further help:
    log help <command>
    log help predicates
    log help shorthand
/Users/clawdia/.openclaw/workspace/scripts/consolidated-email-processor.sh: line 297: should_create_todo: command not found
log: Unknown subcommand 'ERROR'
usage:
    log <command>

global options:
    -?, --help
    -q, --quiet
    -v, --verbose

commands:
    collect         gather system logs into a log archive
    config          view/change logging system settings
    diagnose        diagnose an archive for a variety of issues
    erase           delete system logging data
    repack          repack a log archive using a predicate
    show            view/search system logs
    stream          watch live system logs
    stats           show system logging statistics

further help:
    log help <command>
    log help predicates
    log help shorthand
/Users/clawdia/.openclaw/workspace/scripts/consolidated-email-processor.sh: line 297: should_create_todo: command not found
log: Unknown subcommand 'ERROR'
usage:
    log <command>

global options:
    -?, --help
    -q, --quiet
    -v, --verbose

commands:
    collect         gather system logs into a log archive
    config          view/change logging system settings
    diagnose        diagnose an archive for a variety of issues
    erase           delete system logging data
    repack          repack a log archive using a predicate
    show            view/search system logs
    stream          watch live system logs
    stats           show system logging statistics

further help:
    log help <command>
    log help predicates
    log help shorthand
/Users/clawdia/.openclaw/workspace/scripts/consolidated-email-processor.sh: line 297: should_create_todo: command not found
log: Unknown subcommand 'ERROR'
usage:
    log <command>

global options:
    -?, --help
    -q, --quiet
    -v, --verbose

commands:
    collect         gather system logs into a log archive
    config          view/change logging system settings
    diagnose        diagnose an archive for a variety of issues
    erase           delete system logging data
    repack          repack a log archive using a predicate
    show            view/search system logs
    stream          watch live system logs
    stats           show system logging statistics

further help:
    log help <command>
    log help predicates
    log help shorthand
/Users/clawdia/.openclaw/workspace/scripts/consolidated-email-processor.sh: line 297: should_create_todo: command not found
log: Unknown subcommand 'ERROR'
usage:
    log <command>

global options:
    -?, --help
    -q, --quiet
    -v, --verbose

commands:
    collect         gather system logs into a log archive
    config          view/change logging system settings
    diagnose        diagnose an archive for a variety of issues
    erase           delete system logging data
    repack          repack a log archive using a predicate
    show            view/search system logs
    stream          watch live system logs
    stats           show system logging statistics

further help:
    log help <command>
    log help predicates
    log help shorthand
log: Unknown subcommand 'INFO'
usage:
    log <command>

global options:
    -?, --help
    -q, --quiet
    -v, --verbose

commands:
    collect         gather system logs into a log archive
    config          view/change logging system settings
    diagnose        diagnose an archive for a variety of issues
    erase           delete system logging data
    repack          repack a log archive using a predicate
    show            view/search system logs
    stream          watch live system logs
    stats           show system logging statistics

further help:
    log help <command>
    log help predicates
    log help shorthand
log: Unknown subcommand 'ERROR'
usage:
    log <command>

global options:
    -?, --help
    -q, --quiet
    -v, --verbose

commands:
    collect         gather system logs into a log archive
    config          view/change logging system settings
    diagnose        diagnose an archive for a variety of issues
    erase           delete system logging data
    repack          repack a log archive using a predicate
    show            view/search system logs
    stream          watch live system logs
    stats           show system logging statistics

further help:
    log help <command>
    log help predicates
    log help shorthand
log: Unknown subcommand 'ERROR'
usage:
    log <command>

global options:
    -?, --help
    -q, --quiet
    -v, --verbose

commands:
    collect         gather system logs into a log archive
    config          view/change logging system settings
    diagnose        diagnose an archive for a variety of issues
    erase           delete system logging data
    repack          repack a log archive using a predicate
    show            view/search system logs
    stream          watch live system logs
    stats           show system logging statistics

further help:
    log help <command>
    log help predicates
    log help shorthand
/Users/clawdia/.openclaw/workspace/scripts/consolidated-email-processor.sh: line 329: check_quiet_hours: command not found
log: Unknown subcommand 'INFO'
usage:
    log <command>

global options:
    -?, --help
    -q, --quiet
    -v, --verbose

commands:
    collect         gather system logs into a log archive
    config          view/change logging system settings
    diagnose        diagnose an archive for a variety of issues
    erase           delete system logging data
    repack          repack a log archive using a predicate
    show            view/search system logs
    stream          watch live system logs
    stats           show system logging statistics

further help:
    log help <command>
    log help predicates
    log help shorthand
log: Unknown subcommand 'SUCCESS'
usage:
    log <command>

global options:
    -?, --help
    -q, --quiet
    -v, --verbose

commands:
    collect         gather system logs into a log archive
    config          view/change logging system settings
    diagnose        diagnose an archive for a variety of issues
    erase           delete system logging data
    repack          repack a log archive using a predicate
    show            view/search system logs
    stream          watch live system logs
    stats           show system logging statistics

further help:
    log help <command>
    log help predicates
    log help shorthand
/Users/clawdia/.openclaw/workspace/scripts/consolidated-email-processor.sh: line 343: cleanup_thread_tracking: command not found
log: Unknown subcommand 'INFO'
usage:
    log <command>

global options:
    -?, --help
    -q, --quiet
    -v, --verbose

commands:
    collect         gather system logs into a log archive
    config          view/change logging system settings
    diagnose        diagnose an archive for a variety of issues
    erase           delete system logging data
    repack          repack a log archive using a predicate
    show            view/search system logs
    stream          watch live system logs
    stats           show system logging statistics

further help:
    log help <command>
    log help predicates
    log help shorthand
log: Unknown subcommand 'INFO'
usage:
    log <command>

global options:
    -?, --help
    -q, --quiet
    -v, --verbose

commands:
    collect         gather system logs into a log archive
    config          view/change logging system settings
    diagnose        diagnose an archive for a variety of issues
    erase           delete system logging data
    repack          repack a log archive using a predicate
    show            view/search system logs
    stream          watch live system logs
    stats           show system logging statistics

further help:
    log help <command>
    log help predicates
    log help shorthand
log: Unknown subcommand 'ERROR'
usage:
    log <command>

global options:
    -?, --help
    -q, --quiet
    -v, --verbose

commands:
    collect         gather system logs into a log archive
    config          view/change logging system settings
    diagnose        diagnose an archive for a variety of issues
    erase           delete system logging data
    repack          repack a log archive using a predicate
    show            view/search system logs
    stream          watch live system logs
    stats           show system logging statistics

further help:
    log help <command>
    log help predicates
    log help shorthand
log: Unknown subcommand 'INFO'
usage:
    log <command>

global options:
    -?, --help
    -q, --quiet
    -v, --verbose

commands:
    collect         gather system logs into a log archive
    config          view/change logging system settings
    diagnose        diagnose an archive for a variety of issues
    erase           delete system logging data
    repack          repack a log archive using a predicate
    show            view/search system logs
    stream          watch live system logs
    stats           show system logging statistics

further help:
    log help <command>
    log help predicates
    log help shorthand
log: Unknown subcommand 'INFO'
usage:
    log <command>

global options:
    -?, --help
    -q, --quiet
    -v, --verbose

commands:
    collect         gather system logs into a log archive
    config          view/change logging system settings
    diagnose        diagnose an archive for a variety of issues
    erase           delete system logging data
    repack          repack a log archive using a predicate
    show            view/search system logs
    stream          watch live system logs
    stats           show system logging statistics

further help:
    log help <command>
    log help predicates
    log help shorthand
/Users/clawdia/.openclaw/workspace/scripts/consolidated-email-processor.sh: line 229: : No such file or directory
/Users/clawdia/.openclaw/workspace/scripts/consolidated-email-processor.sh: line 230: : No such file or directory
/Users/clawdia/.openclaw/workspace/scripts/consolidated-email-processor.sh: line 232: /summary-20260315-1400.txt: Read-only file system
log: Unknown subcommand 'INFO'
usage:
    log <command>

global options:
    -?, --help
    -q, --quiet
    -v, --verbose

commands:
    collect         gather system logs into a log archive
    config          view/change logging system settings
    diagnose        diagnose an archive for a variety of issues
    erase           delete system logging data
    repack          repack a log archive using a predicate
    show            view/search system logs
    stream          watch live system logs
    stats           show system logging statistics

further help:
    log help <command>
    log help predicates
    log help shorthand
find: : No such file or directory
log: Unknown subcommand 'INFO'
usage:
    log <command>

global options:
    -?, --help
    -q, --quiet
    -v, --verbose

commands:
    collect         gather system logs into a log archive
    config          view/change logging system settings
    diagnose        diagnose an archive for a variety of issues
    erase           delete system logging data
    repack          repack a log archive using a predicate
    show            view/search system logs
    stream          watch live system logs
    stats           show system logging statistics

further help:
    log help <command>
    log help predicates
    log help shorthand
log: Unknown subcommand 'SUCCESS'
usage:
    log <command>

global options:
    -?, --help
    -q, --quiet
    -v, --verbose

commands:
    collect         gather system logs into a log archive
    config          view/change logging system settings
    diagnose        diagnose an archive for a variety of issues
    erase           delete system logging data
    repack          repack a log archive using a predicate
    show            view/search system logs
    stream          watch live system logs
    stats           show system logging statistics

further help:
    log help <command>
    log help predicates
    log help shorthand
log: Unknown subcommand 'INFO'
usage:
    log <command>

global options:
    -?, --help
    -q, --quiet
    -v, --verbose

commands:
    collect         gather system logs into a log archive
    config          view/change logging system settings
    diagnose        diagnose an archive for a variety of issues
    erase           delete system logging data
    repack          repack a log archive using a predicate
    show            view/search system logs
    stream          watch live system logs
    stats           show system logging statistics

further help:
    log help <command>
    log help predicates
    log help shorthand
/Users/clawdia/.openclaw/workspace/scripts/consolidated-email-processor.sh: line 319: policy_guard_check: command not found
log: Unknown subcommand 'INFO'
usage:
    log <command>

global options:
    -?, --help
    -q, --quiet
    -v, --verbose

commands:
    collect         gather system logs into a log archive
    config          view/change logging system settings
    diagnose        diagnose an archive for a variety of issues
    erase           delete system logging data
    repack          repack a log archive using a predicate
    show            view/search system logs
    stream          watch live system logs
    stats           show system logging statistics

further help:
    log help <command>
    log help predicates
    log help shorthand
log: Unknown subcommand 'INFO'
usage:
    log <command>

global options:
    -?, --help
    -q, --quiet
    -v, --verbose

commands:
    collect         gather system logs into a log archive
    config          view/change logging system settings
    diagnose        diagnose an archive for a variety of issues
    erase           delete system logging data
    repack          repack a log archive using a predicate
    show            view/search system logs
    stream          watch live system logs
    stats           show system logging statistics

further help:
    log help <command>
    log help predicates
    log help shorthand
log: Unknown subcommand 'INFO'
usage:
    log <command>

global options:
    -?, --help
    -q, --quiet
    -v, --verbose

commands:
    collect         gather system logs into a log archive
    config          view/change logging system settings
    diagnose        diagnose an archive for a variety of issues
    erase           delete system logging data
    repack          repack a log archive using a predicate
    show            view/search system logs
    stream          watch live system logs
    stats           show system logging statistics

further help:
    log help <command>
    log help predicates
    log help shorthand
/Users/clawdia/.openclaw/workspace/scripts/consolidated-email-processor.sh: line 284: should_create_todo: command not found
log: Unknown subcommand 'SUCCESS'
usage:
    log <command>

global options:
    -?, --help
    -q, --quiet
    -v, --verbose

commands:
    collect         gather system logs into a log archive
    config          view/change logging system settings
    diagnose        diagnose an archive for a variety of issues
    erase           delete system logging data
    repack          repack a log archive using a predicate
    show            view/search system logs
    stream          watch live system logs
    stats           show system logging statistics

further help:
    log help <command>
    log help predicates
    log help shorthand
/Users/clawdia/.openclaw/workspace/scripts/consolidated-email-processor.sh: line 284: should_create_todo: command not found
log: Unknown subcommand 'SUCCESS'
usage:
    log <command>

global options:
    -?, --help
    -q, --quiet
    -v, --verbose

commands:
    collect         gather system logs into a log archive
    config          view/change logging system settings
    diagnose        diagnose an archive for a variety of issues
    erase           delete system logging data
    repack          repack a log archive using a predicate
    show            view/search system logs
    stream          watch live system logs
    stats           show system logging statistics

further help:
    log help <command>
    log help predicates
    log help shorthand
/Users/clawdia/.openclaw/workspace/scripts/consolidated-email-processor.sh: line 284: should_create_todo: command not found
log: Unknown subcommand 'SUCCESS'
usage:
    log <command>

global options:
    -?, --help
    -q, --quiet
    -v, --verbose

commands:
    collect         gather system logs into a log archive
    config          view/change logging system settings
    diagnose        diagnose an archive for a variety of issues
    erase           delete system logging data
    repack          repack a log archive using a predicate
    show            view/search system logs
    stream          watch live system logs
    stats           show system logging statistics

further help:
    log help <command>
    log help predicates
    log help shorthand
/Users/clawdia/.openclaw/workspace/scripts/consolidated-email-processor.sh: line 284: should_create_todo: command not found
log: Unknown subcommand 'SUCCESS'
usage:
    log <command>

global options:
    -?, --help
    -q, --quiet
    -v, --verbose

commands:
    collect         gather system logs into a log archive
    config          view/change logging system settings
    diagnose        diagnose an archive for a variety of issues
    erase           delete system logging data
    repack          repack a log archive using a predicate
    show            view/search system logs
    stream          watch live system logs
    stats           show system logging statistics

further help:
    log help <command>
    log help predicates
    log help shorthand
/Users/clawdia/.openclaw/workspace/scripts/consolidated-email-processor.sh: line 284: should_create_todo: command not found
log: Unknown subcommand 'SUCCESS'
usage:
    log <command>

global options:
    -?, --help
    -q, --quiet
    -v, --verbose

commands:
    collect         gather system logs into a log archive
    config          view/change logging system settings
    diagnose        diagnose an archive for a variety of issues
    erase           delete system logging data
    repack          repack a log archive using a predicate
    show            view/search system logs
    stream          watch live system logs
    stats           show system logging statistics

further help:
    log help <command>
    log help predicates
    log help shorthand
/Users/clawdia/.openclaw/workspace/scripts/consolidated-email-processor.sh: line 284: should_create_todo: command not found
log: Unknown subcommand 'SUCCESS'
usage:
    log <command>

global options:
    -?, --help
    -q, --quiet
    -v, --verbose

commands:
    collect         gather system logs into a log archive
    config          view/change logging system settings
    diagnose        diagnose an archive for a variety of issues
    erase           delete system logging data
    repack          repack a log archive using a predicate
    show            view/search system logs
    stream          watch live system logs
    stats           show system logging statistics

further help:
    log help <command>
    log help predicates
    log help shorthand
/Users/clawdia/.openclaw/workspace/scripts/consolidated-email-processor.sh: line 297: should_create_todo: command not found
log: Unknown subcommand 'ERROR'
usage:
    log <command>

global options:
    -?, --help
    -q, --quiet
    -v, --verbose

commands:
    collect         gather system logs into a log archive
    config          view/change logging system settings
    diagnose        diagnose an archive for a variety of issues
    erase           delete system logging data
    repack          repack a log archive using a predicate
    show            view/search system logs
    stream          watch live system logs
    stats           show system logging statistics

further help:
    log help <command>
    log help predicates
    log help shorthand
/Users/clawdia/.openclaw/workspace/scripts/consolidated-email-processor.sh: line 297: should_create_todo: command not found
log: Unknown subcommand 'ERROR'
usage:
    log <command>

global options:
    -?, --help
    -q, --quiet
    -v, --verbose

commands:
    collect         gather system logs into a log archive
    config          view/change logging system settings
    diagnose        diagnose an archive for a variety of issues
    erase           delete system logging data
    repack          repack a log archive using a predicate
    show            view/search system logs
    stream          watch live system logs
    stats           show system logging statistics

further help:
    log help <command>
    log help predicates
    log help shorthand
/Users/clawdia/.openclaw/workspace/scripts/consolidated-email-processor.sh: line 297: should_create_todo: command not found
log: Unknown subcommand 'ERROR'
usage:
    log <command>

global options:
    -?, --help
    -q, --quiet
    -v, --verbose

commands:
    collect         gather system logs into a log archive
    config          view/change logging system settings
    diagnose        diagnose an archive for a variety of issues
    erase           delete system logging data
    repack          repack a log archive using a predicate
    show            view/search system logs
    stream          watch live system logs
    stats           show system logging statistics

further help:
    log help <command>
    log help predicates
    log help shorthand
/Users/clawdia/.openclaw/workspace/scripts/consolidated-email-processor.sh: line 297: should_create_todo: command not found
log: Unknown subcommand 'ERROR'
usage:
    log <command>

global options:
    -?, --help
    -q, --quiet
    -v, --verbose

commands:
    collect         gather system logs into a log archive
    config          view/change logging system settings
    diagnose        diagnose an archive for a variety of issues
    erase           delete system logging data
    repack          repack a log archive using a predicate
    show            view/search system logs
    stream          watch live system logs
    stats           show system logging statistics

further help:
    log help <command>
    log help predicates
    log help shorthand
/Users/clawdia/.openclaw/workspace/scripts/consolidated-email-processor.sh: line 297: should_create_todo: command not found
log: Unknown subcommand 'ERROR'
usage:
    log <command>

global options:
    -?, --help
    -q, --quiet
    -v, --verbose

commands:
    collect         gather system logs into a log archive
    config          view/change logging system settings
    diagnose        diagnose an archive for a variety of issues
    erase           delete system logging data
    repack          repack a log archive using a predicate
    show            view/search system logs
    stream          watch live system logs
    stats           show system logging statistics

further help:
    log help <command>
    log help predicates
    log help shorthand
log: Unknown subcommand 'INFO'
usage:
    log <command>

global options:
    -?, --help
    -q, --quiet
    -v, --verbose

commands:
    collect         gather system logs into a log archive
    config          view/change logging system settings
    diagnose        diagnose an archive for a variety of issues
    erase           delete system logging data
    repack          repack a log archive using a predicate
    show            view/search system logs
    stream          watch live system logs
    stats           show system logging statistics

further help:
    log help <command>
    log help predicates
    log help shorthand
log: Unknown subcommand 'ERROR'
usage:
    log <command>

global options:
    -?, --help
    -q, --quiet
    -v, --verbose

commands:
    collect         gather system logs into a log archive
    config          view/change logging system settings
    diagnose        diagnose an archive for a variety of issues
    erase           delete system logging data
    repack          repack a log archive using a predicate
    show            view/search system logs
    stream          watch live system logs
    stats           show system logging statistics

further help:
    log help <command>
    log help predicates
    log help shorthand
log: Unknown subcommand 'ERROR'
usage:
    log <command>

global options:
    -?, --help
    -q, --quiet
    -v, --verbose

commands:
    collect         gather system logs into a log archive
    config          view/change logging system settings
    diagnose        diagnose an archive for a variety of issues
    erase           delete system logging data
    repack          repack a log archive using a predicate
    show            view/search system logs
    stream          watch live system logs
    stats           show system logging statistics

further help:
    log help <command>
    log help predicates
    log help shorthand
/Users/clawdia/.openclaw/workspace/scripts/consolidated-email-processor.sh: line 329: check_quiet_hours: command not found
log: Unknown subcommand 'INFO'
usage:
    log <command>

global options:
    -?, --help
    -q, --quiet
    -v, --verbose

commands:
    collect         gather system logs into a log archive
    config          view/change logging system settings
    diagnose        diagnose an archive for a variety of issues
    erase           delete system logging data
    repack          repack a log archive using a predicate
    show            view/search system logs
    stream          watch live system logs
    stats           show system logging statistics

further help:
    log help <command>
    log help predicates
    log help shorthand
log: Unknown subcommand 'SUCCESS'
usage:
    log <command>

global options:
    -?, --help
    -q, --quiet
    -v, --verbose

commands:
    collect         gather system logs into a log archive
    config          view/change logging system settings
    diagnose        diagnose an archive for a variety of issues
    erase           delete system logging data
    repack          repack a log archive using a predicate
    show            view/search system logs
    stream          watch live system logs
    stats           show system logging statistics

further help:
    log help <command>
    log help predicates
    log help shorthand
/Users/clawdia/.openclaw/workspace/scripts/consolidated-email-processor.sh: line 343: cleanup_thread_tracking: command not found
log: Unknown subcommand 'INFO'
usage:
    log <command>

global options:
    -?, --help
    -q, --quiet
    -v, --verbose

commands:
    collect         gather system logs into a log archive
    config          view/change logging system settings
    diagnose        diagnose an archive for a variety of issues
    erase           delete system logging data
    repack          repack a log archive using a predicate
    show            view/search system logs
    stream          watch live system logs
    stats           show system logging statistics

further help:
    log help <command>
    log help predicates
    log help shorthand
log: Unknown subcommand 'INFO'
usage:
    log <command>

global options:
    -?, --help
    -q, --quiet
    -v, --verbose

commands:
    collect         gather system logs into a log archive
    config          view/change logging system settings
    diagnose        diagnose an archive for a variety of issues
    erase           delete system logging data
    repack          repack a log archive using a predicate
    show            view/search system logs
    stream          watch live system logs
    stats           show system logging statistics

further help:
    log help <command>
    log help predicates
    log help shorthand
log: Unknown subcommand 'ERROR'
usage:
    log <command>

global options:
    -?, --help
    -q, --quiet
    -v, --verbose

commands:
    collect         gather system logs into a log archive
    config          view/change logging system settings
    diagnose        diagnose an archive for a variety of issues
    erase           delete system logging data
    repack          repack a log archive using a predicate
    show            view/search system logs
    stream          watch live system logs
    stats           show system logging statistics

further help:
    log help <command>
    log help predicates
    log help shorthand
log: Unknown subcommand 'INFO'
usage:
    log <command>

global options:
    -?, --help
    -q, --quiet
    -v, --verbose

commands:
    collect         gather system logs into a log archive
    config          view/change logging system settings
    diagnose        diagnose an archive for a variety of issues
    erase           delete system logging data
    repack          repack a log archive using a predicate
    show            view/search system logs
    stream          watch live system logs
    stats           show system logging statistics

further help:
    log help <command>
    log help predicates
    log help shorthand
log: Unknown subcommand 'INFO'
usage:
    log <command>

global options:
    -?, --help
    -q, --quiet
    -v, --verbose

commands:
    collect         gather system logs into a log archive
    config          view/change logging system settings
    diagnose        diagnose an archive for a variety of issues
    erase           delete system logging data
    repack          repack a log archive using a predicate
    show            view/search system logs
    stream          watch live system logs
    stats           show system logging statistics

further help:
    log help <command>
    log help predicates
    log help shorthand
/Users/clawdia/.openclaw/workspace/scripts/consolidated-email-processor.sh: line 229: : No such file or directory
/Users/clawdia/.openclaw/workspace/scripts/consolidated-email-processor.sh: line 230: : No such file or directory
/Users/clawdia/.openclaw/workspace/scripts/consolidated-email-processor.sh: line 232: /summary-20260315-1500.txt: Read-only file system
log: Unknown subcommand 'INFO'
usage:
    log <command>

global options:
    -?, --help
    -q, --quiet
    -v, --verbose

commands:
    collect         gather system logs into a log archive
    config          view/change logging system settings
    diagnose        diagnose an archive for a variety of issues
    erase           delete system logging data
    repack          repack a log archive using a predicate
    show            view/search system logs
    stream          watch live system logs
    stats           show system logging statistics

further help:
    log help <command>
    log help predicates
    log help shorthand
find: : No such file or directory
log: Unknown subcommand 'INFO'
usage:
    log <command>

global options:
    -?, --help
    -q, --quiet
    -v, --verbose

commands:
    collect         gather system logs into a log archive
    config          view/change logging system settings
    diagnose        diagnose an archive for a variety of issues
    erase           delete system logging data
    repack          repack a log archive using a predicate
    show            view/search system logs
    stream          watch live system logs
    stats           show system logging statistics

further help:
    log help <command>
    log help predicates
    log help shorthand
log: Unknown subcommand 'SUCCESS'
usage:
    log <command>

global options:
    -?, --help
    -q, --quiet
    -v, --verbose

commands:
    collect         gather system logs into a log archive
    config          view/change logging system settings
    diagnose        diagnose an archive for a variety of issues
    erase           delete system logging data
    repack          repack a log archive using a predicate
    show            view/search system logs
    stream          watch live system logs
    stats           show system logging statistics

further help:
    log help <command>
    log help predicates
    log help shorthand
log: Unknown subcommand 'INFO'
usage:
    log <command>

global options:
    -?, --help
    -q, --quiet
    -v, --verbose

commands:
    collect         gather system logs into a log archive
    config          view/change logging system settings
    diagnose        diagnose an archive for a variety of issues
    erase           delete system logging data
    repack          repack a log archive using a predicate
    show            view/search system logs
    stream          watch live system logs
    stats           show system logging statistics

further help:
    log help <command>
    log help predicates
    log help shorthand
/Users/clawdia/.openclaw/workspace/scripts/consolidated-email-processor.sh: line 319: policy_guard_check: command not found
log: Unknown subcommand 'INFO'
usage:
    log <command>

global options:
    -?, --help
    -q, --quiet
    -v, --verbose

commands:
    collect         gather system logs into a log archive
    config          view/change logging system settings
    diagnose        diagnose an archive for a variety of issues
    erase           delete system logging data
    repack          repack a log archive using a predicate
    show            view/search system logs
    stream          watch live system logs
    stats           show system logging statistics

further help:
    log help <command>
    log help predicates
    log help shorthand
log: Unknown subcommand 'INFO'
usage:
    log <command>

global options:
    -?, --help
    -q, --quiet
    -v, --verbose

commands:
    collect         gather system logs into a log archive
    config          view/change logging system settings
    diagnose        diagnose an archive for a variety of issues
    erase           delete system logging data
    repack          repack a log archive using a predicate
    show            view/search system logs
    stream          watch live system logs
    stats           show system logging statistics

further help:
    log help <command>
    log help predicates
    log help shorthand
log: Unknown subcommand 'INFO'
usage:
    log <command>

global options:
    -?, --help
    -q, --quiet
    -v, --verbose

commands:
    collect         gather system logs into a log archive
    config          view/change logging system settings
    diagnose        diagnose an archive for a variety of issues
    erase           delete system logging data
    repack          repack a log archive using a predicate
    show            view/search system logs
    stream          watch live system logs
    stats           show system logging statistics

further help:
    log help <command>
    log help predicates
    log help shorthand
/Users/clawdia/.openclaw/workspace/scripts/consolidated-email-processor.sh: line 284: should_create_todo: command not found
log: Unknown subcommand 'SUCCESS'
usage:
    log <command>

global options:
    -?, --help
    -q, --quiet
    -v, --verbose

commands:
    collect         gather system logs into a log archive
    config          view/change logging system settings
    diagnose        diagnose an archive for a variety of issues
    erase           delete system logging data
    repack          repack a log archive using a predicate
    show            view/search system logs
    stream          watch live system logs
    stats           show system logging statistics

further help:
    log help <command>
    log help predicates
    log help shorthand
/Users/clawdia/.openclaw/workspace/scripts/consolidated-email-processor.sh: line 284: should_create_todo: command not found
log: Unknown subcommand 'SUCCESS'
usage:
    log <command>

global options:
    -?, --help
    -q, --quiet
    -v, --verbose

commands:
    collect         gather system logs into a log archive
    config          view/change logging system settings
    diagnose        diagnose an archive for a variety of issues
    erase           delete system logging data
    repack          repack a log archive using a predicate
    show            view/search system logs
    stream          watch live system logs
    stats           show system logging statistics

further help:
    log help <command>
    log help predicates
    log help shorthand
/Users/clawdia/.openclaw/workspace/scripts/consolidated-email-processor.sh: line 284: should_create_todo: command not found
log: Unknown subcommand 'SUCCESS'
usage:
    log <command>

global options:
    -?, --help
    -q, --quiet
    -v, --verbose

commands:
    collect         gather system logs into a log archive
    config          view/change logging system settings
    diagnose        diagnose an archive for a variety of issues
    erase           delete system logging data
    repack          repack a log archive using a predicate
    show            view/search system logs
    stream          watch live system logs
    stats           show system logging statistics

further help:
    log help <command>
    log help predicates
    log help shorthand
/Users/clawdia/.openclaw/workspace/scripts/consolidated-email-processor.sh: line 284: should_create_todo: command not found
log: Unknown subcommand 'SUCCESS'
usage:
    log <command>

global options:
    -?, --help
    -q, --quiet
    -v, --verbose

commands:
    collect         gather system logs into a log archive
    config          view/change logging system settings
    diagnose        diagnose an archive for a variety of issues
    erase           delete system logging data
    repack          repack a log archive using a predicate
    show            view/search system logs
    stream          watch live system logs
    stats           show system logging statistics

further help:
    log help <command>
    log help predicates
    log help shorthand
/Users/clawdia/.openclaw/workspace/scripts/consolidated-email-processor.sh: line 284: should_create_todo: command not found
log: Unknown subcommand 'SUCCESS'
usage:
    log <command>

global options:
    -?, --help
    -q, --quiet
    -v, --verbose

commands:
    collect         gather system logs into a log archive
    config          view/change logging system settings
    diagnose        diagnose an archive for a variety of issues
    erase           delete system logging data
    repack          repack a log archive using a predicate
    show            view/search system logs
    stream          watch live system logs
    stats           show system logging statistics

further help:
    log help <command>
    log help predicates
    log help shorthand
/Users/clawdia/.openclaw/workspace/scripts/consolidated-email-processor.sh: line 284: should_create_todo: command not found
log: Unknown subcommand 'SUCCESS'
usage:
    log <command>

global options:
    -?, --help
    -q, --quiet
    -v, --verbose

commands:
    collect         gather system logs into a log archive
    config          view/change logging system settings
    diagnose        diagnose an archive for a variety of issues
    erase           delete system logging data
    repack          repack a log archive using a predicate
    show            view/search system logs
    stream          watch live system logs
    stats           show system logging statistics

further help:
    log help <command>
    log help predicates
    log help shorthand
/Users/clawdia/.openclaw/workspace/scripts/consolidated-email-processor.sh: line 297: should_create_todo: command not found
log: Unknown subcommand 'ERROR'
usage:
    log <command>

global options:
    -?, --help
    -q, --quiet
    -v, --verbose

commands:
    collect         gather system logs into a log archive
    config          view/change logging system settings
    diagnose        diagnose an archive for a variety of issues
    erase           delete system logging data
    repack          repack a log archive using a predicate
    show            view/search system logs
    stream          watch live system logs
    stats           show system logging statistics

further help:
    log help <command>
    log help predicates
    log help shorthand
/Users/clawdia/.openclaw/workspace/scripts/consolidated-email-processor.sh: line 297: should_create_todo: command not found
log: Unknown subcommand 'ERROR'
usage:
    log <command>

global options:
    -?, --help
    -q, --quiet
    -v, --verbose

commands:
    collect         gather system logs into a log archive
    config          view/change logging system settings
    diagnose        diagnose an archive for a variety of issues
    erase           delete system logging data
    repack          repack a log archive using a predicate
    show            view/search system logs
    stream          watch live system logs
    stats           show system logging statistics

further help:
    log help <command>
    log help predicates
    log help shorthand
/Users/clawdia/.openclaw/workspace/scripts/consolidated-email-processor.sh: line 297: should_create_todo: command not found
log: Unknown subcommand 'ERROR'
usage:
    log <command>

global options:
    -?, --help
    -q, --quiet
    -v, --verbose

commands:
    collect         gather system logs into a log archive
    config          view/change logging system settings
    diagnose        diagnose an archive for a variety of issues
    erase           delete system logging data
    repack          repack a log archive using a predicate
    show            view/search system logs
    stream          watch live system logs
    stats           show system logging statistics

further help:
    log help <command>
    log help predicates
    log help shorthand
/Users/clawdia/.openclaw/workspace/scripts/consolidated-email-processor.sh: line 297: should_create_todo: command not found
log: Unknown subcommand 'ERROR'
usage:
    log <command>

global options:
    -?, --help
    -q, --quiet
    -v, --verbose

commands:
    collect         gather system logs into a log archive
    config          view/change logging system settings
    diagnose        diagnose an archive for a variety of issues
    erase           delete system logging data
    repack          repack a log archive using a predicate
    show            view/search system logs
    stream          watch live system logs
    stats           show system logging statistics

further help:
    log help <command>
    log help predicates
    log help shorthand
/Users/clawdia/.openclaw/workspace/scripts/consolidated-email-processor.sh: line 297: should_create_todo: command not found
log: Unknown subcommand 'ERROR'
usage:
    log <command>

global options:
    -?, --help
    -q, --quiet
    -v, --verbose

commands:
    collect         gather system logs into a log archive
    config          view/change logging system settings
    diagnose        diagnose an archive for a variety of issues
    erase           delete system logging data
    repack          repack a log archive using a predicate
    show            view/search system logs
    stream          watch live system logs
    stats           show system logging statistics

further help:
    log help <command>
    log help predicates
    log help shorthand
log: Unknown subcommand 'INFO'
usage:
    log <command>

global options:
    -?, --help
    -q, --quiet
    -v, --verbose

commands:
    collect         gather system logs into a log archive
    config          view/change logging system settings
    diagnose        diagnose an archive for a variety of issues
    erase           delete system logging data
    repack          repack a log archive using a predicate
    show            view/search system logs
    stream          watch live system logs
    stats           show system logging statistics

further help:
    log help <command>
    log help predicates
    log help shorthand
log: Unknown subcommand 'ERROR'
usage:
    log <command>

global options:
    -?, --help
    -q, --quiet
    -v, --verbose

commands:
    collect         gather system logs into a log archive
    config          view/change logging system settings
    diagnose        diagnose an archive for a variety of issues
    erase           delete system logging data
    repack          repack a log archive using a predicate
    show            view/search system logs
    stream          watch live system logs
    stats           show system logging statistics

further help:
    log help <command>
    log help predicates
    log help shorthand
log: Unknown subcommand 'ERROR'
usage:
    log <command>

global options:
    -?, --help
    -q, --quiet
    -v, --verbose

commands:
    collect         gather system logs into a log archive
    config          view/change logging system settings
    diagnose        diagnose an archive for a variety of issues
    erase           delete system logging data
    repack          repack a log archive using a predicate
    show            view/search system logs
    stream          watch live system logs
    stats           show system logging statistics

further help:
    log help <command>
    log help predicates
    log help shorthand
/Users/clawdia/.openclaw/workspace/scripts/consolidated-email-processor.sh: line 329: check_quiet_hours: command not found
log: Unknown subcommand 'INFO'
usage:
    log <command>

global options:
    -?, --help
    -q, --quiet
    -v, --verbose

commands:
    collect         gather system logs into a log archive
    config          view/change logging system settings
    diagnose        diagnose an archive for a variety of issues
    erase           delete system logging data
    repack          repack a log archive using a predicate
    show            view/search system logs
    stream          watch live system logs
    stats           show system logging statistics

further help:
    log help <command>
    log help predicates
    log help shorthand
log: Unknown subcommand 'SUCCESS'
usage:
    log <command>

global options:
    -?, --help
    -q, --quiet
    -v, --verbose

commands:
    collect         gather system logs into a log archive
    config          view/change logging system settings
    diagnose        diagnose an archive for a variety of issues
    erase           delete system logging data
    repack          repack a log archive using a predicate
    show            view/search system logs
    stream          watch live system logs
    stats           show system logging statistics

further help:
    log help <command>
    log help predicates
    log help shorthand
/Users/clawdia/.openclaw/workspace/scripts/consolidated-email-processor.sh: line 343: cleanup_thread_tracking: command not found
log: Unknown subcommand 'INFO'
usage:
    log <command>

global options:
    -?, --help
    -q, --quiet
    -v, --verbose

commands:
    collect         gather system logs into a log archive
    config          view/change logging system settings
    diagnose        diagnose an archive for a variety of issues
    erase           delete system logging data
    repack          repack a log archive using a predicate
    show            view/search system logs
    stream          watch live system logs
    stats           show system logging statistics

further help:
    log help <command>
    log help predicates
    log help shorthand
log: Unknown subcommand 'INFO'
usage:
    log <command>

global options:
    -?, --help
    -q, --quiet
    -v, --verbose

commands:
    collect         gather system logs into a log archive
    config          view/change logging system settings
    diagnose        diagnose an archive for a variety of issues
    erase           delete system logging data
    repack          repack a log archive using a predicate
    show            view/search system logs
    stream          watch live system logs
    stats           show system logging statistics

further help:
    log help <command>
    log help predicates
    log help shorthand
log: Unknown subcommand 'ERROR'
usage:
    log <command>

global options:
    -?, --help
    -q, --quiet
    -v, --verbose

commands:
    collect         gather system logs into a log archive
    config          view/change logging system settings
    diagnose        diagnose an archive for a variety of issues
    erase           delete system logging data
    repack          repack a log archive using a predicate
    show            view/search system logs
    stream          watch live system logs
    stats           show system logging statistics

further help:
    log help <command>
    log help predicates
    log help shorthand
log: Unknown subcommand 'INFO'
usage:
    log <command>

global options:
    -?, --help
    -q, --quiet
    -v, --verbose

commands:
    collect         gather system logs into a log archive
    config          view/change logging system settings
    diagnose        diagnose an archive for a variety of issues
    erase           delete system logging data
    repack          repack a log archive using a predicate
    show            view/search system logs
    stream          watch live system logs
    stats           show system logging statistics

further help:
    log help <command>
    log help predicates
    log help shorthand
log: Unknown subcommand 'INFO'
usage:
    log <command>

global options:
    -?, --help
    -q, --quiet
    -v, --verbose

commands:
    collect         gather system logs into a log archive
    config          view/change logging system settings
    diagnose        diagnose an archive for a variety of issues
    erase           delete system logging data
    repack          repack a log archive using a predicate
    show            view/search system logs
    stream          watch live system logs
    stats           show system logging statistics

further help:
    log help <command>
    log help predicates
    log help shorthand
/Users/clawdia/.openclaw/workspace/scripts/consolidated-email-processor.sh: line 229: : No such file or directory
/Users/clawdia/.openclaw/workspace/scripts/consolidated-email-processor.sh: line 230: : No such file or directory
/Users/clawdia/.openclaw/workspace/scripts/consolidated-email-processor.sh: line 232: /summary-20260315-1600.txt: Read-only file system
log: Unknown subcommand 'INFO'
usage:
    log <command>

global options:
    -?, --help
    -q, --quiet
    -v, --verbose

commands:
    collect         gather system logs into a log archive
    config          view/change logging system settings
    diagnose        diagnose an archive for a variety of issues
    erase           delete system logging data
    repack          repack a log archive using a predicate
    show            view/search system logs
    stream          watch live system logs
    stats           show system logging statistics

further help:
    log help <command>
    log help predicates
    log help shorthand
find: : No such file or directory
log: Unknown subcommand 'INFO'
usage:
    log <command>

global options:
    -?, --help
    -q, --quiet
    -v, --verbose

commands:
    collect         gather system logs into a log archive
    config          view/change logging system settings
    diagnose        diagnose an archive for a variety of issues
    erase           delete system logging data
    repack          repack a log archive using a predicate
    show            view/search system logs
    stream          watch live system logs
    stats           show system logging statistics

further help:
    log help <command>
    log help predicates
    log help shorthand
log: Unknown subcommand 'SUCCESS'
usage:
    log <command>

global options:
    -?, --help
    -q, --quiet
    -v, --verbose

commands:
    collect         gather system logs into a log archive
    config          view/change logging system settings
    diagnose        diagnose an archive for a variety of issues
    erase           delete system logging data
    repack          repack a log archive using a predicate
    show            view/search system logs
    stream          watch live system logs
    stats           show system logging statistics

further help:
    log help <command>
    log help predicates
    log help shorthand
log: Unknown subcommand 'INFO'
usage:
    log <command>

global options:
    -?, --help
    -q, --quiet
    -v, --verbose

commands:
    collect         gather system logs into a log archive
    config          view/change logging system settings
    diagnose        diagnose an archive for a variety of issues
    erase           delete system logging data
    repack          repack a log archive using a predicate
    show            view/search system logs
    stream          watch live system logs
    stats           show system logging statistics

further help:
    log help <command>
    log help predicates
    log help shorthand
/Users/clawdia/.openclaw/workspace/scripts/consolidated-email-processor.sh: line 319: policy_guard_check: command not found
log: Unknown subcommand 'INFO'
usage:
    log <command>

global options:
    -?, --help
    -q, --quiet
    -v, --verbose

commands:
    collect         gather system logs into a log archive
    config          view/change logging system settings
    diagnose        diagnose an archive for a variety of issues
    erase           delete system logging data
    repack          repack a log archive using a predicate
    show            view/search system logs
    stream          watch live system logs
    stats           show system logging statistics

further help:
    log help <command>
    log help predicates
    log help shorthand
log: Unknown subcommand 'INFO'
usage:
    log <command>

global options:
    -?, --help
    -q, --quiet
    -v, --verbose

commands:
    collect         gather system logs into a log archive
    config          view/change logging system settings
    diagnose        diagnose an archive for a variety of issues
    erase           delete system logging data
    repack          repack a log archive using a predicate
    show            view/search system logs
    stream          watch live system logs
    stats           show system logging statistics

further help:
    log help <command>
    log help predicates
    log help shorthand
log: Unknown subcommand 'INFO'
usage:
    log <command>

global options:
    -?, --help
    -q, --quiet
    -v, --verbose

commands:
    collect         gather system logs into a log archive
    config          view/change logging system settings
    diagnose        diagnose an archive for a variety of issues
    erase           delete system logging data
    repack          repack a log archive using a predicate
    show            view/search system logs
    stream          watch live system logs
    stats           show system logging statistics

further help:
    log help <command>
    log help predicates
    log help shorthand
/Users/clawdia/.openclaw/workspace/scripts/consolidated-email-processor.sh: line 284: should_create_todo: command not found
log: Unknown subcommand 'SUCCESS'
usage:
    log <command>

global options:
    -?, --help
    -q, --quiet
    -v, --verbose

commands:
    collect         gather system logs into a log archive
    config          view/change logging system settings
    diagnose        diagnose an archive for a variety of issues
    erase           delete system logging data
    repack          repack a log archive using a predicate
    show            view/search system logs
    stream          watch live system logs
    stats           show system logging statistics

further help:
    log help <command>
    log help predicates
    log help shorthand
/Users/clawdia/.openclaw/workspace/scripts/consolidated-email-processor.sh: line 284: should_create_todo: command not found
log: Unknown subcommand 'SUCCESS'
usage:
    log <command>

global options:
    -?, --help
    -q, --quiet
    -v, --verbose

commands:
    collect         gather system logs into a log archive
    config          view/change logging system settings
    diagnose        diagnose an archive for a variety of issues
    erase           delete system logging data
    repack          repack a log archive using a predicate
    show            view/search system logs
    stream          watch live system logs
    stats           show system logging statistics

further help:
    log help <command>
    log help predicates
    log help shorthand
/Users/clawdia/.openclaw/workspace/scripts/consolidated-email-processor.sh: line 284: should_create_todo: command not found
log: Unknown subcommand 'SUCCESS'
usage:
    log <command>

global options:
    -?, --help
    -q, --quiet
    -v, --verbose

commands:
    collect         gather system logs into a log archive
    config          view/change logging system settings
    diagnose        diagnose an archive for a variety of issues
    erase           delete system logging data
    repack          repack a log archive using a predicate
    show            view/search system logs
    stream          watch live system logs
    stats           show system logging statistics

further help:
    log help <command>
    log help predicates
    log help shorthand
/Users/clawdia/.openclaw/workspace/scripts/consolidated-email-processor.sh: line 284: should_create_todo: command not found
log: Unknown subcommand 'SUCCESS'
usage:
    log <command>

global options:
    -?, --help
    -q, --quiet
    -v, --verbose

commands:
    collect         gather system logs into a log archive
    config          view/change logging system settings
    diagnose        diagnose an archive for a variety of issues
    erase           delete system logging data
    repack          repack a log archive using a predicate
    show            view/search system logs
    stream          watch live system logs
    stats           show system logging statistics

further help:
    log help <command>
    log help predicates
    log help shorthand
/Users/clawdia/.openclaw/workspace/scripts/consolidated-email-processor.sh: line 284: should_create_todo: command not found
log: Unknown subcommand 'SUCCESS'
usage:
    log <command>

global options:
    -?, --help
    -q, --quiet
    -v, --verbose

commands:
    collect         gather system logs into a log archive
    config          view/change logging system settings
    diagnose        diagnose an archive for a variety of issues
    erase           delete system logging data
    repack          repack a log archive using a predicate
    show            view/search system logs
    stream          watch live system logs
    stats           show system logging statistics

further help:
    log help <command>
    log help predicates
    log help shorthand
/Users/clawdia/.openclaw/workspace/scripts/consolidated-email-processor.sh: line 284: should_create_todo: command not found
log: Unknown subcommand 'SUCCESS'
usage:
    log <command>

global options:
    -?, --help
    -q, --quiet
    -v, --verbose

commands:
    collect         gather system logs into a log archive
    config          view/change logging system settings
    diagnose        diagnose an archive for a variety of issues
    erase           delete system logging data
    repack          repack a log archive using a predicate
    show            view/search system logs
    stream          watch live system logs
    stats           show system logging statistics

further help:
    log help <command>
    log help predicates
    log help shorthand
/Users/clawdia/.openclaw/workspace/scripts/consolidated-email-processor.sh: line 297: should_create_todo: command not found
log: Unknown subcommand 'ERROR'
usage:
    log <command>

global options:
    -?, --help
    -q, --quiet
    -v, --verbose

commands:
    collect         gather system logs into a log archive
    config          view/change logging system settings
    diagnose        diagnose an archive for a variety of issues
    erase           delete system logging data
    repack          repack a log archive using a predicate
    show            view/search system logs
    stream          watch live system logs
    stats           show system logging statistics

further help:
    log help <command>
    log help predicates
    log help shorthand
/Users/clawdia/.openclaw/workspace/scripts/consolidated-email-processor.sh: line 297: should_create_todo: command not found
log: Unknown subcommand 'ERROR'
usage:
    log <command>

global options:
    -?, --help
    -q, --quiet
    -v, --verbose

commands:
    collect         gather system logs into a log archive
    config          view/change logging system settings
    diagnose        diagnose an archive for a variety of issues
    erase           delete system logging data
    repack          repack a log archive using a predicate
    show            view/search system logs
    stream          watch live system logs
    stats           show system logging statistics

further help:
    log help <command>
    log help predicates
    log help shorthand
/Users/clawdia/.openclaw/workspace/scripts/consolidated-email-processor.sh: line 297: should_create_todo: command not found
log: Unknown subcommand 'ERROR'
usage:
    log <command>

global options:
    -?, --help
    -q, --quiet
    -v, --verbose

commands:
    collect         gather system logs into a log archive
    config          view/change logging system settings
    diagnose        diagnose an archive for a variety of issues
    erase           delete system logging data
    repack          repack a log archive using a predicate
    show            view/search system logs
    stream          watch live system logs
    stats           show system logging statistics

further help:
    log help <command>
    log help predicates
    log help shorthand
/Users/clawdia/.openclaw/workspace/scripts/consolidated-email-processor.sh: line 297: should_create_todo: command not found
log: Unknown subcommand 'ERROR'
usage:
    log <command>

global options:
    -?, --help
    -q, --quiet
    -v, --verbose

commands:
    collect         gather system logs into a log archive
    config          view/change logging system settings
    diagnose        diagnose an archive for a variety of issues
    erase           delete system logging data
    repack          repack a log archive using a predicate
    show            view/search system logs
    stream          watch live system logs
    stats           show system logging statistics

further help:
    log help <command>
    log help predicates
    log help shorthand
/Users/clawdia/.openclaw/workspace/scripts/consolidated-email-processor.sh: line 297: should_create_todo: command not found
log: Unknown subcommand 'ERROR'
usage:
    log <command>

global options:
    -?, --help
    -q, --quiet
    -v, --verbose

commands:
    collect         gather system logs into a log archive
    config          view/change logging system settings
    diagnose        diagnose an archive for a variety of issues
    erase           delete system logging data
    repack          repack a log archive using a predicate
    show            view/search system logs
    stream          watch live system logs
    stats           show system logging statistics

further help:
    log help <command>
    log help predicates
    log help shorthand
log: Unknown subcommand 'INFO'
usage:
    log <command>

global options:
    -?, --help
    -q, --quiet
    -v, --verbose

commands:
    collect         gather system logs into a log archive
    config          view/change logging system settings
    diagnose        diagnose an archive for a variety of issues
    erase           delete system logging data
    repack          repack a log archive using a predicate
    show            view/search system logs
    stream          watch live system logs
    stats           show system logging statistics

further help:
    log help <command>
    log help predicates
    log help shorthand
log: Unknown subcommand 'ERROR'
usage:
    log <command>

global options:
    -?, --help
    -q, --quiet
    -v, --verbose

commands:
    collect         gather system logs into a log archive
    config          view/change logging system settings
    diagnose        diagnose an archive for a variety of issues
    erase           delete system logging data
    repack          repack a log archive using a predicate
    show            view/search system logs
    stream          watch live system logs
    stats           show system logging statistics

further help:
    log help <command>
    log help predicates
    log help shorthand
log: Unknown subcommand 'ERROR'
usage:
    log <command>

global options:
    -?, --help
    -q, --quiet
    -v, --verbose

commands:
    collect         gather system logs into a log archive
    config          view/change logging system settings
    diagnose        diagnose an archive for a variety of issues
    erase           delete system logging data
    repack          repack a log archive using a predicate
    show            view/search system logs
    stream          watch live system logs
    stats           show system logging statistics

further help:
    log help <command>
    log help predicates
    log help shorthand
/Users/clawdia/.openclaw/workspace/scripts/consolidated-email-processor.sh: line 329: check_quiet_hours: command not found
log: Unknown subcommand 'INFO'
usage:
    log <command>

global options:
    -?, --help
    -q, --quiet
    -v, --verbose

commands:
    collect         gather system logs into a log archive
    config          view/change logging system settings
    diagnose        diagnose an archive for a variety of issues
    erase           delete system logging data
    repack          repack a log archive using a predicate
    show            view/search system logs
    stream          watch live system logs
    stats           show system logging statistics

further help:
    log help <command>
    log help predicates
    log help shorthand
log: Unknown subcommand 'SUCCESS'
usage:
    log <command>

global options:
    -?, --help
    -q, --quiet
    -v, --verbose

commands:
    collect         gather system logs into a log archive
    config          view/change logging system settings
    diagnose        diagnose an archive for a variety of issues
    erase           delete system logging data
    repack          repack a log archive using a predicate
    show            view/search system logs
    stream          watch live system logs
    stats           show system logging statistics

further help:
    log help <command>
    log help predicates
    log help shorthand
/Users/clawdia/.openclaw/workspace/scripts/consolidated-email-processor.sh: line 343: cleanup_thread_tracking: command not found
log: Unknown subcommand 'INFO'
usage:
    log <command>

global options:
    -?, --help
    -q, --quiet
    -v, --verbose

commands:
    collect         gather system logs into a log archive
    config          view/change logging system settings
    diagnose        diagnose an archive for a variety of issues
    erase           delete system logging data
    repack          repack a log archive using a predicate
    show            view/search system logs
    stream          watch live system logs
    stats           show system logging statistics

further help:
    log help <command>
    log help predicates
    log help shorthand
log: Unknown subcommand 'INFO'
usage:
    log <command>

global options:
    -?, --help
    -q, --quiet
    -v, --verbose

commands:
    collect         gather system logs into a log archive
    config          view/change logging system settings
    diagnose        diagnose an archive for a variety of issues
    erase           delete system logging data
    repack          repack a log archive using a predicate
    show            view/search system logs
    stream          watch live system logs
    stats           show system logging statistics

further help:
    log help <command>
    log help predicates
    log help shorthand
log: Unknown subcommand 'ERROR'
usage:
    log <command>

global options:
    -?, --help
    -q, --quiet
    -v, --verbose

commands:
    collect         gather system logs into a log archive
    config          view/change logging system settings
    diagnose        diagnose an archive for a variety of issues
    erase           delete system logging data
    repack          repack a log archive using a predicate
    show            view/search system logs
    stream          watch live system logs
    stats           show system logging statistics

further help:
    log help <command>
    log help predicates
    log help shorthand
log: Unknown subcommand 'INFO'
usage:
    log <command>

global options:
    -?, --help
    -q, --quiet
    -v, --verbose

commands:
    collect         gather system logs into a log archive
    config          view/change logging system settings
    diagnose        diagnose an archive for a variety of issues
    erase           delete system logging data
    repack          repack a log archive using a predicate
    show            view/search system logs
    stream          watch live system logs
    stats           show system logging statistics

further help:
    log help <command>
    log help predicates
    log help shorthand
log: Unknown subcommand 'INFO'
usage:
    log <command>

global options:
    -?, --help
    -q, --quiet
    -v, --verbose

commands:
    collect         gather system logs into a log archive
    config          view/change logging system settings
    diagnose        diagnose an archive for a variety of issues
    erase           delete system logging data
    repack          repack a log archive using a predicate
    show            view/search system logs
    stream          watch live system logs
    stats           show system logging statistics

further help:
    log help <command>
    log help predicates
    log help shorthand
/Users/clawdia/.openclaw/workspace/scripts/consolidated-email-processor.sh: line 229: : No such file or directory
/Users/clawdia/.openclaw/workspace/scripts/consolidated-email-processor.sh: line 230: : No such file or directory
/Users/clawdia/.openclaw/workspace/scripts/consolidated-email-processor.sh: line 232: /summary-20260315-1700.txt: Read-only file system
log: Unknown subcommand 'INFO'
usage:
    log <command>

global options:
    -?, --help
    -q, --quiet
    -v, --verbose

commands:
    collect         gather system logs into a log archive
    config          view/change logging system settings
    diagnose        diagnose an archive for a variety of issues
    erase           delete system logging data
    repack          repack a log archive using a predicate
    show            view/search system logs
    stream          watch live system logs
    stats           show system logging statistics

further help:
    log help <command>
    log help predicates
    log help shorthand
find: : No such file or directory
log: Unknown subcommand 'INFO'
usage:
    log <command>

global options:
    -?, --help
    -q, --quiet
    -v, --verbose

commands:
    collect         gather system logs into a log archive
    config          view/change logging system settings
    diagnose        diagnose an archive for a variety of issues
    erase           delete system logging data
    repack          repack a log archive using a predicate
    show            view/search system logs
    stream          watch live system logs
    stats           show system logging statistics

further help:
    log help <command>
    log help predicates
    log help shorthand
log: Unknown subcommand 'SUCCESS'
usage:
    log <command>

global options:
    -?, --help
    -q, --quiet
    -v, --verbose

commands:
    collect         gather system logs into a log archive
    config          view/change logging system settings
    diagnose        diagnose an archive for a variety of issues
    erase           delete system logging data
    repack          repack a log archive using a predicate
    show            view/search system logs
    stream          watch live system logs
    stats           show system logging statistics

further help:
    log help <command>
    log help predicates
    log help shorthand
log: Unknown subcommand 'INFO'
usage:
    log <command>

global options:
    -?, --help
    -q, --quiet
    -v, --verbose

commands:
    collect         gather system logs into a log archive
    config          view/change logging system settings
    diagnose        diagnose an archive for a variety of issues
    erase           delete system logging data
    repack          repack a log archive using a predicate
    show            view/search system logs
    stream          watch live system logs
    stats           show system logging statistics

further help:
    log help <command>
    log help predicates
    log help shorthand
/Users/clawdia/.openclaw/workspace/scripts/consolidated-email-processor.sh: line 319: policy_guard_check: command not found
log: Unknown subcommand 'INFO'
usage:
    log <command>

global options:
    -?, --help
    -q, --quiet
    -v, --verbose

commands:
    collect         gather system logs into a log archive
    config          view/change logging system settings
    diagnose        diagnose an archive for a variety of issues
    erase           delete system logging data
    repack          repack a log archive using a predicate
    show            view/search system logs
    stream          watch live system logs
    stats           show system logging statistics

further help:
    log help <command>
    log help predicates
    log help shorthand
log: Unknown subcommand 'INFO'
usage:
    log <command>

global options:
    -?, --help
    -q, --quiet
    -v, --verbose

commands:
    collect         gather system logs into a log archive
    config          view/change logging system settings
    diagnose        diagnose an archive for a variety of issues
    erase           delete system logging data
    repack          repack a log archive using a predicate
    show            view/search system logs
    stream          watch live system logs
    stats           show system logging statistics

further help:
    log help <command>
    log help predicates
    log help shorthand
log: Unknown subcommand 'INFO'
usage:
    log <command>

global options:
    -?, --help
    -q, --quiet
    -v, --verbose

commands:
    collect         gather system logs into a log archive
    config          view/change logging system settings
    diagnose        diagnose an archive for a variety of issues
    erase           delete system logging data
    repack          repack a log archive using a predicate
    show            view/search system logs
    stream          watch live system logs
    stats           show system logging statistics

further help:
    log help <command>
    log help predicates
    log help shorthand
/Users/clawdia/.openclaw/workspace/scripts/consolidated-email-processor.sh: line 284: should_create_todo: command not found
log: Unknown subcommand 'SUCCESS'
usage:
    log <command>

global options:
    -?, --help
    -q, --quiet
    -v, --verbose

commands:
    collect         gather system logs into a log archive
    config          view/change logging system settings
    diagnose        diagnose an archive for a variety of issues
    erase           delete system logging data
    repack          repack a log archive using a predicate
    show            view/search system logs
    stream          watch live system logs
    stats           show system logging statistics

further help:
    log help <command>
    log help predicates
    log help shorthand
/Users/clawdia/.openclaw/workspace/scripts/consolidated-email-processor.sh: line 284: should_create_todo: command not found
log: Unknown subcommand 'SUCCESS'
usage:
    log <command>

global options:
    -?, --help
    -q, --quiet
    -v, --verbose

commands:
    collect         gather system logs into a log archive
    config          view/change logging system settings
    diagnose        diagnose an archive for a variety of issues
    erase           delete system logging data
    repack          repack a log archive using a predicate
    show            view/search system logs
    stream          watch live system logs
    stats           show system logging statistics

further help:
    log help <command>
    log help predicates
    log help shorthand
/Users/clawdia/.openclaw/workspace/scripts/consolidated-email-processor.sh: line 284: should_create_todo: command not found
log: Unknown subcommand 'SUCCESS'
usage:
    log <command>

global options:
    -?, --help
    -q, --quiet
    -v, --verbose

commands:
    collect         gather system logs into a log archive
    config          view/change logging system settings
    diagnose        diagnose an archive for a variety of issues
    erase           delete system logging data
    repack          repack a log archive using a predicate
    show            view/search system logs
    stream          watch live system logs
    stats           show system logging statistics

further help:
    log help <command>
    log help predicates
    log help shorthand
/Users/clawdia/.openclaw/workspace/scripts/consolidated-email-processor.sh: line 284: should_create_todo: command not found
log: Unknown subcommand 'SUCCESS'
usage:
    log <command>

global options:
    -?, --help
    -q, --quiet
    -v, --verbose

commands:
    collect         gather system logs into a log archive
    config          view/change logging system settings
    diagnose        diagnose an archive for a variety of issues
    erase           delete system logging data
    repack          repack a log archive using a predicate
    show            view/search system logs
    stream          watch live system logs
    stats           show system logging statistics

further help:
    log help <command>
    log help predicates
    log help shorthand
/Users/clawdia/.openclaw/workspace/scripts/consolidated-email-processor.sh: line 284: should_create_todo: command not found
log: Unknown subcommand 'SUCCESS'
usage:
    log <command>

global options:
    -?, --help
    -q, --quiet
    -v, --verbose

commands:
    collect         gather system logs into a log archive
    config          view/change logging system settings
    diagnose        diagnose an archive for a variety of issues
    erase           delete system logging data
    repack          repack a log archive using a predicate
    show            view/search system logs
    stream          watch live system logs
    stats           show system logging statistics

further help:
    log help <command>
    log help predicates
    log help shorthand
/Users/clawdia/.openclaw/workspace/scripts/consolidated-email-processor.sh: line 284: should_create_todo: command not found
log: Unknown subcommand 'SUCCESS'
usage:
    log <command>

global options:
    -?, --help
    -q, --quiet
    -v, --verbose

commands:
    collect         gather system logs into a log archive
    config          view/change logging system settings
    diagnose        diagnose an archive for a variety of issues
    erase           delete system logging data
    repack          repack a log archive using a predicate
    show            view/search system logs
    stream          watch live system logs
    stats           show system logging statistics

further help:
    log help <command>
    log help predicates
    log help shorthand
/Users/clawdia/.openclaw/workspace/scripts/consolidated-email-processor.sh: line 297: should_create_todo: command not found
log: Unknown subcommand 'ERROR'
usage:
    log <command>

global options:
    -?, --help
    -q, --quiet
    -v, --verbose

commands:
    collect         gather system logs into a log archive
    config          view/change logging system settings
    diagnose        diagnose an archive for a variety of issues
    erase           delete system logging data
    repack          repack a log archive using a predicate
    show            view/search system logs
    stream          watch live system logs
    stats           show system logging statistics

further help:
    log help <command>
    log help predicates
    log help shorthand
/Users/clawdia/.openclaw/workspace/scripts/consolidated-email-processor.sh: line 297: should_create_todo: command not found
log: Unknown subcommand 'ERROR'
usage:
    log <command>

global options:
    -?, --help
    -q, --quiet
    -v, --verbose

commands:
    collect         gather system logs into a log archive
    config          view/change logging system settings
    diagnose        diagnose an archive for a variety of issues
    erase           delete system logging data
    repack          repack a log archive using a predicate
    show            view/search system logs
    stream          watch live system logs
    stats           show system logging statistics

further help:
    log help <command>
    log help predicates
    log help shorthand
/Users/clawdia/.openclaw/workspace/scripts/consolidated-email-processor.sh: line 297: should_create_todo: command not found
log: Unknown subcommand 'ERROR'
usage:
    log <command>

global options:
    -?, --help
    -q, --quiet
    -v, --verbose

commands:
    collect         gather system logs into a log archive
    config          view/change logging system settings
    diagnose        diagnose an archive for a variety of issues
    erase           delete system logging data
    repack          repack a log archive using a predicate
    show            view/search system logs
    stream          watch live system logs
    stats           show system logging statistics

further help:
    log help <command>
    log help predicates
    log help shorthand
/Users/clawdia/.openclaw/workspace/scripts/consolidated-email-processor.sh: line 297: should_create_todo: command not found
log: Unknown subcommand 'ERROR'
usage:
    log <command>

global options:
    -?, --help
    -q, --quiet
    -v, --verbose

commands:
    collect         gather system logs into a log archive
    config          view/change logging system settings
    diagnose        diagnose an archive for a variety of issues
    erase           delete system logging data
    repack          repack a log archive using a predicate
    show            view/search system logs
    stream          watch live system logs
    stats           show system logging statistics

further help:
    log help <command>
    log help predicates
    log help shorthand
/Users/clawdia/.openclaw/workspace/scripts/consolidated-email-processor.sh: line 297: should_create_todo: command not found
log: Unknown subcommand 'ERROR'
usage:
    log <command>

global options:
    -?, --help
    -q, --quiet
    -v, --verbose

commands:
    collect         gather system logs into a log archive
    config          view/change logging system settings
    diagnose        diagnose an archive for a variety of issues
    erase           delete system logging data
    repack          repack a log archive using a predicate
    show            view/search system logs
    stream          watch live system logs
    stats           show system logging statistics

further help:
    log help <command>
    log help predicates
    log help shorthand
log: Unknown subcommand 'INFO'
usage:
    log <command>

global options:
    -?, --help
    -q, --quiet
    -v, --verbose

commands:
    collect         gather system logs into a log archive
    config          view/change logging system settings
    diagnose        diagnose an archive for a variety of issues
    erase           delete system logging data
    repack          repack a log archive using a predicate
    show            view/search system logs
    stream          watch live system logs
    stats           show system logging statistics

further help:
    log help <command>
    log help predicates
    log help shorthand
log: Unknown subcommand 'ERROR'
usage:
    log <command>

global options:
    -?, --help
    -q, --quiet
    -v, --verbose

commands:
    collect         gather system logs into a log archive
    config          view/change logging system settings
    diagnose        diagnose an archive for a variety of issues
    erase           delete system logging data
    repack          repack a log archive using a predicate
    show            view/search system logs
    stream          watch live system logs
    stats           show system logging statistics

further help:
    log help <command>
    log help predicates
    log help shorthand
log: Unknown subcommand 'ERROR'
usage:
    log <command>

global options:
    -?, --help
    -q, --quiet
    -v, --verbose

commands:
    collect         gather system logs into a log archive
    config          view/change logging system settings
    diagnose        diagnose an archive for a variety of issues
    erase           delete system logging data
    repack          repack a log archive using a predicate
    show            view/search system logs
    stream          watch live system logs
    stats           show system logging statistics

further help:
    log help <command>
    log help predicates
    log help shorthand
/Users/clawdia/.openclaw/workspace/scripts/consolidated-email-processor.sh: line 329: check_quiet_hours: command not found
log: Unknown subcommand 'INFO'
usage:
    log <command>

global options:
    -?, --help
    -q, --quiet
    -v, --verbose

commands:
    collect         gather system logs into a log archive
    config          view/change logging system settings
    diagnose        diagnose an archive for a variety of issues
    erase           delete system logging data
    repack          repack a log archive using a predicate
    show            view/search system logs
    stream          watch live system logs
    stats           show system logging statistics

further help:
    log help <command>
    log help predicates
    log help shorthand
log: Unknown subcommand 'SUCCESS'
usage:
    log <command>

global options:
    -?, --help
    -q, --quiet
    -v, --verbose

commands:
    collect         gather system logs into a log archive
    config          view/change logging system settings
    diagnose        diagnose an archive for a variety of issues
    erase           delete system logging data
    repack          repack a log archive using a predicate
    show            view/search system logs
    stream          watch live system logs
    stats           show system logging statistics

further help:
    log help <command>
    log help predicates
    log help shorthand
/Users/clawdia/.openclaw/workspace/scripts/consolidated-email-processor.sh: line 343: cleanup_thread_tracking: command not found
log: Unknown subcommand 'INFO'
usage:
    log <command>

global options:
    -?, --help
    -q, --quiet
    -v, --verbose

commands:
    collect         gather system logs into a log archive
    config          view/change logging system settings
    diagnose        diagnose an archive for a variety of issues
    erase           delete system logging data
    repack          repack a log archive using a predicate
    show            view/search system logs
    stream          watch live system logs
    stats           show system logging statistics

further help:
    log help <command>
    log help predicates
    log help shorthand
log: Unknown subcommand 'INFO'
usage:
    log <command>

global options:
    -?, --help
    -q, --quiet
    -v, --verbose

commands:
    collect         gather system logs into a log archive
    config          view/change logging system settings
    diagnose        diagnose an archive for a variety of issues
    erase           delete system logging data
    repack          repack a log archive using a predicate
    show            view/search system logs
    stream          watch live system logs
    stats           show system logging statistics

further help:
    log help <command>
    log help predicates
    log help shorthand
log: Unknown subcommand 'ERROR'
usage:
    log <command>

global options:
    -?, --help
    -q, --quiet
    -v, --verbose

commands:
    collect         gather system logs into a log archive
    config          view/change logging system settings
    diagnose        diagnose an archive for a variety of issues
    erase           delete system logging data
    repack          repack a log archive using a predicate
    show            view/search system logs
    stream          watch live system logs
    stats           show system logging statistics

further help:
    log help <command>
    log help predicates
    log help shorthand
log: Unknown subcommand 'INFO'
usage:
    log <command>

global options:
    -?, --help
    -q, --quiet
    -v, --verbose

commands:
    collect         gather system logs into a log archive
    config          view/change logging system settings
    diagnose        diagnose an archive for a variety of issues
    erase           delete system logging data
    repack          repack a log archive using a predicate
    show            view/search system logs
    stream          watch live system logs
    stats           show system logging statistics

further help:
    log help <command>
    log help predicates
    log help shorthand
log: Unknown subcommand 'INFO'
usage:
    log <command>

global options:
    -?, --help
    -q, --quiet
    -v, --verbose

commands:
    collect         gather system logs into a log archive
    config          view/change logging system settings
    diagnose        diagnose an archive for a variety of issues
    erase           delete system logging data
    repack          repack a log archive using a predicate
    show            view/search system logs
    stream          watch live system logs
    stats           show system logging statistics

further help:
    log help <command>
    log help predicates
    log help shorthand
/Users/clawdia/.openclaw/workspace/scripts/consolidated-email-processor.sh: line 229: : No such file or directory
/Users/clawdia/.openclaw/workspace/scripts/consolidated-email-processor.sh: line 230: : No such file or directory
/Users/clawdia/.openclaw/workspace/scripts/consolidated-email-processor.sh: line 232: /summary-20260315-1800.txt: Read-only file system
log: Unknown subcommand 'INFO'
usage:
    log <command>

global options:
    -?, --help
    -q, --quiet
    -v, --verbose

commands:
    collect         gather system logs into a log archive
    config          view/change logging system settings
    diagnose        diagnose an archive for a variety of issues
    erase           delete system logging data
    repack          repack a log archive using a predicate
    show            view/search system logs
    stream          watch live system logs
    stats           show system logging statistics

further help:
    log help <command>
    log help predicates
    log help shorthand
find: : No such file or directory
log: Unknown subcommand 'INFO'
usage:
    log <command>

global options:
    -?, --help
    -q, --quiet
    -v, --verbose

commands:
    collect         gather system logs into a log archive
    config          view/change logging system settings
    diagnose        diagnose an archive for a variety of issues
    erase           delete system logging data
    repack          repack a log archive using a predicate
    show            view/search system logs
    stream          watch live system logs
    stats           show system logging statistics

further help:
    log help <command>
    log help predicates
    log help shorthand
log: Unknown subcommand 'SUCCESS'
usage:
    log <command>

global options:
    -?, --help
    -q, --quiet
    -v, --verbose

commands:
    collect         gather system logs into a log archive
    config          view/change logging system settings
    diagnose        diagnose an archive for a variety of issues
    erase           delete system logging data
    repack          repack a log archive using a predicate
    show            view/search system logs
    stream          watch live system logs
    stats           show system logging statistics

further help:
    log help <command>
    log help predicates
    log help shorthand
log: Unknown subcommand 'INFO'
usage:
    log <command>

global options:
    -?, --help
    -q, --quiet
    -v, --verbose

commands:
    collect         gather system logs into a log archive
    config          view/change logging system settings
    diagnose        diagnose an archive for a variety of issues
    erase           delete system logging data
    repack          repack a log archive using a predicate
    show            view/search system logs
    stream          watch live system logs
    stats           show system logging statistics

further help:
    log help <command>
    log help predicates
    log help shorthand
/Users/clawdia/.openclaw/workspace/scripts/consolidated-email-processor.sh: line 319: policy_guard_check: command not found
log: Unknown subcommand 'INFO'
usage:
    log <command>

global options:
    -?, --help
    -q, --quiet
    -v, --verbose

commands:
    collect         gather system logs into a log archive
    config          view/change logging system settings
    diagnose        diagnose an archive for a variety of issues
    erase           delete system logging data
    repack          repack a log archive using a predicate
    show            view/search system logs
    stream          watch live system logs
    stats           show system logging statistics

further help:
    log help <command>
    log help predicates
    log help shorthand
log: Unknown subcommand 'INFO'
usage:
    log <command>

global options:
    -?, --help
    -q, --quiet
    -v, --verbose

commands:
    collect         gather system logs into a log archive
    config          view/change logging system settings
    diagnose        diagnose an archive for a variety of issues
    erase           delete system logging data
    repack          repack a log archive using a predicate
    show            view/search system logs
    stream          watch live system logs
    stats           show system logging statistics

further help:
    log help <command>
    log help predicates
    log help shorthand
log: Unknown subcommand 'INFO'
usage:
    log <command>

global options:
    -?, --help
    -q, --quiet
    -v, --verbose

commands:
    collect         gather system logs into a log archive
    config          view/change logging system settings
    diagnose        diagnose an archive for a variety of issues
    erase           delete system logging data
    repack          repack a log archive using a predicate
    show            view/search system logs
    stream          watch live system logs
    stats           show system logging statistics

further help:
    log help <command>
    log help predicates
    log help shorthand
/Users/clawdia/.openclaw/workspace/scripts/consolidated-email-processor.sh: line 284: should_create_todo: command not found
log: Unknown subcommand 'SUCCESS'
usage:
    log <command>

global options:
    -?, --help
    -q, --quiet
    -v, --verbose

commands:
    collect         gather system logs into a log archive
    config          view/change logging system settings
    diagnose        diagnose an archive for a variety of issues
    erase           delete system logging data
    repack          repack a log archive using a predicate
    show            view/search system logs
    stream          watch live system logs
    stats           show system logging statistics

further help:
    log help <command>
    log help predicates
    log help shorthand
/Users/clawdia/.openclaw/workspace/scripts/consolidated-email-processor.sh: line 284: should_create_todo: command not found
log: Unknown subcommand 'SUCCESS'
usage:
    log <command>

global options:
    -?, --help
    -q, --quiet
    -v, --verbose

commands:
    collect         gather system logs into a log archive
    config          view/change logging system settings
    diagnose        diagnose an archive for a variety of issues
    erase           delete system logging data
    repack          repack a log archive using a predicate
    show            view/search system logs
    stream          watch live system logs
    stats           show system logging statistics

further help:
    log help <command>
    log help predicates
    log help shorthand
/Users/clawdia/.openclaw/workspace/scripts/consolidated-email-processor.sh: line 284: should_create_todo: command not found
log: Unknown subcommand 'SUCCESS'
usage:
    log <command>

global options:
    -?, --help
    -q, --quiet
    -v, --verbose

commands:
    collect         gather system logs into a log archive
    config          view/change logging system settings
    diagnose        diagnose an archive for a variety of issues
    erase           delete system logging data
    repack          repack a log archive using a predicate
    show            view/search system logs
    stream          watch live system logs
    stats           show system logging statistics

further help:
    log help <command>
    log help predicates
    log help shorthand
/Users/clawdia/.openclaw/workspace/scripts/consolidated-email-processor.sh: line 284: should_create_todo: command not found
log: Unknown subcommand 'SUCCESS'
usage:
    log <command>

global options:
    -?, --help
    -q, --quiet
    -v, --verbose

commands:
    collect         gather system logs into a log archive
    config          view/change logging system settings
    diagnose        diagnose an archive for a variety of issues
    erase           delete system logging data
    repack          repack a log archive using a predicate
    show            view/search system logs
    stream          watch live system logs
    stats           show system logging statistics

further help:
    log help <command>
    log help predicates
    log help shorthand
/Users/clawdia/.openclaw/workspace/scripts/consolidated-email-processor.sh: line 284: should_create_todo: command not found
log: Unknown subcommand 'SUCCESS'
usage:
    log <command>

global options:
    -?, --help
    -q, --quiet
    -v, --verbose

commands:
    collect         gather system logs into a log archive
    config          view/change logging system settings
    diagnose        diagnose an archive for a variety of issues
    erase           delete system logging data
    repack          repack a log archive using a predicate
    show            view/search system logs
    stream          watch live system logs
    stats           show system logging statistics

further help:
    log help <command>
    log help predicates
    log help shorthand
/Users/clawdia/.openclaw/workspace/scripts/consolidated-email-processor.sh: line 284: should_create_todo: command not found
log: Unknown subcommand 'SUCCESS'
usage:
    log <command>

global options:
    -?, --help
    -q, --quiet
    -v, --verbose

commands:
    collect         gather system logs into a log archive
    config          view/change logging system settings
    diagnose        diagnose an archive for a variety of issues
    erase           delete system logging data
    repack          repack a log archive using a predicate
    show            view/search system logs
    stream          watch live system logs
    stats           show system logging statistics

further help:
    log help <command>
    log help predicates
    log help shorthand
/Users/clawdia/.openclaw/workspace/scripts/consolidated-email-processor.sh: line 297: should_create_todo: command not found
log: Unknown subcommand 'ERROR'
usage:
    log <command>

global options:
    -?, --help
    -q, --quiet
    -v, --verbose

commands:
    collect         gather system logs into a log archive
    config          view/change logging system settings
    diagnose        diagnose an archive for a variety of issues
    erase           delete system logging data
    repack          repack a log archive using a predicate
    show            view/search system logs
    stream          watch live system logs
    stats           show system logging statistics

further help:
    log help <command>
    log help predicates
    log help shorthand
/Users/clawdia/.openclaw/workspace/scripts/consolidated-email-processor.sh: line 297: should_create_todo: command not found
log: Unknown subcommand 'ERROR'
usage:
    log <command>

global options:
    -?, --help
    -q, --quiet
    -v, --verbose

commands:
    collect         gather system logs into a log archive
    config          view/change logging system settings
    diagnose        diagnose an archive for a variety of issues
    erase           delete system logging data
    repack          repack a log archive using a predicate
    show            view/search system logs
    stream          watch live system logs
    stats           show system logging statistics

further help:
    log help <command>
    log help predicates
    log help shorthand
/Users/clawdia/.openclaw/workspace/scripts/consolidated-email-processor.sh: line 297: should_create_todo: command not found
log: Unknown subcommand 'ERROR'
usage:
    log <command>

global options:
    -?, --help
    -q, --quiet
    -v, --verbose

commands:
    collect         gather system logs into a log archive
    config          view/change logging system settings
    diagnose        diagnose an archive for a variety of issues
    erase           delete system logging data
    repack          repack a log archive using a predicate
    show            view/search system logs
    stream          watch live system logs
    stats           show system logging statistics

further help:
    log help <command>
    log help predicates
    log help shorthand
/Users/clawdia/.openclaw/workspace/scripts/consolidated-email-processor.sh: line 297: should_create_todo: command not found
log: Unknown subcommand 'ERROR'
usage:
    log <command>

global options:
    -?, --help
    -q, --quiet
    -v, --verbose

commands:
    collect         gather system logs into a log archive
    config          view/change logging system settings
    diagnose        diagnose an archive for a variety of issues
    erase           delete system logging data
    repack          repack a log archive using a predicate
    show            view/search system logs
    stream          watch live system logs
    stats           show system logging statistics

further help:
    log help <command>
    log help predicates
    log help shorthand
/Users/clawdia/.openclaw/workspace/scripts/consolidated-email-processor.sh: line 297: should_create_todo: command not found
log: Unknown subcommand 'ERROR'
usage:
    log <command>

global options:
    -?, --help
    -q, --quiet
    -v, --verbose

commands:
    collect         gather system logs into a log archive
    config          view/change logging system settings
    diagnose        diagnose an archive for a variety of issues
    erase           delete system logging data
    repack          repack a log archive using a predicate
    show            view/search system logs
    stream          watch live system logs
    stats           show system logging statistics

further help:
    log help <command>
    log help predicates
    log help shorthand
log: Unknown subcommand 'INFO'
usage:
    log <command>

global options:
    -?, --help
    -q, --quiet
    -v, --verbose

commands:
    collect         gather system logs into a log archive
    config          view/change logging system settings
    diagnose        diagnose an archive for a variety of issues
    erase           delete system logging data
    repack          repack a log archive using a predicate
    show            view/search system logs
    stream          watch live system logs
    stats           show system logging statistics

further help:
    log help <command>
    log help predicates
    log help shorthand
log: Unknown subcommand 'ERROR'
usage:
    log <command>

global options:
    -?, --help
    -q, --quiet
    -v, --verbose

commands:
    collect         gather system logs into a log archive
    config          view/change logging system settings
    diagnose        diagnose an archive for a variety of issues
    erase           delete system logging data
    repack          repack a log archive using a predicate
    show            view/search system logs
    stream          watch live system logs
    stats           show system logging statistics

further help:
    log help <command>
    log help predicates
    log help shorthand
log: Unknown subcommand 'ERROR'
usage:
    log <command>

global options:
    -?, --help
    -q, --quiet
    -v, --verbose

commands:
    collect         gather system logs into a log archive
    config          view/change logging system settings
    diagnose        diagnose an archive for a variety of issues
    erase           delete system logging data
    repack          repack a log archive using a predicate
    show            view/search system logs
    stream          watch live system logs
    stats           show system logging statistics

further help:
    log help <command>
    log help predicates
    log help shorthand
/Users/clawdia/.openclaw/workspace/scripts/consolidated-email-processor.sh: line 329: check_quiet_hours: command not found
log: Unknown subcommand 'INFO'
usage:
    log <command>

global options:
    -?, --help
    -q, --quiet
    -v, --verbose

commands:
    collect         gather system logs into a log archive
    config          view/change logging system settings
    diagnose        diagnose an archive for a variety of issues
    erase           delete system logging data
    repack          repack a log archive using a predicate
    show            view/search system logs
    stream          watch live system logs
    stats           show system logging statistics

further help:
    log help <command>
    log help predicates
    log help shorthand
log: Unknown subcommand 'SUCCESS'
usage:
    log <command>

global options:
    -?, --help
    -q, --quiet
    -v, --verbose

commands:
    collect         gather system logs into a log archive
    config          view/change logging system settings
    diagnose        diagnose an archive for a variety of issues
    erase           delete system logging data
    repack          repack a log archive using a predicate
    show            view/search system logs
    stream          watch live system logs
    stats           show system logging statistics

further help:
    log help <command>
    log help predicates
    log help shorthand
/Users/clawdia/.openclaw/workspace/scripts/consolidated-email-processor.sh: line 343: cleanup_thread_tracking: command not found
log: Unknown subcommand 'INFO'
usage:
    log <command>

global options:
    -?, --help
    -q, --quiet
    -v, --verbose

commands:
    collect         gather system logs into a log archive
    config          view/change logging system settings
    diagnose        diagnose an archive for a variety of issues
    erase           delete system logging data
    repack          repack a log archive using a predicate
    show            view/search system logs
    stream          watch live system logs
    stats           show system logging statistics

further help:
    log help <command>
    log help predicates
    log help shorthand
log: Unknown subcommand 'INFO'
usage:
    log <command>

global options:
    -?, --help
    -q, --quiet
    -v, --verbose

commands:
    collect         gather system logs into a log archive
    config          view/change logging system settings
    diagnose        diagnose an archive for a variety of issues
    erase           delete system logging data
    repack          repack a log archive using a predicate
    show            view/search system logs
    stream          watch live system logs
    stats           show system logging statistics

further help:
    log help <command>
    log help predicates
    log help shorthand
log: Unknown subcommand 'ERROR'
usage:
    log <command>

global options:
    -?, --help
    -q, --quiet
    -v, --verbose

commands:
    collect         gather system logs into a log archive
    config          view/change logging system settings
    diagnose        diagnose an archive for a variety of issues
    erase           delete system logging data
    repack          repack a log archive using a predicate
    show            view/search system logs
    stream          watch live system logs
    stats           show system logging statistics

further help:
    log help <command>
    log help predicates
    log help shorthand
log: Unknown subcommand 'INFO'
usage:
    log <command>

global options:
    -?, --help
    -q, --quiet
    -v, --verbose

commands:
    collect         gather system logs into a log archive
    config          view/change logging system settings
    diagnose        diagnose an archive for a variety of issues
    erase           delete system logging data
    repack          repack a log archive using a predicate
    show            view/search system logs
    stream          watch live system logs
    stats           show system logging statistics

further help:
    log help <command>
    log help predicates
    log help shorthand
log: Unknown subcommand 'INFO'
usage:
    log <command>

global options:
    -?, --help
    -q, --quiet
    -v, --verbose

commands:
    collect         gather system logs into a log archive
    config          view/change logging system settings
    diagnose        diagnose an archive for a variety of issues
    erase           delete system logging data
    repack          repack a log archive using a predicate
    show            view/search system logs
    stream          watch live system logs
    stats           show system logging statistics

further help:
    log help <command>
    log help predicates
    log help shorthand
/Users/clawdia/.openclaw/workspace/scripts/consolidated-email-processor.sh: line 229: : No such file or directory
/Users/clawdia/.openclaw/workspace/scripts/consolidated-email-processor.sh: line 230: : No such file or directory
/Users/clawdia/.openclaw/workspace/scripts/consolidated-email-processor.sh: line 232: /summary-20260315-1900.txt: Read-only file system
log: Unknown subcommand 'INFO'
usage:
    log <command>

global options:
    -?, --help
    -q, --quiet
    -v, --verbose

commands:
    collect         gather system logs into a log archive
    config          view/change logging system settings
    diagnose        diagnose an archive for a variety of issues
    erase           delete system logging data
    repack          repack a log archive using a predicate
    show            view/search system logs
    stream          watch live system logs
    stats           show system logging statistics

further help:
    log help <command>
    log help predicates
    log help shorthand
find: : No such file or directory
log: Unknown subcommand 'INFO'
usage:
    log <command>

global options:
    -?, --help
    -q, --quiet
    -v, --verbose

commands:
    collect         gather system logs into a log archive
    config          view/change logging system settings
    diagnose        diagnose an archive for a variety of issues
    erase           delete system logging data
    repack          repack a log archive using a predicate
    show            view/search system logs
    stream          watch live system logs
    stats           show system logging statistics

further help:
    log help <command>
    log help predicates
    log help shorthand
log: Unknown subcommand 'SUCCESS'
usage:
    log <command>

global options:
    -?, --help
    -q, --quiet
    -v, --verbose

commands:
    collect         gather system logs into a log archive
    config          view/change logging system settings
    diagnose        diagnose an archive for a variety of issues
    erase           delete system logging data
    repack          repack a log archive using a predicate
    show            view/search system logs
    stream          watch live system logs
    stats           show system logging statistics

further help:
    log help <command>
    log help predicates
    log help shorthand
log: Unknown subcommand 'INFO'
usage:
    log <command>

global options:
    -?, --help
    -q, --quiet
    -v, --verbose

commands:
    collect         gather system logs into a log archive
    config          view/change logging system settings
    diagnose        diagnose an archive for a variety of issues
    erase           delete system logging data
    repack          repack a log archive using a predicate
    show            view/search system logs
    stream          watch live system logs
    stats           show system logging statistics

further help:
    log help <command>
    log help predicates
    log help shorthand
/Users/clawdia/.openclaw/workspace/scripts/consolidated-email-processor.sh: line 319: policy_guard_check: command not found
log: Unknown subcommand 'INFO'
usage:
    log <command>

global options:
    -?, --help
    -q, --quiet
    -v, --verbose

commands:
    collect         gather system logs into a log archive
    config          view/change logging system settings
    diagnose        diagnose an archive for a variety of issues
    erase           delete system logging data
    repack          repack a log archive using a predicate
    show            view/search system logs
    stream          watch live system logs
    stats           show system logging statistics

further help:
    log help <command>
    log help predicates
    log help shorthand
log: Unknown subcommand 'INFO'
usage:
    log <command>

global options:
    -?, --help
    -q, --quiet
    -v, --verbose

commands:
    collect         gather system logs into a log archive
    config          view/change logging system settings
    diagnose        diagnose an archive for a variety of issues
    erase           delete system logging data
    repack          repack a log archive using a predicate
    show            view/search system logs
    stream          watch live system logs
    stats           show system logging statistics

further help:
    log help <command>
    log help predicates
    log help shorthand
log: Unknown subcommand 'INFO'
usage:
    log <command>

global options:
    -?, --help
    -q, --quiet
    -v, --verbose

commands:
    collect         gather system logs into a log archive
    config          view/change logging system settings
    diagnose        diagnose an archive for a variety of issues
    erase           delete system logging data
    repack          repack a log archive using a predicate
    show            view/search system logs
    stream          watch live system logs
    stats           show system logging statistics

further help:
    log help <command>
    log help predicates
    log help shorthand
/Users/clawdia/.openclaw/workspace/scripts/consolidated-email-processor.sh: line 284: should_create_todo: command not found
log: Unknown subcommand 'SUCCESS'
usage:
    log <command>

global options:
    -?, --help
    -q, --quiet
    -v, --verbose

commands:
    collect         gather system logs into a log archive
    config          view/change logging system settings
    diagnose        diagnose an archive for a variety of issues
    erase           delete system logging data
    repack          repack a log archive using a predicate
    show            view/search system logs
    stream          watch live system logs
    stats           show system logging statistics

further help:
    log help <command>
    log help predicates
    log help shorthand
/Users/clawdia/.openclaw/workspace/scripts/consolidated-email-processor.sh: line 284: should_create_todo: command not found
log: Unknown subcommand 'SUCCESS'
usage:
    log <command>

global options:
    -?, --help
    -q, --quiet
    -v, --verbose

commands:
    collect         gather system logs into a log archive
    config          view/change logging system settings
    diagnose        diagnose an archive for a variety of issues
    erase           delete system logging data
    repack          repack a log archive using a predicate
    show            view/search system logs
    stream          watch live system logs
    stats           show system logging statistics

further help:
    log help <command>
    log help predicates
    log help shorthand
/Users/clawdia/.openclaw/workspace/scripts/consolidated-email-processor.sh: line 284: should_create_todo: command not found
log: Unknown subcommand 'SUCCESS'
usage:
    log <command>

global options:
    -?, --help
    -q, --quiet
    -v, --verbose

commands:
    collect         gather system logs into a log archive
    config          view/change logging system settings
    diagnose        diagnose an archive for a variety of issues
    erase           delete system logging data
    repack          repack a log archive using a predicate
    show            view/search system logs
    stream          watch live system logs
    stats           show system logging statistics

further help:
    log help <command>
    log help predicates
    log help shorthand
/Users/clawdia/.openclaw/workspace/scripts/consolidated-email-processor.sh: line 284: should_create_todo: command not found
log: Unknown subcommand 'SUCCESS'
usage:
    log <command>

global options:
    -?, --help
    -q, --quiet
    -v, --verbose

commands:
    collect         gather system logs into a log archive
    config          view/change logging system settings
    diagnose        diagnose an archive for a variety of issues
    erase           delete system logging data
    repack          repack a log archive using a predicate
    show            view/search system logs
    stream          watch live system logs
    stats           show system logging statistics

further help:
    log help <command>
    log help predicates
    log help shorthand
/Users/clawdia/.openclaw/workspace/scripts/consolidated-email-processor.sh: line 284: should_create_todo: command not found
log: Unknown subcommand 'SUCCESS'
usage:
    log <command>

global options:
    -?, --help
    -q, --quiet
    -v, --verbose

commands:
    collect         gather system logs into a log archive
    config          view/change logging system settings
    diagnose        diagnose an archive for a variety of issues
    erase           delete system logging data
    repack          repack a log archive using a predicate
    show            view/search system logs
    stream          watch live system logs
    stats           show system logging statistics

further help:
    log help <command>
    log help predicates
    log help shorthand
/Users/clawdia/.openclaw/workspace/scripts/consolidated-email-processor.sh: line 284: should_create_todo: command not found
log: Unknown subcommand 'SUCCESS'
usage:
    log <command>

global options:
    -?, --help
    -q, --quiet
    -v, --verbose

commands:
    collect         gather system logs into a log archive
    config          view/change logging system settings
    diagnose        diagnose an archive for a variety of issues
    erase           delete system logging data
    repack          repack a log archive using a predicate
    show            view/search system logs
    stream          watch live system logs
    stats           show system logging statistics

further help:
    log help <command>
    log help predicates
    log help shorthand
/Users/clawdia/.openclaw/workspace/scripts/consolidated-email-processor.sh: line 297: should_create_todo: command not found
log: Unknown subcommand 'ERROR'
usage:
    log <command>

global options:
    -?, --help
    -q, --quiet
    -v, --verbose

commands:
    collect         gather system logs into a log archive
    config          view/change logging system settings
    diagnose        diagnose an archive for a variety of issues
    erase           delete system logging data
    repack          repack a log archive using a predicate
    show            view/search system logs
    stream          watch live system logs
    stats           show system logging statistics

further help:
    log help <command>
    log help predicates
    log help shorthand
/Users/clawdia/.openclaw/workspace/scripts/consolidated-email-processor.sh: line 297: should_create_todo: command not found
log: Unknown subcommand 'ERROR'
usage:
    log <command>

global options:
    -?, --help
    -q, --quiet
    -v, --verbose

commands:
    collect         gather system logs into a log archive
    config          view/change logging system settings
    diagnose        diagnose an archive for a variety of issues
    erase           delete system logging data
    repack          repack a log archive using a predicate
    show            view/search system logs
    stream          watch live system logs
    stats           show system logging statistics

further help:
    log help <command>
    log help predicates
    log help shorthand
/Users/clawdia/.openclaw/workspace/scripts/consolidated-email-processor.sh: line 297: should_create_todo: command not found
log: Unknown subcommand 'ERROR'
usage:
    log <command>

global options:
    -?, --help
    -q, --quiet
    -v, --verbose

commands:
    collect         gather system logs into a log archive
    config          view/change logging system settings
    diagnose        diagnose an archive for a variety of issues
    erase           delete system logging data
    repack          repack a log archive using a predicate
    show            view/search system logs
    stream          watch live system logs
    stats           show system logging statistics

further help:
    log help <command>
    log help predicates
    log help shorthand
/Users/clawdia/.openclaw/workspace/scripts/consolidated-email-processor.sh: line 297: should_create_todo: command not found
log: Unknown subcommand 'ERROR'
usage:
    log <command>

global options:
    -?, --help
    -q, --quiet
    -v, --verbose

commands:
    collect         gather system logs into a log archive
    config          view/change logging system settings
    diagnose        diagnose an archive for a variety of issues
    erase           delete system logging data
    repack          repack a log archive using a predicate
    show            view/search system logs
    stream          watch live system logs
    stats           show system logging statistics

further help:
    log help <command>
    log help predicates
    log help shorthand
/Users/clawdia/.openclaw/workspace/scripts/consolidated-email-processor.sh: line 297: should_create_todo: command not found
log: Unknown subcommand 'ERROR'
usage:
    log <command>

global options:
    -?, --help
    -q, --quiet
    -v, --verbose

commands:
    collect         gather system logs into a log archive
    config          view/change logging system settings
    diagnose        diagnose an archive for a variety of issues
    erase           delete system logging data
    repack          repack a log archive using a predicate
    show            view/search system logs
    stream          watch live system logs
    stats           show system logging statistics

further help:
    log help <command>
    log help predicates
    log help shorthand
log: Unknown subcommand 'INFO'
usage:
    log <command>

global options:
    -?, --help
    -q, --quiet
    -v, --verbose

commands:
    collect         gather system logs into a log archive
    config          view/change logging system settings
    diagnose        diagnose an archive for a variety of issues
    erase           delete system logging data
    repack          repack a log archive using a predicate
    show            view/search system logs
    stream          watch live system logs
    stats           show system logging statistics

further help:
    log help <command>
    log help predicates
    log help shorthand
log: Unknown subcommand 'ERROR'
usage:
    log <command>

global options:
    -?, --help
    -q, --quiet
    -v, --verbose

commands:
    collect         gather system logs into a log archive
    config          view/change logging system settings
    diagnose        diagnose an archive for a variety of issues
    erase           delete system logging data
    repack          repack a log archive using a predicate
    show            view/search system logs
    stream          watch live system logs
    stats           show system logging statistics

further help:
    log help <command>
    log help predicates
    log help shorthand
log: Unknown subcommand 'ERROR'
usage:
    log <command>

global options:
    -?, --help
    -q, --quiet
    -v, --verbose

commands:
    collect         gather system logs into a log archive
    config          view/change logging system settings
    diagnose        diagnose an archive for a variety of issues
    erase           delete system logging data
    repack          repack a log archive using a predicate
    show            view/search system logs
    stream          watch live system logs
    stats           show system logging statistics

further help:
    log help <command>
    log help predicates
    log help shorthand
/Users/clawdia/.openclaw/workspace/scripts/consolidated-email-processor.sh: line 329: check_quiet_hours: command not found
log: Unknown subcommand 'INFO'
usage:
    log <command>

global options:
    -?, --help
    -q, --quiet
    -v, --verbose

commands:
    collect         gather system logs into a log archive
    config          view/change logging system settings
    diagnose        diagnose an archive for a variety of issues
    erase           delete system logging data
    repack          repack a log archive using a predicate
    show            view/search system logs
    stream          watch live system logs
    stats           show system logging statistics

further help:
    log help <command>
    log help predicates
    log help shorthand
log: Unknown subcommand 'SUCCESS'
usage:
    log <command>

global options:
    -?, --help
    -q, --quiet
    -v, --verbose

commands:
    collect         gather system logs into a log archive
    config          view/change logging system settings
    diagnose        diagnose an archive for a variety of issues
    erase           delete system logging data
    repack          repack a log archive using a predicate
    show            view/search system logs
    stream          watch live system logs
    stats           show system logging statistics

further help:
    log help <command>
    log help predicates
    log help shorthand
/Users/clawdia/.openclaw/workspace/scripts/consolidated-email-processor.sh: line 343: cleanup_thread_tracking: command not found
log: Unknown subcommand 'INFO'
usage:
    log <command>

global options:
    -?, --help
    -q, --quiet
    -v, --verbose

commands:
    collect         gather system logs into a log archive
    config          view/change logging system settings
    diagnose        diagnose an archive for a variety of issues
    erase           delete system logging data
    repack          repack a log archive using a predicate
    show            view/search system logs
    stream          watch live system logs
    stats           show system logging statistics

further help:
    log help <command>
    log help predicates
    log help shorthand
log: Unknown subcommand 'INFO'
usage:
    log <command>

global options:
    -?, --help
    -q, --quiet
    -v, --verbose

commands:
    collect         gather system logs into a log archive
    config          view/change logging system settings
    diagnose        diagnose an archive for a variety of issues
    erase           delete system logging data
    repack          repack a log archive using a predicate
    show            view/search system logs
    stream          watch live system logs
    stats           show system logging statistics

further help:
    log help <command>
    log help predicates
    log help shorthand
log: Unknown subcommand 'ERROR'
usage:
    log <command>

global options:
    -?, --help
    -q, --quiet
    -v, --verbose

commands:
    collect         gather system logs into a log archive
    config          view/change logging system settings
    diagnose        diagnose an archive for a variety of issues
    erase           delete system logging data
    repack          repack a log archive using a predicate
    show            view/search system logs
    stream          watch live system logs
    stats           show system logging statistics

further help:
    log help <command>
    log help predicates
    log help shorthand
log: Unknown subcommand 'INFO'
usage:
    log <command>

global options:
    -?, --help
    -q, --quiet
    -v, --verbose

commands:
    collect         gather system logs into a log archive
    config          view/change logging system settings
    diagnose        diagnose an archive for a variety of issues
    erase           delete system logging data
    repack          repack a log archive using a predicate
    show            view/search system logs
    stream          watch live system logs
    stats           show system logging statistics

further help:
    log help <command>
    log help predicates
    log help shorthand
log: Unknown subcommand 'INFO'
usage:
    log <command>

global options:
    -?, --help
    -q, --quiet
    -v, --verbose

commands:
    collect         gather system logs into a log archive
    config          view/change logging system settings
    diagnose        diagnose an archive for a variety of issues
    erase           delete system logging data
    repack          repack a log archive using a predicate
    show            view/search system logs
    stream          watch live system logs
    stats           show system logging statistics

further help:
    log help <command>
    log help predicates
    log help shorthand
/Users/clawdia/.openclaw/workspace/scripts/consolidated-email-processor.sh: line 229: : No such file or directory
/Users/clawdia/.openclaw/workspace/scripts/consolidated-email-processor.sh: line 230: : No such file or directory
/Users/clawdia/.openclaw/workspace/scripts/consolidated-email-processor.sh: line 232: /summary-20260315-2000.txt: Read-only file system
log: Unknown subcommand 'INFO'
usage:
    log <command>

global options:
    -?, --help
    -q, --quiet
    -v, --verbose

commands:
    collect         gather system logs into a log archive
    config          view/change logging system settings
    diagnose        diagnose an archive for a variety of issues
    erase           delete system logging data
    repack          repack a log archive using a predicate
    show            view/search system logs
    stream          watch live system logs
    stats           show system logging statistics

further help:
    log help <command>
    log help predicates
    log help shorthand
find: : No such file or directory
log: Unknown subcommand 'INFO'
usage:
    log <command>

global options:
    -?, --help
    -q, --quiet
    -v, --verbose

commands:
    collect         gather system logs into a log archive
    config          view/change logging system settings
    diagnose        diagnose an archive for a variety of issues
    erase           delete system logging data
    repack          repack a log archive using a predicate
    show            view/search system logs
    stream          watch live system logs
    stats           show system logging statistics

further help:
    log help <command>
    log help predicates
    log help shorthand
log: Unknown subcommand 'SUCCESS'
usage:
    log <command>

global options:
    -?, --help
    -q, --quiet
    -v, --verbose

commands:
    collect         gather system logs into a log archive
    config          view/change logging system settings
    diagnose        diagnose an archive for a variety of issues
    erase           delete system logging data
    repack          repack a log archive using a predicate
    show            view/search system logs
    stream          watch live system logs
    stats           show system logging statistics

further help:
    log help <command>
    log help predicates
    log help shorthand
log: Unknown subcommand 'INFO'
usage:
    log <command>

global options:
    -?, --help
    -q, --quiet
    -v, --verbose

commands:
    collect         gather system logs into a log archive
    config          view/change logging system settings
    diagnose        diagnose an archive for a variety of issues
    erase           delete system logging data
    repack          repack a log archive using a predicate
    show            view/search system logs
    stream          watch live system logs
    stats           show system logging statistics

further help:
    log help <command>
    log help predicates
    log help shorthand
/Users/clawdia/.openclaw/workspace/scripts/consolidated-email-processor.sh: line 319: policy_guard_check: command not found
log: Unknown subcommand 'INFO'
usage:
    log <command>

global options:
    -?, --help
    -q, --quiet
    -v, --verbose

commands:
    collect         gather system logs into a log archive
    config          view/change logging system settings
    diagnose        diagnose an archive for a variety of issues
    erase           delete system logging data
    repack          repack a log archive using a predicate
    show            view/search system logs
    stream          watch live system logs
    stats           show system logging statistics

further help:
    log help <command>
    log help predicates
    log help shorthand
log: Unknown subcommand 'INFO'
usage:
    log <command>

global options:
    -?, --help
    -q, --quiet
    -v, --verbose

commands:
    collect         gather system logs into a log archive
    config          view/change logging system settings
    diagnose        diagnose an archive for a variety of issues
    erase           delete system logging data
    repack          repack a log archive using a predicate
    show            view/search system logs
    stream          watch live system logs
    stats           show system logging statistics

further help:
    log help <command>
    log help predicates
    log help shorthand
log: Unknown subcommand 'INFO'
usage:
    log <command>

global options:
    -?, --help
    -q, --quiet
    -v, --verbose

commands:
    collect         gather system logs into a log archive
    config          view/change logging system settings
    diagnose        diagnose an archive for a variety of issues
    erase           delete system logging data
    repack          repack a log archive using a predicate
    show            view/search system logs
    stream          watch live system logs
    stats           show system logging statistics

further help:
    log help <command>
    log help predicates
    log help shorthand
/Users/clawdia/.openclaw/workspace/scripts/consolidated-email-processor.sh: line 284: should_create_todo: command not found
log: Unknown subcommand 'SUCCESS'
usage:
    log <command>

global options:
    -?, --help
    -q, --quiet
    -v, --verbose

commands:
    collect         gather system logs into a log archive
    config          view/change logging system settings
    diagnose        diagnose an archive for a variety of issues
    erase           delete system logging data
    repack          repack a log archive using a predicate
    show            view/search system logs
    stream          watch live system logs
    stats           show system logging statistics

further help:
    log help <command>
    log help predicates
    log help shorthand
/Users/clawdia/.openclaw/workspace/scripts/consolidated-email-processor.sh: line 284: should_create_todo: command not found
log: Unknown subcommand 'SUCCESS'
usage:
    log <command>

global options:
    -?, --help
    -q, --quiet
    -v, --verbose

commands:
    collect         gather system logs into a log archive
    config          view/change logging system settings
    diagnose        diagnose an archive for a variety of issues
    erase           delete system logging data
    repack          repack a log archive using a predicate
    show            view/search system logs
    stream          watch live system logs
    stats           show system logging statistics

further help:
    log help <command>
    log help predicates
    log help shorthand
/Users/clawdia/.openclaw/workspace/scripts/consolidated-email-processor.sh: line 284: should_create_todo: command not found
log: Unknown subcommand 'SUCCESS'
usage:
    log <command>

global options:
    -?, --help
    -q, --quiet
    -v, --verbose

commands:
    collect         gather system logs into a log archive
    config          view/change logging system settings
    diagnose        diagnose an archive for a variety of issues
    erase           delete system logging data
    repack          repack a log archive using a predicate
    show            view/search system logs
    stream          watch live system logs
    stats           show system logging statistics

further help:
    log help <command>
    log help predicates
    log help shorthand
/Users/clawdia/.openclaw/workspace/scripts/consolidated-email-processor.sh: line 284: should_create_todo: command not found
log: Unknown subcommand 'SUCCESS'
usage:
    log <command>

global options:
    -?, --help
    -q, --quiet
    -v, --verbose

commands:
    collect         gather system logs into a log archive
    config          view/change logging system settings
    diagnose        diagnose an archive for a variety of issues
    erase           delete system logging data
    repack          repack a log archive using a predicate
    show            view/search system logs
    stream          watch live system logs
    stats           show system logging statistics

further help:
    log help <command>
    log help predicates
    log help shorthand
/Users/clawdia/.openclaw/workspace/scripts/consolidated-email-processor.sh: line 284: should_create_todo: command not found
log: Unknown subcommand 'SUCCESS'
usage:
    log <command>

global options:
    -?, --help
    -q, --quiet
    -v, --verbose

commands:
    collect         gather system logs into a log archive
    config          view/change logging system settings
    diagnose        diagnose an archive for a variety of issues
    erase           delete system logging data
    repack          repack a log archive using a predicate
    show            view/search system logs
    stream          watch live system logs
    stats           show system logging statistics

further help:
    log help <command>
    log help predicates
    log help shorthand
/Users/clawdia/.openclaw/workspace/scripts/consolidated-email-processor.sh: line 284: should_create_todo: command not found
log: Unknown subcommand 'SUCCESS'
usage:
    log <command>

global options:
    -?, --help
    -q, --quiet
    -v, --verbose

commands:
    collect         gather system logs into a log archive
    config          view/change logging system settings
    diagnose        diagnose an archive for a variety of issues
    erase           delete system logging data
    repack          repack a log archive using a predicate
    show            view/search system logs
    stream          watch live system logs
    stats           show system logging statistics

further help:
    log help <command>
    log help predicates
    log help shorthand
/Users/clawdia/.openclaw/workspace/scripts/consolidated-email-processor.sh: line 297: should_create_todo: command not found
log: Unknown subcommand 'ERROR'
usage:
    log <command>

global options:
    -?, --help
    -q, --quiet
    -v, --verbose

commands:
    collect         gather system logs into a log archive
    config          view/change logging system settings
    diagnose        diagnose an archive for a variety of issues
    erase           delete system logging data
    repack          repack a log archive using a predicate
    show            view/search system logs
    stream          watch live system logs
    stats           show system logging statistics

further help:
    log help <command>
    log help predicates
    log help shorthand
/Users/clawdia/.openclaw/workspace/scripts/consolidated-email-processor.sh: line 297: should_create_todo: command not found
log: Unknown subcommand 'ERROR'
usage:
    log <command>

global options:
    -?, --help
    -q, --quiet
    -v, --verbose

commands:
    collect         gather system logs into a log archive
    config          view/change logging system settings
    diagnose        diagnose an archive for a variety of issues
    erase           delete system logging data
    repack          repack a log archive using a predicate
    show            view/search system logs
    stream          watch live system logs
    stats           show system logging statistics

further help:
    log help <command>
    log help predicates
    log help shorthand
/Users/clawdia/.openclaw/workspace/scripts/consolidated-email-processor.sh: line 297: should_create_todo: command not found
log: Unknown subcommand 'ERROR'
usage:
    log <command>

global options:
    -?, --help
    -q, --quiet
    -v, --verbose

commands:
    collect         gather system logs into a log archive
    config          view/change logging system settings
    diagnose        diagnose an archive for a variety of issues
    erase           delete system logging data
    repack          repack a log archive using a predicate
    show            view/search system logs
    stream          watch live system logs
    stats           show system logging statistics

further help:
    log help <command>
    log help predicates
    log help shorthand
/Users/clawdia/.openclaw/workspace/scripts/consolidated-email-processor.sh: line 297: should_create_todo: command not found
log: Unknown subcommand 'ERROR'
usage:
    log <command>

global options:
    -?, --help
    -q, --quiet
    -v, --verbose

commands:
    collect         gather system logs into a log archive
    config          view/change logging system settings
    diagnose        diagnose an archive for a variety of issues
    erase           delete system logging data
    repack          repack a log archive using a predicate
    show            view/search system logs
    stream          watch live system logs
    stats           show system logging statistics

further help:
    log help <command>
    log help predicates
    log help shorthand
/Users/clawdia/.openclaw/workspace/scripts/consolidated-email-processor.sh: line 297: should_create_todo: command not found
log: Unknown subcommand 'ERROR'
usage:
    log <command>

global options:
    -?, --help
    -q, --quiet
    -v, --verbose

commands:
    collect         gather system logs into a log archive
    config          view/change logging system settings
    diagnose        diagnose an archive for a variety of issues
    erase           delete system logging data
    repack          repack a log archive using a predicate
    show            view/search system logs
    stream          watch live system logs
    stats           show system logging statistics

further help:
    log help <command>
    log help predicates
    log help shorthand
log: Unknown subcommand 'INFO'
usage:
    log <command>

global options:
    -?, --help
    -q, --quiet
    -v, --verbose

commands:
    collect         gather system logs into a log archive
    config          view/change logging system settings
    diagnose        diagnose an archive for a variety of issues
    erase           delete system logging data
    repack          repack a log archive using a predicate
    show            view/search system logs
    stream          watch live system logs
    stats           show system logging statistics

further help:
    log help <command>
    log help predicates
    log help shorthand
log: Unknown subcommand 'ERROR'
usage:
    log <command>

global options:
    -?, --help
    -q, --quiet
    -v, --verbose

commands:
    collect         gather system logs into a log archive
    config          view/change logging system settings
    diagnose        diagnose an archive for a variety of issues
    erase           delete system logging data
    repack          repack a log archive using a predicate
    show            view/search system logs
    stream          watch live system logs
    stats           show system logging statistics

further help:
    log help <command>
    log help predicates
    log help shorthand
log: Unknown subcommand 'ERROR'
usage:
    log <command>

global options:
    -?, --help
    -q, --quiet
    -v, --verbose

commands:
    collect         gather system logs into a log archive
    config          view/change logging system settings
    diagnose        diagnose an archive for a variety of issues
    erase           delete system logging data
    repack          repack a log archive using a predicate
    show            view/search system logs
    stream          watch live system logs
    stats           show system logging statistics

further help:
    log help <command>
    log help predicates
    log help shorthand
/Users/clawdia/.openclaw/workspace/scripts/consolidated-email-processor.sh: line 329: check_quiet_hours: command not found
log: Unknown subcommand 'INFO'
usage:
    log <command>

global options:
    -?, --help
    -q, --quiet
    -v, --verbose

commands:
    collect         gather system logs into a log archive
    config          view/change logging system settings
    diagnose        diagnose an archive for a variety of issues
    erase           delete system logging data
    repack          repack a log archive using a predicate
    show            view/search system logs
    stream          watch live system logs
    stats           show system logging statistics

further help:
    log help <command>
    log help predicates
    log help shorthand
log: Unknown subcommand 'SUCCESS'
usage:
    log <command>

global options:
    -?, --help
    -q, --quiet
    -v, --verbose

commands:
    collect         gather system logs into a log archive
    config          view/change logging system settings
    diagnose        diagnose an archive for a variety of issues
    erase           delete system logging data
    repack          repack a log archive using a predicate
    show            view/search system logs
    stream          watch live system logs
    stats           show system logging statistics

further help:
    log help <command>
    log help predicates
    log help shorthand
/Users/clawdia/.openclaw/workspace/scripts/consolidated-email-processor.sh: line 343: cleanup_thread_tracking: command not found
log: Unknown subcommand 'INFO'
usage:
    log <command>

global options:
    -?, --help
    -q, --quiet
    -v, --verbose

commands:
    collect         gather system logs into a log archive
    config          view/change logging system settings
    diagnose        diagnose an archive for a variety of issues
    erase           delete system logging data
    repack          repack a log archive using a predicate
    show            view/search system logs
    stream          watch live system logs
    stats           show system logging statistics

further help:
    log help <command>
    log help predicates
    log help shorthand
log: Unknown subcommand 'INFO'
usage:
    log <command>

global options:
    -?, --help
    -q, --quiet
    -v, --verbose

commands:
    collect         gather system logs into a log archive
    config          view/change logging system settings
    diagnose        diagnose an archive for a variety of issues
    erase           delete system logging data
    repack          repack a log archive using a predicate
    show            view/search system logs
    stream          watch live system logs
    stats           show system logging statistics

further help:
    log help <command>
    log help predicates
    log help shorthand
log: Unknown subcommand 'ERROR'
usage:
    log <command>

global options:
    -?, --help
    -q, --quiet
    -v, --verbose

commands:
    collect         gather system logs into a log archive
    config          view/change logging system settings
    diagnose        diagnose an archive for a variety of issues
    erase           delete system logging data
    repack          repack a log archive using a predicate
    show            view/search system logs
    stream          watch live system logs
    stats           show system logging statistics

further help:
    log help <command>
    log help predicates
    log help shorthand
log: Unknown subcommand 'INFO'
usage:
    log <command>

global options:
    -?, --help
    -q, --quiet
    -v, --verbose

commands:
    collect         gather system logs into a log archive
    config          view/change logging system settings
    diagnose        diagnose an archive for a variety of issues
    erase           delete system logging data
    repack          repack a log archive using a predicate
    show            view/search system logs
    stream          watch live system logs
    stats           show system logging statistics

further help:
    log help <command>
    log help predicates
    log help shorthand
log: Unknown subcommand 'INFO'
usage:
    log <command>

global options:
    -?, --help
    -q, --quiet
    -v, --verbose

commands:
    collect         gather system logs into a log archive
    config          view/change logging system settings
    diagnose        diagnose an archive for a variety of issues
    erase           delete system logging data
    repack          repack a log archive using a predicate
    show            view/search system logs
    stream          watch live system logs
    stats           show system logging statistics

further help:
    log help <command>
    log help predicates
    log help shorthand
/Users/clawdia/.openclaw/workspace/scripts/consolidated-email-processor.sh: line 229: : No such file or directory
/Users/clawdia/.openclaw/workspace/scripts/consolidated-email-processor.sh: line 230: : No such file or directory
/Users/clawdia/.openclaw/workspace/scripts/consolidated-email-processor.sh: line 232: /summary-20260315-2100.txt: Read-only file system
log: Unknown subcommand 'INFO'
usage:
    log <command>

global options:
    -?, --help
    -q, --quiet
    -v, --verbose

commands:
    collect         gather system logs into a log archive
    config          view/change logging system settings
    diagnose        diagnose an archive for a variety of issues
    erase           delete system logging data
    repack          repack a log archive using a predicate
    show            view/search system logs
    stream          watch live system logs
    stats           show system logging statistics

further help:
    log help <command>
    log help predicates
    log help shorthand
find: : No such file or directory
log: Unknown subcommand 'INFO'
usage:
    log <command>

global options:
    -?, --help
    -q, --quiet
    -v, --verbose

commands:
    collect         gather system logs into a log archive
    config          view/change logging system settings
    diagnose        diagnose an archive for a variety of issues
    erase           delete system logging data
    repack          repack a log archive using a predicate
    show            view/search system logs
    stream          watch live system logs
    stats           show system logging statistics

further help:
    log help <command>
    log help predicates
    log help shorthand
log: Unknown subcommand 'SUCCESS'
usage:
    log <command>

global options:
    -?, --help
    -q, --quiet
    -v, --verbose

commands:
    collect         gather system logs into a log archive
    config          view/change logging system settings
    diagnose        diagnose an archive for a variety of issues
    erase           delete system logging data
    repack          repack a log archive using a predicate
    show            view/search system logs
    stream          watch live system logs
    stats           show system logging statistics

further help:
    log help <command>
    log help predicates
    log help shorthand
log: Unknown subcommand 'INFO'
usage:
    log <command>

global options:
    -?, --help
    -q, --quiet
    -v, --verbose

commands:
    collect         gather system logs into a log archive
    config          view/change logging system settings
    diagnose        diagnose an archive for a variety of issues
    erase           delete system logging data
    repack          repack a log archive using a predicate
    show            view/search system logs
    stream          watch live system logs
    stats           show system logging statistics

further help:
    log help <command>
    log help predicates
    log help shorthand
/Users/clawdia/.openclaw/workspace/scripts/consolidated-email-processor.sh: line 319: policy_guard_check: command not found
log: Unknown subcommand 'INFO'
usage:
    log <command>

global options:
    -?, --help
    -q, --quiet
    -v, --verbose

commands:
    collect         gather system logs into a log archive
    config          view/change logging system settings
    diagnose        diagnose an archive for a variety of issues
    erase           delete system logging data
    repack          repack a log archive using a predicate
    show            view/search system logs
    stream          watch live system logs
    stats           show system logging statistics

further help:
    log help <command>
    log help predicates
    log help shorthand
log: Unknown subcommand 'INFO'
usage:
    log <command>

global options:
    -?, --help
    -q, --quiet
    -v, --verbose

commands:
    collect         gather system logs into a log archive
    config          view/change logging system settings
    diagnose        diagnose an archive for a variety of issues
    erase           delete system logging data
    repack          repack a log archive using a predicate
    show            view/search system logs
    stream          watch live system logs
    stats           show system logging statistics

further help:
    log help <command>
    log help predicates
    log help shorthand
log: Unknown subcommand 'INFO'
usage:
    log <command>

global options:
    -?, --help
    -q, --quiet
    -v, --verbose

commands:
    collect         gather system logs into a log archive
    config          view/change logging system settings
    diagnose        diagnose an archive for a variety of issues
    erase           delete system logging data
    repack          repack a log archive using a predicate
    show            view/search system logs
    stream          watch live system logs
    stats           show system logging statistics

further help:
    log help <command>
    log help predicates
    log help shorthand
/Users/clawdia/.openclaw/workspace/scripts/consolidated-email-processor.sh: line 284: should_create_todo: command not found
log: Unknown subcommand 'SUCCESS'
usage:
    log <command>

global options:
    -?, --help
    -q, --quiet
    -v, --verbose

commands:
    collect         gather system logs into a log archive
    config          view/change logging system settings
    diagnose        diagnose an archive for a variety of issues
    erase           delete system logging data
    repack          repack a log archive using a predicate
    show            view/search system logs
    stream          watch live system logs
    stats           show system logging statistics

further help:
    log help <command>
    log help predicates
    log help shorthand
/Users/clawdia/.openclaw/workspace/scripts/consolidated-email-processor.sh: line 284: should_create_todo: command not found
log: Unknown subcommand 'SUCCESS'
usage:
    log <command>

global options:
    -?, --help
    -q, --quiet
    -v, --verbose

commands:
    collect         gather system logs into a log archive
    config          view/change logging system settings
    diagnose        diagnose an archive for a variety of issues
    erase           delete system logging data
    repack          repack a log archive using a predicate
    show            view/search system logs
    stream          watch live system logs
    stats           show system logging statistics

further help:
    log help <command>
    log help predicates
    log help shorthand
/Users/clawdia/.openclaw/workspace/scripts/consolidated-email-processor.sh: line 284: should_create_todo: command not found
log: Unknown subcommand 'SUCCESS'
usage:
    log <command>

global options:
    -?, --help
    -q, --quiet
    -v, --verbose

commands:
    collect         gather system logs into a log archive
    config          view/change logging system settings
    diagnose        diagnose an archive for a variety of issues
    erase           delete system logging data
    repack          repack a log archive using a predicate
    show            view/search system logs
    stream          watch live system logs
    stats           show system logging statistics

further help:
    log help <command>
    log help predicates
    log help shorthand
/Users/clawdia/.openclaw/workspace/scripts/consolidated-email-processor.sh: line 284: should_create_todo: command not found
log: Unknown subcommand 'SUCCESS'
usage:
    log <command>

global options:
    -?, --help
    -q, --quiet
    -v, --verbose

commands:
    collect         gather system logs into a log archive
    config          view/change logging system settings
    diagnose        diagnose an archive for a variety of issues
    erase           delete system logging data
    repack          repack a log archive using a predicate
    show            view/search system logs
    stream          watch live system logs
    stats           show system logging statistics

further help:
    log help <command>
    log help predicates
    log help shorthand
/Users/clawdia/.openclaw/workspace/scripts/consolidated-email-processor.sh: line 284: should_create_todo: command not found
log: Unknown subcommand 'SUCCESS'
usage:
    log <command>

global options:
    -?, --help
    -q, --quiet
    -v, --verbose

commands:
    collect         gather system logs into a log archive
    config          view/change logging system settings
    diagnose        diagnose an archive for a variety of issues
    erase           delete system logging data
    repack          repack a log archive using a predicate
    show            view/search system logs
    stream          watch live system logs
    stats           show system logging statistics

further help:
    log help <command>
    log help predicates
    log help shorthand
/Users/clawdia/.openclaw/workspace/scripts/consolidated-email-processor.sh: line 284: should_create_todo: command not found
log: Unknown subcommand 'SUCCESS'
usage:
    log <command>

global options:
    -?, --help
    -q, --quiet
    -v, --verbose

commands:
    collect         gather system logs into a log archive
    config          view/change logging system settings
    diagnose        diagnose an archive for a variety of issues
    erase           delete system logging data
    repack          repack a log archive using a predicate
    show            view/search system logs
    stream          watch live system logs
    stats           show system logging statistics

further help:
    log help <command>
    log help predicates
    log help shorthand
/Users/clawdia/.openclaw/workspace/scripts/consolidated-email-processor.sh: line 297: should_create_todo: command not found
log: Unknown subcommand 'ERROR'
usage:
    log <command>

global options:
    -?, --help
    -q, --quiet
    -v, --verbose

commands:
    collect         gather system logs into a log archive
    config          view/change logging system settings
    diagnose        diagnose an archive for a variety of issues
    erase           delete system logging data
    repack          repack a log archive using a predicate
    show            view/search system logs
    stream          watch live system logs
    stats           show system logging statistics

further help:
    log help <command>
    log help predicates
    log help shorthand
/Users/clawdia/.openclaw/workspace/scripts/consolidated-email-processor.sh: line 297: should_create_todo: command not found
log: Unknown subcommand 'ERROR'
usage:
    log <command>

global options:
    -?, --help
    -q, --quiet
    -v, --verbose

commands:
    collect         gather system logs into a log archive
    config          view/change logging system settings
    diagnose        diagnose an archive for a variety of issues
    erase           delete system logging data
    repack          repack a log archive using a predicate
    show            view/search system logs
    stream          watch live system logs
    stats           show system logging statistics

further help:
    log help <command>
    log help predicates
    log help shorthand
/Users/clawdia/.openclaw/workspace/scripts/consolidated-email-processor.sh: line 297: should_create_todo: command not found
log: Unknown subcommand 'ERROR'
usage:
    log <command>

global options:
    -?, --help
    -q, --quiet
    -v, --verbose

commands:
    collect         gather system logs into a log archive
    config          view/change logging system settings
    diagnose        diagnose an archive for a variety of issues
    erase           delete system logging data
    repack          repack a log archive using a predicate
    show            view/search system logs
    stream          watch live system logs
    stats           show system logging statistics

further help:
    log help <command>
    log help predicates
    log help shorthand
/Users/clawdia/.openclaw/workspace/scripts/consolidated-email-processor.sh: line 297: should_create_todo: command not found
log: Unknown subcommand 'ERROR'
usage:
    log <command>

global options:
    -?, --help
    -q, --quiet
    -v, --verbose

commands:
    collect         gather system logs into a log archive
    config          view/change logging system settings
    diagnose        diagnose an archive for a variety of issues
    erase           delete system logging data
    repack          repack a log archive using a predicate
    show            view/search system logs
    stream          watch live system logs
    stats           show system logging statistics

further help:
    log help <command>
    log help predicates
    log help shorthand
/Users/clawdia/.openclaw/workspace/scripts/consolidated-email-processor.sh: line 297: should_create_todo: command not found
log: Unknown subcommand 'ERROR'
usage:
    log <command>

global options:
    -?, --help
    -q, --quiet
    -v, --verbose

commands:
    collect         gather system logs into a log archive
    config          view/change logging system settings
    diagnose        diagnose an archive for a variety of issues
    erase           delete system logging data
    repack          repack a log archive using a predicate
    show            view/search system logs
    stream          watch live system logs
    stats           show system logging statistics

further help:
    log help <command>
    log help predicates
    log help shorthand
log: Unknown subcommand 'INFO'
usage:
    log <command>

global options:
    -?, --help
    -q, --quiet
    -v, --verbose

commands:
    collect         gather system logs into a log archive
    config          view/change logging system settings
    diagnose        diagnose an archive for a variety of issues
    erase           delete system logging data
    repack          repack a log archive using a predicate
    show            view/search system logs
    stream          watch live system logs
    stats           show system logging statistics

further help:
    log help <command>
    log help predicates
    log help shorthand
log: Unknown subcommand 'ERROR'
usage:
    log <command>

global options:
    -?, --help
    -q, --quiet
    -v, --verbose

commands:
    collect         gather system logs into a log archive
    config          view/change logging system settings
    diagnose        diagnose an archive for a variety of issues
    erase           delete system logging data
    repack          repack a log archive using a predicate
    show            view/search system logs
    stream          watch live system logs
    stats           show system logging statistics

further help:
    log help <command>
    log help predicates
    log help shorthand
log: Unknown subcommand 'ERROR'
usage:
    log <command>

global options:
    -?, --help
    -q, --quiet
    -v, --verbose

commands:
    collect         gather system logs into a log archive
    config          view/change logging system settings
    diagnose        diagnose an archive for a variety of issues
    erase           delete system logging data
    repack          repack a log archive using a predicate
    show            view/search system logs
    stream          watch live system logs
    stats           show system logging statistics

further help:
    log help <command>
    log help predicates
    log help shorthand
/Users/clawdia/.openclaw/workspace/scripts/consolidated-email-processor.sh: line 329: check_quiet_hours: command not found
log: Unknown subcommand 'INFO'
usage:
    log <command>

global options:
    -?, --help
    -q, --quiet
    -v, --verbose

commands:
    collect         gather system logs into a log archive
    config          view/change logging system settings
    diagnose        diagnose an archive for a variety of issues
    erase           delete system logging data
    repack          repack a log archive using a predicate
    show            view/search system logs
    stream          watch live system logs
    stats           show system logging statistics

further help:
    log help <command>
    log help predicates
    log help shorthand
log: Unknown subcommand 'SUCCESS'
usage:
    log <command>

global options:
    -?, --help
    -q, --quiet
    -v, --verbose

commands:
    collect         gather system logs into a log archive
    config          view/change logging system settings
    diagnose        diagnose an archive for a variety of issues
    erase           delete system logging data
    repack          repack a log archive using a predicate
    show            view/search system logs
    stream          watch live system logs
    stats           show system logging statistics

further help:
    log help <command>
    log help predicates
    log help shorthand
/Users/clawdia/.openclaw/workspace/scripts/consolidated-email-processor.sh: line 343: cleanup_thread_tracking: command not found
log: Unknown subcommand 'INFO'
usage:
    log <command>

global options:
    -?, --help
    -q, --quiet
    -v, --verbose

commands:
    collect         gather system logs into a log archive
    config          view/change logging system settings
    diagnose        diagnose an archive for a variety of issues
    erase           delete system logging data
    repack          repack a log archive using a predicate
    show            view/search system logs
    stream          watch live system logs
    stats           show system logging statistics

further help:
    log help <command>
    log help predicates
    log help shorthand
log: Unknown subcommand 'INFO'
usage:
    log <command>

global options:
    -?, --help
    -q, --quiet
    -v, --verbose

commands:
    collect         gather system logs into a log archive
    config          view/change logging system settings
    diagnose        diagnose an archive for a variety of issues
    erase           delete system logging data
    repack          repack a log archive using a predicate
    show            view/search system logs
    stream          watch live system logs
    stats           show system logging statistics

further help:
    log help <command>
    log help predicates
    log help shorthand
log: Unknown subcommand 'ERROR'
usage:
    log <command>

global options:
    -?, --help
    -q, --quiet
    -v, --verbose

commands:
    collect         gather system logs into a log archive
    config          view/change logging system settings
    diagnose        diagnose an archive for a variety of issues
    erase           delete system logging data
    repack          repack a log archive using a predicate
    show            view/search system logs
    stream          watch live system logs
    stats           show system logging statistics

further help:
    log help <command>
    log help predicates
    log help shorthand
log: Unknown subcommand 'INFO'
usage:
    log <command>

global options:
    -?, --help
    -q, --quiet
    -v, --verbose

commands:
    collect         gather system logs into a log archive
    config          view/change logging system settings
    diagnose        diagnose an archive for a variety of issues
    erase           delete system logging data
    repack          repack a log archive using a predicate
    show            view/search system logs
    stream          watch live system logs
    stats           show system logging statistics

further help:
    log help <command>
    log help predicates
    log help shorthand
log: Unknown subcommand 'INFO'
usage:
    log <command>

global options:
    -?, --help
    -q, --quiet
    -v, --verbose

commands:
    collect         gather system logs into a log archive
    config          view/change logging system settings
    diagnose        diagnose an archive for a variety of issues
    erase           delete system logging data
    repack          repack a log archive using a predicate
    show            view/search system logs
    stream          watch live system logs
    stats           show system logging statistics

further help:
    log help <command>
    log help predicates
    log help shorthand
/Users/clawdia/.openclaw/workspace/scripts/consolidated-email-processor.sh: line 229: : No such file or directory
/Users/clawdia/.openclaw/workspace/scripts/consolidated-email-processor.sh: line 230: : No such file or directory
/Users/clawdia/.openclaw/workspace/scripts/consolidated-email-processor.sh: line 232: /summary-20260315-2200.txt: Read-only file system
log: Unknown subcommand 'INFO'
usage:
    log <command>

global options:
    -?, --help
    -q, --quiet
    -v, --verbose

commands:
    collect         gather system logs into a log archive
    config          view/change logging system settings
    diagnose        diagnose an archive for a variety of issues
    erase           delete system logging data
    repack          repack a log archive using a predicate
    show            view/search system logs
    stream          watch live system logs
    stats           show system logging statistics

further help:
    log help <command>
    log help predicates
    log help shorthand
find: : No such file or directory
log: Unknown subcommand 'INFO'
usage:
    log <command>

global options:
    -?, --help
    -q, --quiet
    -v, --verbose

commands:
    collect         gather system logs into a log archive
    config          view/change logging system settings
    diagnose        diagnose an archive for a variety of issues
    erase           delete system logging data
    repack          repack a log archive using a predicate
    show            view/search system logs
    stream          watch live system logs
    stats           show system logging statistics

further help:
    log help <command>
    log help predicates
    log help shorthand
log: Unknown subcommand 'SUCCESS'
usage:
    log <command>

global options:
    -?, --help
    -q, --quiet
    -v, --verbose

commands:
    collect         gather system logs into a log archive
    config          view/change logging system settings
    diagnose        diagnose an archive for a variety of issues
    erase           delete system logging data
    repack          repack a log archive using a predicate
    show            view/search system logs
    stream          watch live system logs
    stats           show system logging statistics

further help:
    log help <command>
    log help predicates
    log help shorthand
log: Unknown subcommand 'INFO'
usage:
    log <command>

global options:
    -?, --help
    -q, --quiet
    -v, --verbose

commands:
    collect         gather system logs into a log archive
    config          view/change logging system settings
    diagnose        diagnose an archive for a variety of issues
    erase           delete system logging data
    repack          repack a log archive using a predicate
    show            view/search system logs
    stream          watch live system logs
    stats           show system logging statistics

further help:
    log help <command>
    log help predicates
    log help shorthand
/Users/clawdia/.openclaw/workspace/scripts/consolidated-email-processor.sh: line 319: policy_guard_check: command not found
log: Unknown subcommand 'INFO'
usage:
    log <command>

global options:
    -?, --help
    -q, --quiet
    -v, --verbose

commands:
    collect         gather system logs into a log archive
    config          view/change logging system settings
    diagnose        diagnose an archive for a variety of issues
    erase           delete system logging data
    repack          repack a log archive using a predicate
    show            view/search system logs
    stream          watch live system logs
    stats           show system logging statistics

further help:
    log help <command>
    log help predicates
    log help shorthand
log: Unknown subcommand 'INFO'
usage:
    log <command>

global options:
    -?, --help
    -q, --quiet
    -v, --verbose

commands:
    collect         gather system logs into a log archive
    config          view/change logging system settings
    diagnose        diagnose an archive for a variety of issues
    erase           delete system logging data
    repack          repack a log archive using a predicate
    show            view/search system logs
    stream          watch live system logs
    stats           show system logging statistics

further help:
    log help <command>
    log help predicates
    log help shorthand
log: Unknown subcommand 'INFO'
usage:
    log <command>

global options:
    -?, --help
    -q, --quiet
    -v, --verbose

commands:
    collect         gather system logs into a log archive
    config          view/change logging system settings
    diagnose        diagnose an archive for a variety of issues
    erase           delete system logging data
    repack          repack a log archive using a predicate
    show            view/search system logs
    stream          watch live system logs
    stats           show system logging statistics

further help:
    log help <command>
    log help predicates
    log help shorthand
/Users/clawdia/.openclaw/workspace/scripts/consolidated-email-processor.sh: line 284: should_create_todo: command not found
log: Unknown subcommand 'SUCCESS'
usage:
    log <command>

global options:
    -?, --help
    -q, --quiet
    -v, --verbose

commands:
    collect         gather system logs into a log archive
    config          view/change logging system settings
    diagnose        diagnose an archive for a variety of issues
    erase           delete system logging data
    repack          repack a log archive using a predicate
    show            view/search system logs
    stream          watch live system logs
    stats           show system logging statistics

further help:
    log help <command>
    log help predicates
    log help shorthand
/Users/clawdia/.openclaw/workspace/scripts/consolidated-email-processor.sh: line 284: should_create_todo: command not found
log: Unknown subcommand 'SUCCESS'
usage:
    log <command>

global options:
    -?, --help
    -q, --quiet
    -v, --verbose

commands:
    collect         gather system logs into a log archive
    config          view/change logging system settings
    diagnose        diagnose an archive for a variety of issues
    erase           delete system logging data
    repack          repack a log archive using a predicate
    show            view/search system logs
    stream          watch live system logs
    stats           show system logging statistics

further help:
    log help <command>
    log help predicates
    log help shorthand
/Users/clawdia/.openclaw/workspace/scripts/consolidated-email-processor.sh: line 284: should_create_todo: command not found
log: Unknown subcommand 'SUCCESS'
usage:
    log <command>

global options:
    -?, --help
    -q, --quiet
    -v, --verbose

commands:
    collect         gather system logs into a log archive
    config          view/change logging system settings
    diagnose        diagnose an archive for a variety of issues
    erase           delete system logging data
    repack          repack a log archive using a predicate
    show            view/search system logs
    stream          watch live system logs
    stats           show system logging statistics

further help:
    log help <command>
    log help predicates
    log help shorthand
/Users/clawdia/.openclaw/workspace/scripts/consolidated-email-processor.sh: line 284: should_create_todo: command not found
log: Unknown subcommand 'SUCCESS'
usage:
    log <command>

global options:
    -?, --help
    -q, --quiet
    -v, --verbose

commands:
    collect         gather system logs into a log archive
    config          view/change logging system settings
    diagnose        diagnose an archive for a variety of issues
    erase           delete system logging data
    repack          repack a log archive using a predicate
    show            view/search system logs
    stream          watch live system logs
    stats           show system logging statistics

further help:
    log help <command>
    log help predicates
    log help shorthand
/Users/clawdia/.openclaw/workspace/scripts/consolidated-email-processor.sh: line 284: should_create_todo: command not found
log: Unknown subcommand 'SUCCESS'
usage:
    log <command>

global options:
    -?, --help
    -q, --quiet
    -v, --verbose

commands:
    collect         gather system logs into a log archive
    config          view/change logging system settings
    diagnose        diagnose an archive for a variety of issues
    erase           delete system logging data
    repack          repack a log archive using a predicate
    show            view/search system logs
    stream          watch live system logs
    stats           show system logging statistics

further help:
    log help <command>
    log help predicates
    log help shorthand
/Users/clawdia/.openclaw/workspace/scripts/consolidated-email-processor.sh: line 284: should_create_todo: command not found
log: Unknown subcommand 'SUCCESS'
usage:
    log <command>

global options:
    -?, --help
    -q, --quiet
    -v, --verbose

commands:
    collect         gather system logs into a log archive
    config          view/change logging system settings
    diagnose        diagnose an archive for a variety of issues
    erase           delete system logging data
    repack          repack a log archive using a predicate
    show            view/search system logs
    stream          watch live system logs
    stats           show system logging statistics

further help:
    log help <command>
    log help predicates
    log help shorthand
/Users/clawdia/.openclaw/workspace/scripts/consolidated-email-processor.sh: line 297: should_create_todo: command not found
log: Unknown subcommand 'ERROR'
usage:
    log <command>

global options:
    -?, --help
    -q, --quiet
    -v, --verbose

commands:
    collect         gather system logs into a log archive
    config          view/change logging system settings
    diagnose        diagnose an archive for a variety of issues
    erase           delete system logging data
    repack          repack a log archive using a predicate
    show            view/search system logs
    stream          watch live system logs
    stats           show system logging statistics

further help:
    log help <command>
    log help predicates
    log help shorthand
/Users/clawdia/.openclaw/workspace/scripts/consolidated-email-processor.sh: line 297: should_create_todo: command not found
log: Unknown subcommand 'ERROR'
usage:
    log <command>

global options:
    -?, --help
    -q, --quiet
    -v, --verbose

commands:
    collect         gather system logs into a log archive
    config          view/change logging system settings
    diagnose        diagnose an archive for a variety of issues
    erase           delete system logging data
    repack          repack a log archive using a predicate
    show            view/search system logs
    stream          watch live system logs
    stats           show system logging statistics

further help:
    log help <command>
    log help predicates
    log help shorthand
/Users/clawdia/.openclaw/workspace/scripts/consolidated-email-processor.sh: line 297: should_create_todo: command not found
log: Unknown subcommand 'ERROR'
usage:
    log <command>

global options:
    -?, --help
    -q, --quiet
    -v, --verbose

commands:
    collect         gather system logs into a log archive
    config          view/change logging system settings
    diagnose        diagnose an archive for a variety of issues
    erase           delete system logging data
    repack          repack a log archive using a predicate
    show            view/search system logs
    stream          watch live system logs
    stats           show system logging statistics

further help:
    log help <command>
    log help predicates
    log help shorthand
/Users/clawdia/.openclaw/workspace/scripts/consolidated-email-processor.sh: line 297: should_create_todo: command not found
log: Unknown subcommand 'ERROR'
usage:
    log <command>

global options:
    -?, --help
    -q, --quiet
    -v, --verbose

commands:
    collect         gather system logs into a log archive
    config          view/change logging system settings
    diagnose        diagnose an archive for a variety of issues
    erase           delete system logging data
    repack          repack a log archive using a predicate
    show            view/search system logs
    stream          watch live system logs
    stats           show system logging statistics

further help:
    log help <command>
    log help predicates
    log help shorthand
/Users/clawdia/.openclaw/workspace/scripts/consolidated-email-processor.sh: line 297: should_create_todo: command not found
log: Unknown subcommand 'ERROR'
usage:
    log <command>

global options:
    -?, --help
    -q, --quiet
    -v, --verbose

commands:
    collect         gather system logs into a log archive
    config          view/change logging system settings
    diagnose        diagnose an archive for a variety of issues
    erase           delete system logging data
    repack          repack a log archive using a predicate
    show            view/search system logs
    stream          watch live system logs
    stats           show system logging statistics

further help:
    log help <command>
    log help predicates
    log help shorthand
log: Unknown subcommand 'INFO'
usage:
    log <command>

global options:
    -?, --help
    -q, --quiet
    -v, --verbose

commands:
    collect         gather system logs into a log archive
    config          view/change logging system settings
    diagnose        diagnose an archive for a variety of issues
    erase           delete system logging data
    repack          repack a log archive using a predicate
    show            view/search system logs
    stream          watch live system logs
    stats           show system logging statistics

further help:
    log help <command>
    log help predicates
    log help shorthand
log: Unknown subcommand 'ERROR'
usage:
    log <command>

global options:
    -?, --help
    -q, --quiet
    -v, --verbose

commands:
    collect         gather system logs into a log archive
    config          view/change logging system settings
    diagnose        diagnose an archive for a variety of issues
    erase           delete system logging data
    repack          repack a log archive using a predicate
    show            view/search system logs
    stream          watch live system logs
    stats           show system logging statistics

further help:
    log help <command>
    log help predicates
    log help shorthand
log: Unknown subcommand 'ERROR'
usage:
    log <command>

global options:
    -?, --help
    -q, --quiet
    -v, --verbose

commands:
    collect         gather system logs into a log archive
    config          view/change logging system settings
    diagnose        diagnose an archive for a variety of issues
    erase           delete system logging data
    repack          repack a log archive using a predicate
    show            view/search system logs
    stream          watch live system logs
    stats           show system logging statistics

further help:
    log help <command>
    log help predicates
    log help shorthand
/Users/clawdia/.openclaw/workspace/scripts/consolidated-email-processor.sh: line 329: check_quiet_hours: command not found
log: Unknown subcommand 'INFO'
usage:
    log <command>

global options:
    -?, --help
    -q, --quiet
    -v, --verbose

commands:
    collect         gather system logs into a log archive
    config          view/change logging system settings
    diagnose        diagnose an archive for a variety of issues
    erase           delete system logging data
    repack          repack a log archive using a predicate
    show            view/search system logs
    stream          watch live system logs
    stats           show system logging statistics

further help:
    log help <command>
    log help predicates
    log help shorthand
log: Unknown subcommand 'SUCCESS'
usage:
    log <command>

global options:
    -?, --help
    -q, --quiet
    -v, --verbose

commands:
    collect         gather system logs into a log archive
    config          view/change logging system settings
    diagnose        diagnose an archive for a variety of issues
    erase           delete system logging data
    repack          repack a log archive using a predicate
    show            view/search system logs
    stream          watch live system logs
    stats           show system logging statistics

further help:
    log help <command>
    log help predicates
    log help shorthand
/Users/clawdia/.openclaw/workspace/scripts/consolidated-email-processor.sh: line 343: cleanup_thread_tracking: command not found
log: Unknown subcommand 'INFO'
usage:
    log <command>

global options:
    -?, --help
    -q, --quiet
    -v, --verbose

commands:
    collect         gather system logs into a log archive
    config          view/change logging system settings
    diagnose        diagnose an archive for a variety of issues
    erase           delete system logging data
    repack          repack a log archive using a predicate
    show            view/search system logs
    stream          watch live system logs
    stats           show system logging statistics

further help:
    log help <command>
    log help predicates
    log help shorthand
log: Unknown subcommand 'INFO'
usage:
    log <command>

global options:
    -?, --help
    -q, --quiet
    -v, --verbose

commands:
    collect         gather system logs into a log archive
    config          view/change logging system settings
    diagnose        diagnose an archive for a variety of issues
    erase           delete system logging data
    repack          repack a log archive using a predicate
    show            view/search system logs
    stream          watch live system logs
    stats           show system logging statistics

further help:
    log help <command>
    log help predicates
    log help shorthand
log: Unknown subcommand 'ERROR'
usage:
    log <command>

global options:
    -?, --help
    -q, --quiet
    -v, --verbose

commands:
    collect         gather system logs into a log archive
    config          view/change logging system settings
    diagnose        diagnose an archive for a variety of issues
    erase           delete system logging data
    repack          repack a log archive using a predicate
    show            view/search system logs
    stream          watch live system logs
    stats           show system logging statistics

further help:
    log help <command>
    log help predicates
    log help shorthand
log: Unknown subcommand 'INFO'
usage:
    log <command>

global options:
    -?, --help
    -q, --quiet
    -v, --verbose

commands:
    collect         gather system logs into a log archive
    config          view/change logging system settings
    diagnose        diagnose an archive for a variety of issues
    erase           delete system logging data
    repack          repack a log archive using a predicate
    show            view/search system logs
    stream          watch live system logs
    stats           show system logging statistics

further help:
    log help <command>
    log help predicates
    log help shorthand
log: Unknown subcommand 'INFO'
usage:
    log <command>

global options:
    -?, --help
    -q, --quiet
    -v, --verbose

commands:
    collect         gather system logs into a log archive
    config          view/change logging system settings
    diagnose        diagnose an archive for a variety of issues
    erase           delete system logging data
    repack          repack a log archive using a predicate
    show            view/search system logs
    stream          watch live system logs
    stats           show system logging statistics

further help:
    log help <command>
    log help predicates
    log help shorthand
/Users/clawdia/.openclaw/workspace/scripts/consolidated-email-processor.sh: line 229: : No such file or directory
/Users/clawdia/.openclaw/workspace/scripts/consolidated-email-processor.sh: line 230: : No such file or directory
/Users/clawdia/.openclaw/workspace/scripts/consolidated-email-processor.sh: line 232: /summary-20260315-2300.txt: Read-only file system
log: Unknown subcommand 'INFO'
usage:
    log <command>

global options:
    -?, --help
    -q, --quiet
    -v, --verbose

commands:
    collect         gather system logs into a log archive
    config          view/change logging system settings
    diagnose        diagnose an archive for a variety of issues
    erase           delete system logging data
    repack          repack a log archive using a predicate
    show            view/search system logs
    stream          watch live system logs
    stats           show system logging statistics

further help:
    log help <command>
    log help predicates
    log help shorthand
find: : No such file or directory
log: Unknown subcommand 'INFO'
usage:
    log <command>

global options:
    -?, --help
    -q, --quiet
    -v, --verbose

commands:
    collect         gather system logs into a log archive
    config          view/change logging system settings
    diagnose        diagnose an archive for a variety of issues
    erase           delete system logging data
    repack          repack a log archive using a predicate
    show            view/search system logs
    stream          watch live system logs
    stats           show system logging statistics

further help:
    log help <command>
    log help predicates
    log help shorthand
log: Unknown subcommand 'SUCCESS'
usage:
    log <command>

global options:
    -?, --help
    -q, --quiet
    -v, --verbose

commands:
    collect         gather system logs into a log archive
    config          view/change logging system settings
    diagnose        diagnose an archive for a variety of issues
    erase           delete system logging data
    repack          repack a log archive using a predicate
    show            view/search system logs
    stream          watch live system logs
    stats           show system logging statistics

further help:
    log help <command>
    log help predicates
    log help shorthand
log: Unknown subcommand 'INFO'
usage:
    log <command>

global options:
    -?, --help
    -q, --quiet
    -v, --verbose

commands:
    collect         gather system logs into a log archive
    config          view/change logging system settings
    diagnose        diagnose an archive for a variety of issues
    erase           delete system logging data
    repack          repack a log archive using a predicate
    show            view/search system logs
    stream          watch live system logs
    stats           show system logging statistics

further help:
    log help <command>
    log help predicates
    log help shorthand
/Users/clawdia/.openclaw/workspace/scripts/consolidated-email-processor.sh: line 319: policy_guard_check: command not found
log: Unknown subcommand 'INFO'
usage:
    log <command>

global options:
    -?, --help
    -q, --quiet
    -v, --verbose

commands:
    collect         gather system logs into a log archive
    config          view/change logging system settings
    diagnose        diagnose an archive for a variety of issues
    erase           delete system logging data
    repack          repack a log archive using a predicate
    show            view/search system logs
    stream          watch live system logs
    stats           show system logging statistics

further help:
    log help <command>
    log help predicates
    log help shorthand
log: Unknown subcommand 'INFO'
usage:
    log <command>

global options:
    -?, --help
    -q, --quiet
    -v, --verbose

commands:
    collect         gather system logs into a log archive
    config          view/change logging system settings
    diagnose        diagnose an archive for a variety of issues
    erase           delete system logging data
    repack          repack a log archive using a predicate
    show            view/search system logs
    stream          watch live system logs
    stats           show system logging statistics

further help:
    log help <command>
    log help predicates
    log help shorthand
log: Unknown subcommand 'INFO'
usage:
    log <command>

global options:
    -?, --help
    -q, --quiet
    -v, --verbose

commands:
    collect         gather system logs into a log archive
    config          view/change logging system settings
    diagnose        diagnose an archive for a variety of issues
    erase           delete system logging data
    repack          repack a log archive using a predicate
    show            view/search system logs
    stream          watch live system logs
    stats           show system logging statistics

further help:
    log help <command>
    log help predicates
    log help shorthand
/Users/clawdia/.openclaw/workspace/scripts/consolidated-email-processor.sh: line 284: should_create_todo: command not found
log: Unknown subcommand 'SUCCESS'
usage:
    log <command>

global options:
    -?, --help
    -q, --quiet
    -v, --verbose

commands:
    collect         gather system logs into a log archive
    config          view/change logging system settings
    diagnose        diagnose an archive for a variety of issues
    erase           delete system logging data
    repack          repack a log archive using a predicate
    show            view/search system logs
    stream          watch live system logs
    stats           show system logging statistics

further help:
    log help <command>
    log help predicates
    log help shorthand
/Users/clawdia/.openclaw/workspace/scripts/consolidated-email-processor.sh: line 284: should_create_todo: command not found
log: Unknown subcommand 'SUCCESS'
usage:
    log <command>

global options:
    -?, --help
    -q, --quiet
    -v, --verbose

commands:
    collect         gather system logs into a log archive
    config          view/change logging system settings
    diagnose        diagnose an archive for a variety of issues
    erase           delete system logging data
    repack          repack a log archive using a predicate
    show            view/search system logs
    stream          watch live system logs
    stats           show system logging statistics

further help:
    log help <command>
    log help predicates
    log help shorthand
/Users/clawdia/.openclaw/workspace/scripts/consolidated-email-processor.sh: line 284: should_create_todo: command not found
log: Unknown subcommand 'SUCCESS'
usage:
    log <command>

global options:
    -?, --help
    -q, --quiet
    -v, --verbose

commands:
    collect         gather system logs into a log archive
    config          view/change logging system settings
    diagnose        diagnose an archive for a variety of issues
    erase           delete system logging data
    repack          repack a log archive using a predicate
    show            view/search system logs
    stream          watch live system logs
    stats           show system logging statistics

further help:
    log help <command>
    log help predicates
    log help shorthand
/Users/clawdia/.openclaw/workspace/scripts/consolidated-email-processor.sh: line 284: should_create_todo: command not found
log: Unknown subcommand 'SUCCESS'
usage:
    log <command>

global options:
    -?, --help
    -q, --quiet
    -v, --verbose

commands:
    collect         gather system logs into a log archive
    config          view/change logging system settings
    diagnose        diagnose an archive for a variety of issues
    erase           delete system logging data
    repack          repack a log archive using a predicate
    show            view/search system logs
    stream          watch live system logs
    stats           show system logging statistics

further help:
    log help <command>
    log help predicates
    log help shorthand
/Users/clawdia/.openclaw/workspace/scripts/consolidated-email-processor.sh: line 284: should_create_todo: command not found
log: Unknown subcommand 'SUCCESS'
usage:
    log <command>

global options:
    -?, --help
    -q, --quiet
    -v, --verbose

commands:
    collect         gather system logs into a log archive
    config          view/change logging system settings
    diagnose        diagnose an archive for a variety of issues
    erase           delete system logging data
    repack          repack a log archive using a predicate
    show            view/search system logs
    stream          watch live system logs
    stats           show system logging statistics

further help:
    log help <command>
    log help predicates
    log help shorthand
/Users/clawdia/.openclaw/workspace/scripts/consolidated-email-processor.sh: line 284: should_create_todo: command not found
log: Unknown subcommand 'SUCCESS'
usage:
    log <command>

global options:
    -?, --help
    -q, --quiet
    -v, --verbose

commands:
    collect         gather system logs into a log archive
    config          view/change logging system settings
    diagnose        diagnose an archive for a variety of issues
    erase           delete system logging data
    repack          repack a log archive using a predicate
    show            view/search system logs
    stream          watch live system logs
    stats           show system logging statistics

further help:
    log help <command>
    log help predicates
    log help shorthand
/Users/clawdia/.openclaw/workspace/scripts/consolidated-email-processor.sh: line 297: should_create_todo: command not found
log: Unknown subcommand 'ERROR'
usage:
    log <command>

global options:
    -?, --help
    -q, --quiet
    -v, --verbose

commands:
    collect         gather system logs into a log archive
    config          view/change logging system settings
    diagnose        diagnose an archive for a variety of issues
    erase           delete system logging data
    repack          repack a log archive using a predicate
    show            view/search system logs
    stream          watch live system logs
    stats           show system logging statistics

further help:
    log help <command>
    log help predicates
    log help shorthand
/Users/clawdia/.openclaw/workspace/scripts/consolidated-email-processor.sh: line 297: should_create_todo: command not found
log: Unknown subcommand 'ERROR'
usage:
    log <command>

global options:
    -?, --help
    -q, --quiet
    -v, --verbose

commands:
    collect         gather system logs into a log archive
    config          view/change logging system settings
    diagnose        diagnose an archive for a variety of issues
    erase           delete system logging data
    repack          repack a log archive using a predicate
    show            view/search system logs
    stream          watch live system logs
    stats           show system logging statistics

further help:
    log help <command>
    log help predicates
    log help shorthand
/Users/clawdia/.openclaw/workspace/scripts/consolidated-email-processor.sh: line 297: should_create_todo: command not found
log: Unknown subcommand 'ERROR'
usage:
    log <command>

global options:
    -?, --help
    -q, --quiet
    -v, --verbose

commands:
    collect         gather system logs into a log archive
    config          view/change logging system settings
    diagnose        diagnose an archive for a variety of issues
    erase           delete system logging data
    repack          repack a log archive using a predicate
    show            view/search system logs
    stream          watch live system logs
    stats           show system logging statistics

further help:
    log help <command>
    log help predicates
    log help shorthand
/Users/clawdia/.openclaw/workspace/scripts/consolidated-email-processor.sh: line 297: should_create_todo: command not found
log: Unknown subcommand 'ERROR'
usage:
    log <command>

global options:
    -?, --help
    -q, --quiet
    -v, --verbose

commands:
    collect         gather system logs into a log archive
    config          view/change logging system settings
    diagnose        diagnose an archive for a variety of issues
    erase           delete system logging data
    repack          repack a log archive using a predicate
    show            view/search system logs
    stream          watch live system logs
    stats           show system logging statistics

further help:
    log help <command>
    log help predicates
    log help shorthand
/Users/clawdia/.openclaw/workspace/scripts/consolidated-email-processor.sh: line 297: should_create_todo: command not found
log: Unknown subcommand 'ERROR'
usage:
    log <command>

global options:
    -?, --help
    -q, --quiet
    -v, --verbose

commands:
    collect         gather system logs into a log archive
    config          view/change logging system settings
    diagnose        diagnose an archive for a variety of issues
    erase           delete system logging data
    repack          repack a log archive using a predicate
    show            view/search system logs
    stream          watch live system logs
    stats           show system logging statistics

further help:
    log help <command>
    log help predicates
    log help shorthand
log: Unknown subcommand 'INFO'
usage:
    log <command>

global options:
    -?, --help
    -q, --quiet
    -v, --verbose

commands:
    collect         gather system logs into a log archive
    config          view/change logging system settings
    diagnose        diagnose an archive for a variety of issues
    erase           delete system logging data
    repack          repack a log archive using a predicate
    show            view/search system logs
    stream          watch live system logs
    stats           show system logging statistics

further help:
    log help <command>
    log help predicates
    log help shorthand
log: Unknown subcommand 'ERROR'
usage:
    log <command>

global options:
    -?, --help
    -q, --quiet
    -v, --verbose

commands:
    collect         gather system logs into a log archive
    config          view/change logging system settings
    diagnose        diagnose an archive for a variety of issues
    erase           delete system logging data
    repack          repack a log archive using a predicate
    show            view/search system logs
    stream          watch live system logs
    stats           show system logging statistics

further help:
    log help <command>
    log help predicates
    log help shorthand
log: Unknown subcommand 'ERROR'
usage:
    log <command>

global options:
    -?, --help
    -q, --quiet
    -v, --verbose

commands:
    collect         gather system logs into a log archive
    config          view/change logging system settings
    diagnose        diagnose an archive for a variety of issues
    erase           delete system logging data
    repack          repack a log archive using a predicate
    show            view/search system logs
    stream          watch live system logs
    stats           show system logging statistics

further help:
    log help <command>
    log help predicates
    log help shorthand
/Users/clawdia/.openclaw/workspace/scripts/consolidated-email-processor.sh: line 329: check_quiet_hours: command not found
log: Unknown subcommand 'INFO'
usage:
    log <command>

global options:
    -?, --help
    -q, --quiet
    -v, --verbose

commands:
    collect         gather system logs into a log archive
    config          view/change logging system settings
    diagnose        diagnose an archive for a variety of issues
    erase           delete system logging data
    repack          repack a log archive using a predicate
    show            view/search system logs
    stream          watch live system logs
    stats           show system logging statistics

further help:
    log help <command>
    log help predicates
    log help shorthand
log: Unknown subcommand 'SUCCESS'
usage:
    log <command>

global options:
    -?, --help
    -q, --quiet
    -v, --verbose

commands:
    collect         gather system logs into a log archive
    config          view/change logging system settings
    diagnose        diagnose an archive for a variety of issues
    erase           delete system logging data
    repack          repack a log archive using a predicate
    show            view/search system logs
    stream          watch live system logs
    stats           show system logging statistics

further help:
    log help <command>
    log help predicates
    log help shorthand
/Users/clawdia/.openclaw/workspace/scripts/consolidated-email-processor.sh: line 343: cleanup_thread_tracking: command not found
log: Unknown subcommand 'INFO'
usage:
    log <command>

global options:
    -?, --help
    -q, --quiet
    -v, --verbose

commands:
    collect         gather system logs into a log archive
    config          view/change logging system settings
    diagnose        diagnose an archive for a variety of issues
    erase           delete system logging data
    repack          repack a log archive using a predicate
    show            view/search system logs
    stream          watch live system logs
    stats           show system logging statistics

further help:
    log help <command>
    log help predicates
    log help shorthand
log: Unknown subcommand 'INFO'
usage:
    log <command>

global options:
    -?, --help
    -q, --quiet
    -v, --verbose

commands:
    collect         gather system logs into a log archive
    config          view/change logging system settings
    diagnose        diagnose an archive for a variety of issues
    erase           delete system logging data
    repack          repack a log archive using a predicate
    show            view/search system logs
    stream          watch live system logs
    stats           show system logging statistics

further help:
    log help <command>
    log help predicates
    log help shorthand
log: Unknown subcommand 'ERROR'
usage:
    log <command>

global options:
    -?, --help
    -q, --quiet
    -v, --verbose

commands:
    collect         gather system logs into a log archive
    config          view/change logging system settings
    diagnose        diagnose an archive for a variety of issues
    erase           delete system logging data
    repack          repack a log archive using a predicate
    show            view/search system logs
    stream          watch live system logs
    stats           show system logging statistics

further help:
    log help <command>
    log help predicates
    log help shorthand
log: Unknown subcommand 'INFO'
usage:
    log <command>

global options:
    -?, --help
    -q, --quiet
    -v, --verbose

commands:
    collect         gather system logs into a log archive
    config          view/change logging system settings
    diagnose        diagnose an archive for a variety of issues
    erase           delete system logging data
    repack          repack a log archive using a predicate
    show            view/search system logs
    stream          watch live system logs
    stats           show system logging statistics

further help:
    log help <command>
    log help predicates
    log help shorthand
log: Unknown subcommand 'INFO'
usage:
    log <command>

global options:
    -?, --help
    -q, --quiet
    -v, --verbose

commands:
    collect         gather system logs into a log archive
    config          view/change logging system settings
    diagnose        diagnose an archive for a variety of issues
    erase           delete system logging data
    repack          repack a log archive using a predicate
    show            view/search system logs
    stream          watch live system logs
    stats           show system logging statistics

further help:
    log help <command>
    log help predicates
    log help shorthand
/Users/clawdia/.openclaw/workspace/scripts/consolidated-email-processor.sh: line 229: : No such file or directory
/Users/clawdia/.openclaw/workspace/scripts/consolidated-email-processor.sh: line 230: : No such file or directory
/Users/clawdia/.openclaw/workspace/scripts/consolidated-email-processor.sh: line 232: /summary-20260316-0000.txt: Read-only file system
log: Unknown subcommand 'INFO'
usage:
    log <command>

global options:
    -?, --help
    -q, --quiet
    -v, --verbose

commands:
    collect         gather system logs into a log archive
    config          view/change logging system settings
    diagnose        diagnose an archive for a variety of issues
    erase           delete system logging data
    repack          repack a log archive using a predicate
    show            view/search system logs
    stream          watch live system logs
    stats           show system logging statistics

further help:
    log help <command>
    log help predicates
    log help shorthand
find: : No such file or directory
log: Unknown subcommand 'INFO'
usage:
    log <command>

global options:
    -?, --help
    -q, --quiet
    -v, --verbose

commands:
    collect         gather system logs into a log archive
    config          view/change logging system settings
    diagnose        diagnose an archive for a variety of issues
    erase           delete system logging data
    repack          repack a log archive using a predicate
    show            view/search system logs
    stream          watch live system logs
    stats           show system logging statistics

further help:
    log help <command>
    log help predicates
    log help shorthand
log: Unknown subcommand 'SUCCESS'
usage:
    log <command>

global options:
    -?, --help
    -q, --quiet
    -v, --verbose

commands:
    collect         gather system logs into a log archive
    config          view/change logging system settings
    diagnose        diagnose an archive for a variety of issues
    erase           delete system logging data
    repack          repack a log archive using a predicate
    show            view/search system logs
    stream          watch live system logs
    stats           show system logging statistics

further help:
    log help <command>
    log help predicates
    log help shorthand
log: Unknown subcommand 'INFO'
usage:
    log <command>

global options:
    -?, --help
    -q, --quiet
    -v, --verbose

commands:
    collect         gather system logs into a log archive
    config          view/change logging system settings
    diagnose        diagnose an archive for a variety of issues
    erase           delete system logging data
    repack          repack a log archive using a predicate
    show            view/search system logs
    stream          watch live system logs
    stats           show system logging statistics

further help:
    log help <command>
    log help predicates
    log help shorthand
/Users/clawdia/.openclaw/workspace/scripts/consolidated-email-processor.sh: line 319: policy_guard_check: command not found
log: Unknown subcommand 'INFO'
usage:
    log <command>

global options:
    -?, --help
    -q, --quiet
    -v, --verbose

commands:
    collect         gather system logs into a log archive
    config          view/change logging system settings
    diagnose        diagnose an archive for a variety of issues
    erase           delete system logging data
    repack          repack a log archive using a predicate
    show            view/search system logs
    stream          watch live system logs
    stats           show system logging statistics

further help:
    log help <command>
    log help predicates
    log help shorthand
log: Unknown subcommand 'INFO'
usage:
    log <command>

global options:
    -?, --help
    -q, --quiet
    -v, --verbose

commands:
    collect         gather system logs into a log archive
    config          view/change logging system settings
    diagnose        diagnose an archive for a variety of issues
    erase           delete system logging data
    repack          repack a log archive using a predicate
    show            view/search system logs
    stream          watch live system logs
    stats           show system logging statistics

further help:
    log help <command>
    log help predicates
    log help shorthand
log: Unknown subcommand 'INFO'
usage:
    log <command>

global options:
    -?, --help
    -q, --quiet
    -v, --verbose

commands:
    collect         gather system logs into a log archive
    config          view/change logging system settings
    diagnose        diagnose an archive for a variety of issues
    erase           delete system logging data
    repack          repack a log archive using a predicate
    show            view/search system logs
    stream          watch live system logs
    stats           show system logging statistics

further help:
    log help <command>
    log help predicates
    log help shorthand
/Users/clawdia/.openclaw/workspace/scripts/consolidated-email-processor.sh: line 284: should_create_todo: command not found
log: Unknown subcommand 'SUCCESS'
usage:
    log <command>

global options:
    -?, --help
    -q, --quiet
    -v, --verbose

commands:
    collect         gather system logs into a log archive
    config          view/change logging system settings
    diagnose        diagnose an archive for a variety of issues
    erase           delete system logging data
    repack          repack a log archive using a predicate
    show            view/search system logs
    stream          watch live system logs
    stats           show system logging statistics

further help:
    log help <command>
    log help predicates
    log help shorthand
/Users/clawdia/.openclaw/workspace/scripts/consolidated-email-processor.sh: line 284: should_create_todo: command not found
log: Unknown subcommand 'SUCCESS'
usage:
    log <command>

global options:
    -?, --help
    -q, --quiet
    -v, --verbose

commands:
    collect         gather system logs into a log archive
    config          view/change logging system settings
    diagnose        diagnose an archive for a variety of issues
    erase           delete system logging data
    repack          repack a log archive using a predicate
    show            view/search system logs
    stream          watch live system logs
    stats           show system logging statistics

further help:
    log help <command>
    log help predicates
    log help shorthand
/Users/clawdia/.openclaw/workspace/scripts/consolidated-email-processor.sh: line 284: should_create_todo: command not found
log: Unknown subcommand 'SUCCESS'
usage:
    log <command>

global options:
    -?, --help
    -q, --quiet
    -v, --verbose

commands:
    collect         gather system logs into a log archive
    config          view/change logging system settings
    diagnose        diagnose an archive for a variety of issues
    erase           delete system logging data
    repack          repack a log archive using a predicate
    show            view/search system logs
    stream          watch live system logs
    stats           show system logging statistics

further help:
    log help <command>
    log help predicates
    log help shorthand
/Users/clawdia/.openclaw/workspace/scripts/consolidated-email-processor.sh: line 284: should_create_todo: command not found
log: Unknown subcommand 'SUCCESS'
usage:
    log <command>

global options:
    -?, --help
    -q, --quiet
    -v, --verbose

commands:
    collect         gather system logs into a log archive
    config          view/change logging system settings
    diagnose        diagnose an archive for a variety of issues
    erase           delete system logging data
    repack          repack a log archive using a predicate
    show            view/search system logs
    stream          watch live system logs
    stats           show system logging statistics

further help:
    log help <command>
    log help predicates
    log help shorthand
/Users/clawdia/.openclaw/workspace/scripts/consolidated-email-processor.sh: line 284: should_create_todo: command not found
log: Unknown subcommand 'SUCCESS'
usage:
    log <command>

global options:
    -?, --help
    -q, --quiet
    -v, --verbose

commands:
    collect         gather system logs into a log archive
    config          view/change logging system settings
    diagnose        diagnose an archive for a variety of issues
    erase           delete system logging data
    repack          repack a log archive using a predicate
    show            view/search system logs
    stream          watch live system logs
    stats           show system logging statistics

further help:
    log help <command>
    log help predicates
    log help shorthand
/Users/clawdia/.openclaw/workspace/scripts/consolidated-email-processor.sh: line 284: should_create_todo: command not found
log: Unknown subcommand 'SUCCESS'
usage:
    log <command>

global options:
    -?, --help
    -q, --quiet
    -v, --verbose

commands:
    collect         gather system logs into a log archive
    config          view/change logging system settings
    diagnose        diagnose an archive for a variety of issues
    erase           delete system logging data
    repack          repack a log archive using a predicate
    show            view/search system logs
    stream          watch live system logs
    stats           show system logging statistics

further help:
    log help <command>
    log help predicates
    log help shorthand
/Users/clawdia/.openclaw/workspace/scripts/consolidated-email-processor.sh: line 297: should_create_todo: command not found
log: Unknown subcommand 'ERROR'
usage:
    log <command>

global options:
    -?, --help
    -q, --quiet
    -v, --verbose

commands:
    collect         gather system logs into a log archive
    config          view/change logging system settings
    diagnose        diagnose an archive for a variety of issues
    erase           delete system logging data
    repack          repack a log archive using a predicate
    show            view/search system logs
    stream          watch live system logs
    stats           show system logging statistics

further help:
    log help <command>
    log help predicates
    log help shorthand
/Users/clawdia/.openclaw/workspace/scripts/consolidated-email-processor.sh: line 297: should_create_todo: command not found
log: Unknown subcommand 'ERROR'
usage:
    log <command>

global options:
    -?, --help
    -q, --quiet
    -v, --verbose

commands:
    collect         gather system logs into a log archive
    config          view/change logging system settings
    diagnose        diagnose an archive for a variety of issues
    erase           delete system logging data
    repack          repack a log archive using a predicate
    show            view/search system logs
    stream          watch live system logs
    stats           show system logging statistics

further help:
    log help <command>
    log help predicates
    log help shorthand
/Users/clawdia/.openclaw/workspace/scripts/consolidated-email-processor.sh: line 297: should_create_todo: command not found
log: Unknown subcommand 'ERROR'
usage:
    log <command>

global options:
    -?, --help
    -q, --quiet
    -v, --verbose

commands:
    collect         gather system logs into a log archive
    config          view/change logging system settings
    diagnose        diagnose an archive for a variety of issues
    erase           delete system logging data
    repack          repack a log archive using a predicate
    show            view/search system logs
    stream          watch live system logs
    stats           show system logging statistics

further help:
    log help <command>
    log help predicates
    log help shorthand
/Users/clawdia/.openclaw/workspace/scripts/consolidated-email-processor.sh: line 297: should_create_todo: command not found
log: Unknown subcommand 'ERROR'
usage:
    log <command>

global options:
    -?, --help
    -q, --quiet
    -v, --verbose

commands:
    collect         gather system logs into a log archive
    config          view/change logging system settings
    diagnose        diagnose an archive for a variety of issues
    erase           delete system logging data
    repack          repack a log archive using a predicate
    show            view/search system logs
    stream          watch live system logs
    stats           show system logging statistics

further help:
    log help <command>
    log help predicates
    log help shorthand
/Users/clawdia/.openclaw/workspace/scripts/consolidated-email-processor.sh: line 297: should_create_todo: command not found
log: Unknown subcommand 'ERROR'
usage:
    log <command>

global options:
    -?, --help
    -q, --quiet
    -v, --verbose

commands:
    collect         gather system logs into a log archive
    config          view/change logging system settings
    diagnose        diagnose an archive for a variety of issues
    erase           delete system logging data
    repack          repack a log archive using a predicate
    show            view/search system logs
    stream          watch live system logs
    stats           show system logging statistics

further help:
    log help <command>
    log help predicates
    log help shorthand
log: Unknown subcommand 'INFO'
usage:
    log <command>

global options:
    -?, --help
    -q, --quiet
    -v, --verbose

commands:
    collect         gather system logs into a log archive
    config          view/change logging system settings
    diagnose        diagnose an archive for a variety of issues
    erase           delete system logging data
    repack          repack a log archive using a predicate
    show            view/search system logs
    stream          watch live system logs
    stats           show system logging statistics

further help:
    log help <command>
    log help predicates
    log help shorthand
log: Unknown subcommand 'ERROR'
usage:
    log <command>

global options:
    -?, --help
    -q, --quiet
    -v, --verbose

commands:
    collect         gather system logs into a log archive
    config          view/change logging system settings
    diagnose        diagnose an archive for a variety of issues
    erase           delete system logging data
    repack          repack a log archive using a predicate
    show            view/search system logs
    stream          watch live system logs
    stats           show system logging statistics

further help:
    log help <command>
    log help predicates
    log help shorthand
log: Unknown subcommand 'ERROR'
usage:
    log <command>

global options:
    -?, --help
    -q, --quiet
    -v, --verbose

commands:
    collect         gather system logs into a log archive
    config          view/change logging system settings
    diagnose        diagnose an archive for a variety of issues
    erase           delete system logging data
    repack          repack a log archive using a predicate
    show            view/search system logs
    stream          watch live system logs
    stats           show system logging statistics

further help:
    log help <command>
    log help predicates
    log help shorthand
/Users/clawdia/.openclaw/workspace/scripts/consolidated-email-processor.sh: line 329: check_quiet_hours: command not found
log: Unknown subcommand 'INFO'
usage:
    log <command>

global options:
    -?, --help
    -q, --quiet
    -v, --verbose

commands:
    collect         gather system logs into a log archive
    config          view/change logging system settings
    diagnose        diagnose an archive for a variety of issues
    erase           delete system logging data
    repack          repack a log archive using a predicate
    show            view/search system logs
    stream          watch live system logs
    stats           show system logging statistics

further help:
    log help <command>
    log help predicates
    log help shorthand
log: Unknown subcommand 'SUCCESS'
usage:
    log <command>

global options:
    -?, --help
    -q, --quiet
    -v, --verbose

commands:
    collect         gather system logs into a log archive
    config          view/change logging system settings
    diagnose        diagnose an archive for a variety of issues
    erase           delete system logging data
    repack          repack a log archive using a predicate
    show            view/search system logs
    stream          watch live system logs
    stats           show system logging statistics

further help:
    log help <command>
    log help predicates
    log help shorthand
/Users/clawdia/.openclaw/workspace/scripts/consolidated-email-processor.sh: line 343: cleanup_thread_tracking: command not found
log: Unknown subcommand 'INFO'
usage:
    log <command>

global options:
    -?, --help
    -q, --quiet
    -v, --verbose

commands:
    collect         gather system logs into a log archive
    config          view/change logging system settings
    diagnose        diagnose an archive for a variety of issues
    erase           delete system logging data
    repack          repack a log archive using a predicate
    show            view/search system logs
    stream          watch live system logs
    stats           show system logging statistics

further help:
    log help <command>
    log help predicates
    log help shorthand
log: Unknown subcommand 'INFO'
usage:
    log <command>

global options:
    -?, --help
    -q, --quiet
    -v, --verbose

commands:
    collect         gather system logs into a log archive
    config          view/change logging system settings
    diagnose        diagnose an archive for a variety of issues
    erase           delete system logging data
    repack          repack a log archive using a predicate
    show            view/search system logs
    stream          watch live system logs
    stats           show system logging statistics

further help:
    log help <command>
    log help predicates
    log help shorthand
log: Unknown subcommand 'ERROR'
usage:
    log <command>

global options:
    -?, --help
    -q, --quiet
    -v, --verbose

commands:
    collect         gather system logs into a log archive
    config          view/change logging system settings
    diagnose        diagnose an archive for a variety of issues
    erase           delete system logging data
    repack          repack a log archive using a predicate
    show            view/search system logs
    stream          watch live system logs
    stats           show system logging statistics

further help:
    log help <command>
    log help predicates
    log help shorthand
log: Unknown subcommand 'INFO'
usage:
    log <command>

global options:
    -?, --help
    -q, --quiet
    -v, --verbose

commands:
    collect         gather system logs into a log archive
    config          view/change logging system settings
    diagnose        diagnose an archive for a variety of issues
    erase           delete system logging data
    repack          repack a log archive using a predicate
    show            view/search system logs
    stream          watch live system logs
    stats           show system logging statistics

further help:
    log help <command>
    log help predicates
    log help shorthand
log: Unknown subcommand 'INFO'
usage:
    log <command>

global options:
    -?, --help
    -q, --quiet
    -v, --verbose

commands:
    collect         gather system logs into a log archive
    config          view/change logging system settings
    diagnose        diagnose an archive for a variety of issues
    erase           delete system logging data
    repack          repack a log archive using a predicate
    show            view/search system logs
    stream          watch live system logs
    stats           show system logging statistics

further help:
    log help <command>
    log help predicates
    log help shorthand
/Users/clawdia/.openclaw/workspace/scripts/consolidated-email-processor.sh: line 229: : No such file or directory
/Users/clawdia/.openclaw/workspace/scripts/consolidated-email-processor.sh: line 230: : No such file or directory
/Users/clawdia/.openclaw/workspace/scripts/consolidated-email-processor.sh: line 232: /summary-20260316-0100.txt: Read-only file system
log: Unknown subcommand 'INFO'
usage:
    log <command>

global options:
    -?, --help
    -q, --quiet
    -v, --verbose

commands:
    collect         gather system logs into a log archive
    config          view/change logging system settings
    diagnose        diagnose an archive for a variety of issues
    erase           delete system logging data
    repack          repack a log archive using a predicate
    show            view/search system logs
    stream          watch live system logs
    stats           show system logging statistics

further help:
    log help <command>
    log help predicates
    log help shorthand
find: : No such file or directory
log: Unknown subcommand 'INFO'
usage:
    log <command>

global options:
    -?, --help
    -q, --quiet
    -v, --verbose

commands:
    collect         gather system logs into a log archive
    config          view/change logging system settings
    diagnose        diagnose an archive for a variety of issues
    erase           delete system logging data
    repack          repack a log archive using a predicate
    show            view/search system logs
    stream          watch live system logs
    stats           show system logging statistics

further help:
    log help <command>
    log help predicates
    log help shorthand
log: Unknown subcommand 'SUCCESS'
usage:
    log <command>

global options:
    -?, --help
    -q, --quiet
    -v, --verbose

commands:
    collect         gather system logs into a log archive
    config          view/change logging system settings
    diagnose        diagnose an archive for a variety of issues
    erase           delete system logging data
    repack          repack a log archive using a predicate
    show            view/search system logs
    stream          watch live system logs
    stats           show system logging statistics

further help:
    log help <command>
    log help predicates
    log help shorthand
log: Unknown subcommand 'INFO'
usage:
    log <command>

global options:
    -?, --help
    -q, --quiet
    -v, --verbose

commands:
    collect         gather system logs into a log archive
    config          view/change logging system settings
    diagnose        diagnose an archive for a variety of issues
    erase           delete system logging data
    repack          repack a log archive using a predicate
    show            view/search system logs
    stream          watch live system logs
    stats           show system logging statistics

further help:
    log help <command>
    log help predicates
    log help shorthand
/Users/clawdia/.openclaw/workspace/scripts/consolidated-email-processor.sh: line 319: policy_guard_check: command not found
log: Unknown subcommand 'INFO'
usage:
    log <command>

global options:
    -?, --help
    -q, --quiet
    -v, --verbose

commands:
    collect         gather system logs into a log archive
    config          view/change logging system settings
    diagnose        diagnose an archive for a variety of issues
    erase           delete system logging data
    repack          repack a log archive using a predicate
    show            view/search system logs
    stream          watch live system logs
    stats           show system logging statistics

further help:
    log help <command>
    log help predicates
    log help shorthand
log: Unknown subcommand 'INFO'
usage:
    log <command>

global options:
    -?, --help
    -q, --quiet
    -v, --verbose

commands:
    collect         gather system logs into a log archive
    config          view/change logging system settings
    diagnose        diagnose an archive for a variety of issues
    erase           delete system logging data
    repack          repack a log archive using a predicate
    show            view/search system logs
    stream          watch live system logs
    stats           show system logging statistics

further help:
    log help <command>
    log help predicates
    log help shorthand
log: Unknown subcommand 'INFO'
usage:
    log <command>

global options:
    -?, --help
    -q, --quiet
    -v, --verbose

commands:
    collect         gather system logs into a log archive
    config          view/change logging system settings
    diagnose        diagnose an archive for a variety of issues
    erase           delete system logging data
    repack          repack a log archive using a predicate
    show            view/search system logs
    stream          watch live system logs
    stats           show system logging statistics

further help:
    log help <command>
    log help predicates
    log help shorthand
/Users/clawdia/.openclaw/workspace/scripts/consolidated-email-processor.sh: line 284: should_create_todo: command not found
log: Unknown subcommand 'SUCCESS'
usage:
    log <command>

global options:
    -?, --help
    -q, --quiet
    -v, --verbose

commands:
    collect         gather system logs into a log archive
    config          view/change logging system settings
    diagnose        diagnose an archive for a variety of issues
    erase           delete system logging data
    repack          repack a log archive using a predicate
    show            view/search system logs
    stream          watch live system logs
    stats           show system logging statistics

further help:
    log help <command>
    log help predicates
    log help shorthand
/Users/clawdia/.openclaw/workspace/scripts/consolidated-email-processor.sh: line 284: should_create_todo: command not found
log: Unknown subcommand 'SUCCESS'
usage:
    log <command>

global options:
    -?, --help
    -q, --quiet
    -v, --verbose

commands:
    collect         gather system logs into a log archive
    config          view/change logging system settings
    diagnose        diagnose an archive for a variety of issues
    erase           delete system logging data
    repack          repack a log archive using a predicate
    show            view/search system logs
    stream          watch live system logs
    stats           show system logging statistics

further help:
    log help <command>
    log help predicates
    log help shorthand
/Users/clawdia/.openclaw/workspace/scripts/consolidated-email-processor.sh: line 284: should_create_todo: command not found
log: Unknown subcommand 'SUCCESS'
usage:
    log <command>

global options:
    -?, --help
    -q, --quiet
    -v, --verbose

commands:
    collect         gather system logs into a log archive
    config          view/change logging system settings
    diagnose        diagnose an archive for a variety of issues
    erase           delete system logging data
    repack          repack a log archive using a predicate
    show            view/search system logs
    stream          watch live system logs
    stats           show system logging statistics

further help:
    log help <command>
    log help predicates
    log help shorthand
/Users/clawdia/.openclaw/workspace/scripts/consolidated-email-processor.sh: line 284: should_create_todo: command not found
log: Unknown subcommand 'SUCCESS'
usage:
    log <command>

global options:
    -?, --help
    -q, --quiet
    -v, --verbose

commands:
    collect         gather system logs into a log archive
    config          view/change logging system settings
    diagnose        diagnose an archive for a variety of issues
    erase           delete system logging data
    repack          repack a log archive using a predicate
    show            view/search system logs
    stream          watch live system logs
    stats           show system logging statistics

further help:
    log help <command>
    log help predicates
    log help shorthand
/Users/clawdia/.openclaw/workspace/scripts/consolidated-email-processor.sh: line 284: should_create_todo: command not found
log: Unknown subcommand 'SUCCESS'
usage:
    log <command>

global options:
    -?, --help
    -q, --quiet
    -v, --verbose

commands:
    collect         gather system logs into a log archive
    config          view/change logging system settings
    diagnose        diagnose an archive for a variety of issues
    erase           delete system logging data
    repack          repack a log archive using a predicate
    show            view/search system logs
    stream          watch live system logs
    stats           show system logging statistics

further help:
    log help <command>
    log help predicates
    log help shorthand
/Users/clawdia/.openclaw/workspace/scripts/consolidated-email-processor.sh: line 284: should_create_todo: command not found
log: Unknown subcommand 'SUCCESS'
usage:
    log <command>

global options:
    -?, --help
    -q, --quiet
    -v, --verbose

commands:
    collect         gather system logs into a log archive
    config          view/change logging system settings
    diagnose        diagnose an archive for a variety of issues
    erase           delete system logging data
    repack          repack a log archive using a predicate
    show            view/search system logs
    stream          watch live system logs
    stats           show system logging statistics

further help:
    log help <command>
    log help predicates
    log help shorthand
/Users/clawdia/.openclaw/workspace/scripts/consolidated-email-processor.sh: line 297: should_create_todo: command not found
log: Unknown subcommand 'ERROR'
usage:
    log <command>

global options:
    -?, --help
    -q, --quiet
    -v, --verbose

commands:
    collect         gather system logs into a log archive
    config          view/change logging system settings
    diagnose        diagnose an archive for a variety of issues
    erase           delete system logging data
    repack          repack a log archive using a predicate
    show            view/search system logs
    stream          watch live system logs
    stats           show system logging statistics

further help:
    log help <command>
    log help predicates
    log help shorthand
/Users/clawdia/.openclaw/workspace/scripts/consolidated-email-processor.sh: line 297: should_create_todo: command not found
log: Unknown subcommand 'ERROR'
usage:
    log <command>

global options:
    -?, --help
    -q, --quiet
    -v, --verbose

commands:
    collect         gather system logs into a log archive
    config          view/change logging system settings
    diagnose        diagnose an archive for a variety of issues
    erase           delete system logging data
    repack          repack a log archive using a predicate
    show            view/search system logs
    stream          watch live system logs
    stats           show system logging statistics

further help:
    log help <command>
    log help predicates
    log help shorthand
/Users/clawdia/.openclaw/workspace/scripts/consolidated-email-processor.sh: line 297: should_create_todo: command not found
log: Unknown subcommand 'ERROR'
usage:
    log <command>

global options:
    -?, --help
    -q, --quiet
    -v, --verbose

commands:
    collect         gather system logs into a log archive
    config          view/change logging system settings
    diagnose        diagnose an archive for a variety of issues
    erase           delete system logging data
    repack          repack a log archive using a predicate
    show            view/search system logs
    stream          watch live system logs
    stats           show system logging statistics

further help:
    log help <command>
    log help predicates
    log help shorthand
/Users/clawdia/.openclaw/workspace/scripts/consolidated-email-processor.sh: line 297: should_create_todo: command not found
log: Unknown subcommand 'ERROR'
usage:
    log <command>

global options:
    -?, --help
    -q, --quiet
    -v, --verbose

commands:
    collect         gather system logs into a log archive
    config          view/change logging system settings
    diagnose        diagnose an archive for a variety of issues
    erase           delete system logging data
    repack          repack a log archive using a predicate
    show            view/search system logs
    stream          watch live system logs
    stats           show system logging statistics

further help:
    log help <command>
    log help predicates
    log help shorthand
/Users/clawdia/.openclaw/workspace/scripts/consolidated-email-processor.sh: line 297: should_create_todo: command not found
log: Unknown subcommand 'ERROR'
usage:
    log <command>

global options:
    -?, --help
    -q, --quiet
    -v, --verbose

commands:
    collect         gather system logs into a log archive
    config          view/change logging system settings
    diagnose        diagnose an archive for a variety of issues
    erase           delete system logging data
    repack          repack a log archive using a predicate
    show            view/search system logs
    stream          watch live system logs
    stats           show system logging statistics

further help:
    log help <command>
    log help predicates
    log help shorthand
log: Unknown subcommand 'INFO'
usage:
    log <command>

global options:
    -?, --help
    -q, --quiet
    -v, --verbose

commands:
    collect         gather system logs into a log archive
    config          view/change logging system settings
    diagnose        diagnose an archive for a variety of issues
    erase           delete system logging data
    repack          repack a log archive using a predicate
    show            view/search system logs
    stream          watch live system logs
    stats           show system logging statistics

further help:
    log help <command>
    log help predicates
    log help shorthand
log: Unknown subcommand 'ERROR'
usage:
    log <command>

global options:
    -?, --help
    -q, --quiet
    -v, --verbose

commands:
    collect         gather system logs into a log archive
    config          view/change logging system settings
    diagnose        diagnose an archive for a variety of issues
    erase           delete system logging data
    repack          repack a log archive using a predicate
    show            view/search system logs
    stream          watch live system logs
    stats           show system logging statistics

further help:
    log help <command>
    log help predicates
    log help shorthand
log: Unknown subcommand 'ERROR'
usage:
    log <command>

global options:
    -?, --help
    -q, --quiet
    -v, --verbose

commands:
    collect         gather system logs into a log archive
    config          view/change logging system settings
    diagnose        diagnose an archive for a variety of issues
    erase           delete system logging data
    repack          repack a log archive using a predicate
    show            view/search system logs
    stream          watch live system logs
    stats           show system logging statistics

further help:
    log help <command>
    log help predicates
    log help shorthand
/Users/clawdia/.openclaw/workspace/scripts/consolidated-email-processor.sh: line 329: check_quiet_hours: command not found
log: Unknown subcommand 'INFO'
usage:
    log <command>

global options:
    -?, --help
    -q, --quiet
    -v, --verbose

commands:
    collect         gather system logs into a log archive
    config          view/change logging system settings
    diagnose        diagnose an archive for a variety of issues
    erase           delete system logging data
    repack          repack a log archive using a predicate
    show            view/search system logs
    stream          watch live system logs
    stats           show system logging statistics

further help:
    log help <command>
    log help predicates
    log help shorthand
log: Unknown subcommand 'SUCCESS'
usage:
    log <command>

global options:
    -?, --help
    -q, --quiet
    -v, --verbose

commands:
    collect         gather system logs into a log archive
    config          view/change logging system settings
    diagnose        diagnose an archive for a variety of issues
    erase           delete system logging data
    repack          repack a log archive using a predicate
    show            view/search system logs
    stream          watch live system logs
    stats           show system logging statistics

further help:
    log help <command>
    log help predicates
    log help shorthand
/Users/clawdia/.openclaw/workspace/scripts/consolidated-email-processor.sh: line 343: cleanup_thread_tracking: command not found
log: Unknown subcommand 'INFO'
usage:
    log <command>

global options:
    -?, --help
    -q, --quiet
    -v, --verbose

commands:
    collect         gather system logs into a log archive
    config          view/change logging system settings
    diagnose        diagnose an archive for a variety of issues
    erase           delete system logging data
    repack          repack a log archive using a predicate
    show            view/search system logs
    stream          watch live system logs
    stats           show system logging statistics

further help:
    log help <command>
    log help predicates
    log help shorthand
log: Unknown subcommand 'INFO'
usage:
    log <command>

global options:
    -?, --help
    -q, --quiet
    -v, --verbose

commands:
    collect         gather system logs into a log archive
    config          view/change logging system settings
    diagnose        diagnose an archive for a variety of issues
    erase           delete system logging data
    repack          repack a log archive using a predicate
    show            view/search system logs
    stream          watch live system logs
    stats           show system logging statistics

further help:
    log help <command>
    log help predicates
    log help shorthand
log: Unknown subcommand 'ERROR'
usage:
    log <command>

global options:
    -?, --help
    -q, --quiet
    -v, --verbose

commands:
    collect         gather system logs into a log archive
    config          view/change logging system settings
    diagnose        diagnose an archive for a variety of issues
    erase           delete system logging data
    repack          repack a log archive using a predicate
    show            view/search system logs
    stream          watch live system logs
    stats           show system logging statistics

further help:
    log help <command>
    log help predicates
    log help shorthand
log: Unknown subcommand 'INFO'
usage:
    log <command>

global options:
    -?, --help
    -q, --quiet
    -v, --verbose

commands:
    collect         gather system logs into a log archive
    config          view/change logging system settings
    diagnose        diagnose an archive for a variety of issues
    erase           delete system logging data
    repack          repack a log archive using a predicate
    show            view/search system logs
    stream          watch live system logs
    stats           show system logging statistics

further help:
    log help <command>
    log help predicates
    log help shorthand
log: Unknown subcommand 'INFO'
usage:
    log <command>

global options:
    -?, --help
    -q, --quiet
    -v, --verbose

commands:
    collect         gather system logs into a log archive
    config          view/change logging system settings
    diagnose        diagnose an archive for a variety of issues
    erase           delete system logging data
    repack          repack a log archive using a predicate
    show            view/search system logs
    stream          watch live system logs
    stats           show system logging statistics

further help:
    log help <command>
    log help predicates
    log help shorthand
/Users/clawdia/.openclaw/workspace/scripts/consolidated-email-processor.sh: line 229: : No such file or directory
/Users/clawdia/.openclaw/workspace/scripts/consolidated-email-processor.sh: line 230: : No such file or directory
/Users/clawdia/.openclaw/workspace/scripts/consolidated-email-processor.sh: line 232: /summary-20260316-0200.txt: Read-only file system
log: Unknown subcommand 'INFO'
usage:
    log <command>

global options:
    -?, --help
    -q, --quiet
    -v, --verbose

commands:
    collect         gather system logs into a log archive
    config          view/change logging system settings
    diagnose        diagnose an archive for a variety of issues
    erase           delete system logging data
    repack          repack a log archive using a predicate
    show            view/search system logs
    stream          watch live system logs
    stats           show system logging statistics

further help:
    log help <command>
    log help predicates
    log help shorthand
find: : No such file or directory
log: Unknown subcommand 'INFO'
usage:
    log <command>

global options:
    -?, --help
    -q, --quiet
    -v, --verbose

commands:
    collect         gather system logs into a log archive
    config          view/change logging system settings
    diagnose        diagnose an archive for a variety of issues
    erase           delete system logging data
    repack          repack a log archive using a predicate
    show            view/search system logs
    stream          watch live system logs
    stats           show system logging statistics

further help:
    log help <command>
    log help predicates
    log help shorthand
log: Unknown subcommand 'SUCCESS'
usage:
    log <command>

global options:
    -?, --help
    -q, --quiet
    -v, --verbose

commands:
    collect         gather system logs into a log archive
    config          view/change logging system settings
    diagnose        diagnose an archive for a variety of issues
    erase           delete system logging data
    repack          repack a log archive using a predicate
    show            view/search system logs
    stream          watch live system logs
    stats           show system logging statistics

further help:
    log help <command>
    log help predicates
    log help shorthand
log: Unknown subcommand 'INFO'
usage:
    log <command>

global options:
    -?, --help
    -q, --quiet
    -v, --verbose

commands:
    collect         gather system logs into a log archive
    config          view/change logging system settings
    diagnose        diagnose an archive for a variety of issues
    erase           delete system logging data
    repack          repack a log archive using a predicate
    show            view/search system logs
    stream          watch live system logs
    stats           show system logging statistics

further help:
    log help <command>
    log help predicates
    log help shorthand
/Users/clawdia/.openclaw/workspace/scripts/consolidated-email-processor.sh: line 319: policy_guard_check: command not found
log: Unknown subcommand 'INFO'
usage:
    log <command>

global options:
    -?, --help
    -q, --quiet
    -v, --verbose

commands:
    collect         gather system logs into a log archive
    config          view/change logging system settings
    diagnose        diagnose an archive for a variety of issues
    erase           delete system logging data
    repack          repack a log archive using a predicate
    show            view/search system logs
    stream          watch live system logs
    stats           show system logging statistics

further help:
    log help <command>
    log help predicates
    log help shorthand
log: Unknown subcommand 'INFO'
usage:
    log <command>

global options:
    -?, --help
    -q, --quiet
    -v, --verbose

commands:
    collect         gather system logs into a log archive
    config          view/change logging system settings
    diagnose        diagnose an archive for a variety of issues
    erase           delete system logging data
    repack          repack a log archive using a predicate
    show            view/search system logs
    stream          watch live system logs
    stats           show system logging statistics

further help:
    log help <command>
    log help predicates
    log help shorthand
log: Unknown subcommand 'INFO'
usage:
    log <command>

global options:
    -?, --help
    -q, --quiet
    -v, --verbose

commands:
    collect         gather system logs into a log archive
    config          view/change logging system settings
    diagnose        diagnose an archive for a variety of issues
    erase           delete system logging data
    repack          repack a log archive using a predicate
    show            view/search system logs
    stream          watch live system logs
    stats           show system logging statistics

further help:
    log help <command>
    log help predicates
    log help shorthand
/Users/clawdia/.openclaw/workspace/scripts/consolidated-email-processor.sh: line 284: should_create_todo: command not found
log: Unknown subcommand 'SUCCESS'
usage:
    log <command>

global options:
    -?, --help
    -q, --quiet
    -v, --verbose

commands:
    collect         gather system logs into a log archive
    config          view/change logging system settings
    diagnose        diagnose an archive for a variety of issues
    erase           delete system logging data
    repack          repack a log archive using a predicate
    show            view/search system logs
    stream          watch live system logs
    stats           show system logging statistics

further help:
    log help <command>
    log help predicates
    log help shorthand
/Users/clawdia/.openclaw/workspace/scripts/consolidated-email-processor.sh: line 284: should_create_todo: command not found
log: Unknown subcommand 'SUCCESS'
usage:
    log <command>

global options:
    -?, --help
    -q, --quiet
    -v, --verbose

commands:
    collect         gather system logs into a log archive
    config          view/change logging system settings
    diagnose        diagnose an archive for a variety of issues
    erase           delete system logging data
    repack          repack a log archive using a predicate
    show            view/search system logs
    stream          watch live system logs
    stats           show system logging statistics

further help:
    log help <command>
    log help predicates
    log help shorthand
/Users/clawdia/.openclaw/workspace/scripts/consolidated-email-processor.sh: line 284: should_create_todo: command not found
log: Unknown subcommand 'SUCCESS'
usage:
    log <command>

global options:
    -?, --help
    -q, --quiet
    -v, --verbose

commands:
    collect         gather system logs into a log archive
    config          view/change logging system settings
    diagnose        diagnose an archive for a variety of issues
    erase           delete system logging data
    repack          repack a log archive using a predicate
    show            view/search system logs
    stream          watch live system logs
    stats           show system logging statistics

further help:
    log help <command>
    log help predicates
    log help shorthand
/Users/clawdia/.openclaw/workspace/scripts/consolidated-email-processor.sh: line 284: should_create_todo: command not found
log: Unknown subcommand 'SUCCESS'
usage:
    log <command>

global options:
    -?, --help
    -q, --quiet
    -v, --verbose

commands:
    collect         gather system logs into a log archive
    config          view/change logging system settings
    diagnose        diagnose an archive for a variety of issues
    erase           delete system logging data
    repack          repack a log archive using a predicate
    show            view/search system logs
    stream          watch live system logs
    stats           show system logging statistics

further help:
    log help <command>
    log help predicates
    log help shorthand
/Users/clawdia/.openclaw/workspace/scripts/consolidated-email-processor.sh: line 284: should_create_todo: command not found
log: Unknown subcommand 'SUCCESS'
usage:
    log <command>

global options:
    -?, --help
    -q, --quiet
    -v, --verbose

commands:
    collect         gather system logs into a log archive
    config          view/change logging system settings
    diagnose        diagnose an archive for a variety of issues
    erase           delete system logging data
    repack          repack a log archive using a predicate
    show            view/search system logs
    stream          watch live system logs
    stats           show system logging statistics

further help:
    log help <command>
    log help predicates
    log help shorthand
/Users/clawdia/.openclaw/workspace/scripts/consolidated-email-processor.sh: line 284: should_create_todo: command not found
log: Unknown subcommand 'SUCCESS'
usage:
    log <command>

global options:
    -?, --help
    -q, --quiet
    -v, --verbose

commands:
    collect         gather system logs into a log archive
    config          view/change logging system settings
    diagnose        diagnose an archive for a variety of issues
    erase           delete system logging data
    repack          repack a log archive using a predicate
    show            view/search system logs
    stream          watch live system logs
    stats           show system logging statistics

further help:
    log help <command>
    log help predicates
    log help shorthand
/Users/clawdia/.openclaw/workspace/scripts/consolidated-email-processor.sh: line 297: should_create_todo: command not found
log: Unknown subcommand 'ERROR'
usage:
    log <command>

global options:
    -?, --help
    -q, --quiet
    -v, --verbose

commands:
    collect         gather system logs into a log archive
    config          view/change logging system settings
    diagnose        diagnose an archive for a variety of issues
    erase           delete system logging data
    repack          repack a log archive using a predicate
    show            view/search system logs
    stream          watch live system logs
    stats           show system logging statistics

further help:
    log help <command>
    log help predicates
    log help shorthand
/Users/clawdia/.openclaw/workspace/scripts/consolidated-email-processor.sh: line 297: should_create_todo: command not found
log: Unknown subcommand 'ERROR'
usage:
    log <command>

global options:
    -?, --help
    -q, --quiet
    -v, --verbose

commands:
    collect         gather system logs into a log archive
    config          view/change logging system settings
    diagnose        diagnose an archive for a variety of issues
    erase           delete system logging data
    repack          repack a log archive using a predicate
    show            view/search system logs
    stream          watch live system logs
    stats           show system logging statistics

further help:
    log help <command>
    log help predicates
    log help shorthand
/Users/clawdia/.openclaw/workspace/scripts/consolidated-email-processor.sh: line 297: should_create_todo: command not found
log: Unknown subcommand 'ERROR'
usage:
    log <command>

global options:
    -?, --help
    -q, --quiet
    -v, --verbose

commands:
    collect         gather system logs into a log archive
    config          view/change logging system settings
    diagnose        diagnose an archive for a variety of issues
    erase           delete system logging data
    repack          repack a log archive using a predicate
    show            view/search system logs
    stream          watch live system logs
    stats           show system logging statistics

further help:
    log help <command>
    log help predicates
    log help shorthand
/Users/clawdia/.openclaw/workspace/scripts/consolidated-email-processor.sh: line 297: should_create_todo: command not found
log: Unknown subcommand 'ERROR'
usage:
    log <command>

global options:
    -?, --help
    -q, --quiet
    -v, --verbose

commands:
    collect         gather system logs into a log archive
    config          view/change logging system settings
    diagnose        diagnose an archive for a variety of issues
    erase           delete system logging data
    repack          repack a log archive using a predicate
    show            view/search system logs
    stream          watch live system logs
    stats           show system logging statistics

further help:
    log help <command>
    log help predicates
    log help shorthand
/Users/clawdia/.openclaw/workspace/scripts/consolidated-email-processor.sh: line 297: should_create_todo: command not found
log: Unknown subcommand 'ERROR'
usage:
    log <command>

global options:
    -?, --help
    -q, --quiet
    -v, --verbose

commands:
    collect         gather system logs into a log archive
    config          view/change logging system settings
    diagnose        diagnose an archive for a variety of issues
    erase           delete system logging data
    repack          repack a log archive using a predicate
    show            view/search system logs
    stream          watch live system logs
    stats           show system logging statistics

further help:
    log help <command>
    log help predicates
    log help shorthand
log: Unknown subcommand 'INFO'
usage:
    log <command>

global options:
    -?, --help
    -q, --quiet
    -v, --verbose

commands:
    collect         gather system logs into a log archive
    config          view/change logging system settings
    diagnose        diagnose an archive for a variety of issues
    erase           delete system logging data
    repack          repack a log archive using a predicate
    show            view/search system logs
    stream          watch live system logs
    stats           show system logging statistics

further help:
    log help <command>
    log help predicates
    log help shorthand
log: Unknown subcommand 'ERROR'
usage:
    log <command>

global options:
    -?, --help
    -q, --quiet
    -v, --verbose

commands:
    collect         gather system logs into a log archive
    config          view/change logging system settings
    diagnose        diagnose an archive for a variety of issues
    erase           delete system logging data
    repack          repack a log archive using a predicate
    show            view/search system logs
    stream          watch live system logs
    stats           show system logging statistics

further help:
    log help <command>
    log help predicates
    log help shorthand
log: Unknown subcommand 'ERROR'
usage:
    log <command>

global options:
    -?, --help
    -q, --quiet
    -v, --verbose

commands:
    collect         gather system logs into a log archive
    config          view/change logging system settings
    diagnose        diagnose an archive for a variety of issues
    erase           delete system logging data
    repack          repack a log archive using a predicate
    show            view/search system logs
    stream          watch live system logs
    stats           show system logging statistics

further help:
    log help <command>
    log help predicates
    log help shorthand
/Users/clawdia/.openclaw/workspace/scripts/consolidated-email-processor.sh: line 329: check_quiet_hours: command not found
log: Unknown subcommand 'INFO'
usage:
    log <command>

global options:
    -?, --help
    -q, --quiet
    -v, --verbose

commands:
    collect         gather system logs into a log archive
    config          view/change logging system settings
    diagnose        diagnose an archive for a variety of issues
    erase           delete system logging data
    repack          repack a log archive using a predicate
    show            view/search system logs
    stream          watch live system logs
    stats           show system logging statistics

further help:
    log help <command>
    log help predicates
    log help shorthand
log: Unknown subcommand 'SUCCESS'
usage:
    log <command>

global options:
    -?, --help
    -q, --quiet
    -v, --verbose

commands:
    collect         gather system logs into a log archive
    config          view/change logging system settings
    diagnose        diagnose an archive for a variety of issues
    erase           delete system logging data
    repack          repack a log archive using a predicate
    show            view/search system logs
    stream          watch live system logs
    stats           show system logging statistics

further help:
    log help <command>
    log help predicates
    log help shorthand
/Users/clawdia/.openclaw/workspace/scripts/consolidated-email-processor.sh: line 343: cleanup_thread_tracking: command not found
log: Unknown subcommand 'INFO'
usage:
    log <command>

global options:
    -?, --help
    -q, --quiet
    -v, --verbose

commands:
    collect         gather system logs into a log archive
    config          view/change logging system settings
    diagnose        diagnose an archive for a variety of issues
    erase           delete system logging data
    repack          repack a log archive using a predicate
    show            view/search system logs
    stream          watch live system logs
    stats           show system logging statistics

further help:
    log help <command>
    log help predicates
    log help shorthand
log: Unknown subcommand 'INFO'
usage:
    log <command>

global options:
    -?, --help
    -q, --quiet
    -v, --verbose

commands:
    collect         gather system logs into a log archive
    config          view/change logging system settings
    diagnose        diagnose an archive for a variety of issues
    erase           delete system logging data
    repack          repack a log archive using a predicate
    show            view/search system logs
    stream          watch live system logs
    stats           show system logging statistics

further help:
    log help <command>
    log help predicates
    log help shorthand
log: Unknown subcommand 'ERROR'
usage:
    log <command>

global options:
    -?, --help
    -q, --quiet
    -v, --verbose

commands:
    collect         gather system logs into a log archive
    config          view/change logging system settings
    diagnose        diagnose an archive for a variety of issues
    erase           delete system logging data
    repack          repack a log archive using a predicate
    show            view/search system logs
    stream          watch live system logs
    stats           show system logging statistics

further help:
    log help <command>
    log help predicates
    log help shorthand
log: Unknown subcommand 'INFO'
usage:
    log <command>

global options:
    -?, --help
    -q, --quiet
    -v, --verbose

commands:
    collect         gather system logs into a log archive
    config          view/change logging system settings
    diagnose        diagnose an archive for a variety of issues
    erase           delete system logging data
    repack          repack a log archive using a predicate
    show            view/search system logs
    stream          watch live system logs
    stats           show system logging statistics

further help:
    log help <command>
    log help predicates
    log help shorthand
log: Unknown subcommand 'INFO'
usage:
    log <command>

global options:
    -?, --help
    -q, --quiet
    -v, --verbose

commands:
    collect         gather system logs into a log archive
    config          view/change logging system settings
    diagnose        diagnose an archive for a variety of issues
    erase           delete system logging data
    repack          repack a log archive using a predicate
    show            view/search system logs
    stream          watch live system logs
    stats           show system logging statistics

further help:
    log help <command>
    log help predicates
    log help shorthand
/Users/clawdia/.openclaw/workspace/scripts/consolidated-email-processor.sh: line 229: : No such file or directory
/Users/clawdia/.openclaw/workspace/scripts/consolidated-email-processor.sh: line 230: : No such file or directory
/Users/clawdia/.openclaw/workspace/scripts/consolidated-email-processor.sh: line 232: /summary-20260316-0300.txt: Read-only file system
log: Unknown subcommand 'INFO'
usage:
    log <command>

global options:
    -?, --help
    -q, --quiet
    -v, --verbose

commands:
    collect         gather system logs into a log archive
    config          view/change logging system settings
    diagnose        diagnose an archive for a variety of issues
    erase           delete system logging data
    repack          repack a log archive using a predicate
    show            view/search system logs
    stream          watch live system logs
    stats           show system logging statistics

further help:
    log help <command>
    log help predicates
    log help shorthand
find: : No such file or directory
log: Unknown subcommand 'INFO'
usage:
    log <command>

global options:
    -?, --help
    -q, --quiet
    -v, --verbose

commands:
    collect         gather system logs into a log archive
    config          view/change logging system settings
    diagnose        diagnose an archive for a variety of issues
    erase           delete system logging data
    repack          repack a log archive using a predicate
    show            view/search system logs
    stream          watch live system logs
    stats           show system logging statistics

further help:
    log help <command>
    log help predicates
    log help shorthand
log: Unknown subcommand 'SUCCESS'
usage:
    log <command>

global options:
    -?, --help
    -q, --quiet
    -v, --verbose

commands:
    collect         gather system logs into a log archive
    config          view/change logging system settings
    diagnose        diagnose an archive for a variety of issues
    erase           delete system logging data
    repack          repack a log archive using a predicate
    show            view/search system logs
    stream          watch live system logs
    stats           show system logging statistics

further help:
    log help <command>
    log help predicates
    log help shorthand
log: Unknown subcommand 'INFO'
usage:
    log <command>

global options:
    -?, --help
    -q, --quiet
    -v, --verbose

commands:
    collect         gather system logs into a log archive
    config          view/change logging system settings
    diagnose        diagnose an archive for a variety of issues
    erase           delete system logging data
    repack          repack a log archive using a predicate
    show            view/search system logs
    stream          watch live system logs
    stats           show system logging statistics

further help:
    log help <command>
    log help predicates
    log help shorthand
/Users/clawdia/.openclaw/workspace/scripts/consolidated-email-processor.sh: line 319: policy_guard_check: command not found
log: Unknown subcommand 'INFO'
usage:
    log <command>

global options:
    -?, --help
    -q, --quiet
    -v, --verbose

commands:
    collect         gather system logs into a log archive
    config          view/change logging system settings
    diagnose        diagnose an archive for a variety of issues
    erase           delete system logging data
    repack          repack a log archive using a predicate
    show            view/search system logs
    stream          watch live system logs
    stats           show system logging statistics

further help:
    log help <command>
    log help predicates
    log help shorthand
log: Unknown subcommand 'INFO'
usage:
    log <command>

global options:
    -?, --help
    -q, --quiet
    -v, --verbose

commands:
    collect         gather system logs into a log archive
    config          view/change logging system settings
    diagnose        diagnose an archive for a variety of issues
    erase           delete system logging data
    repack          repack a log archive using a predicate
    show            view/search system logs
    stream          watch live system logs
    stats           show system logging statistics

further help:
    log help <command>
    log help predicates
    log help shorthand
log: Unknown subcommand 'INFO'
usage:
    log <command>

global options:
    -?, --help
    -q, --quiet
    -v, --verbose

commands:
    collect         gather system logs into a log archive
    config          view/change logging system settings
    diagnose        diagnose an archive for a variety of issues
    erase           delete system logging data
    repack          repack a log archive using a predicate
    show            view/search system logs
    stream          watch live system logs
    stats           show system logging statistics

further help:
    log help <command>
    log help predicates
    log help shorthand
/Users/clawdia/.openclaw/workspace/scripts/consolidated-email-processor.sh: line 284: should_create_todo: command not found
log: Unknown subcommand 'SUCCESS'
usage:
    log <command>

global options:
    -?, --help
    -q, --quiet
    -v, --verbose

commands:
    collect         gather system logs into a log archive
    config          view/change logging system settings
    diagnose        diagnose an archive for a variety of issues
    erase           delete system logging data
    repack          repack a log archive using a predicate
    show            view/search system logs
    stream          watch live system logs
    stats           show system logging statistics

further help:
    log help <command>
    log help predicates
    log help shorthand
/Users/clawdia/.openclaw/workspace/scripts/consolidated-email-processor.sh: line 284: should_create_todo: command not found
log: Unknown subcommand 'SUCCESS'
usage:
    log <command>

global options:
    -?, --help
    -q, --quiet
    -v, --verbose

commands:
    collect         gather system logs into a log archive
    config          view/change logging system settings
    diagnose        diagnose an archive for a variety of issues
    erase           delete system logging data
    repack          repack a log archive using a predicate
    show            view/search system logs
    stream          watch live system logs
    stats           show system logging statistics

further help:
    log help <command>
    log help predicates
    log help shorthand
/Users/clawdia/.openclaw/workspace/scripts/consolidated-email-processor.sh: line 284: should_create_todo: command not found
log: Unknown subcommand 'SUCCESS'
usage:
    log <command>

global options:
    -?, --help
    -q, --quiet
    -v, --verbose

commands:
    collect         gather system logs into a log archive
    config          view/change logging system settings
    diagnose        diagnose an archive for a variety of issues
    erase           delete system logging data
    repack          repack a log archive using a predicate
    show            view/search system logs
    stream          watch live system logs
    stats           show system logging statistics

further help:
    log help <command>
    log help predicates
    log help shorthand
/Users/clawdia/.openclaw/workspace/scripts/consolidated-email-processor.sh: line 284: should_create_todo: command not found
log: Unknown subcommand 'SUCCESS'
usage:
    log <command>

global options:
    -?, --help
    -q, --quiet
    -v, --verbose

commands:
    collect         gather system logs into a log archive
    config          view/change logging system settings
    diagnose        diagnose an archive for a variety of issues
    erase           delete system logging data
    repack          repack a log archive using a predicate
    show            view/search system logs
    stream          watch live system logs
    stats           show system logging statistics

further help:
    log help <command>
    log help predicates
    log help shorthand
/Users/clawdia/.openclaw/workspace/scripts/consolidated-email-processor.sh: line 284: should_create_todo: command not found
log: Unknown subcommand 'SUCCESS'
usage:
    log <command>

global options:
    -?, --help
    -q, --quiet
    -v, --verbose

commands:
    collect         gather system logs into a log archive
    config          view/change logging system settings
    diagnose        diagnose an archive for a variety of issues
    erase           delete system logging data
    repack          repack a log archive using a predicate
    show            view/search system logs
    stream          watch live system logs
    stats           show system logging statistics

further help:
    log help <command>
    log help predicates
    log help shorthand
/Users/clawdia/.openclaw/workspace/scripts/consolidated-email-processor.sh: line 284: should_create_todo: command not found
log: Unknown subcommand 'SUCCESS'
usage:
    log <command>

global options:
    -?, --help
    -q, --quiet
    -v, --verbose

commands:
    collect         gather system logs into a log archive
    config          view/change logging system settings
    diagnose        diagnose an archive for a variety of issues
    erase           delete system logging data
    repack          repack a log archive using a predicate
    show            view/search system logs
    stream          watch live system logs
    stats           show system logging statistics

further help:
    log help <command>
    log help predicates
    log help shorthand
/Users/clawdia/.openclaw/workspace/scripts/consolidated-email-processor.sh: line 297: should_create_todo: command not found
log: Unknown subcommand 'ERROR'
usage:
    log <command>

global options:
    -?, --help
    -q, --quiet
    -v, --verbose

commands:
    collect         gather system logs into a log archive
    config          view/change logging system settings
    diagnose        diagnose an archive for a variety of issues
    erase           delete system logging data
    repack          repack a log archive using a predicate
    show            view/search system logs
    stream          watch live system logs
    stats           show system logging statistics

further help:
    log help <command>
    log help predicates
    log help shorthand
/Users/clawdia/.openclaw/workspace/scripts/consolidated-email-processor.sh: line 297: should_create_todo: command not found
log: Unknown subcommand 'ERROR'
usage:
    log <command>

global options:
    -?, --help
    -q, --quiet
    -v, --verbose

commands:
    collect         gather system logs into a log archive
    config          view/change logging system settings
    diagnose        diagnose an archive for a variety of issues
    erase           delete system logging data
    repack          repack a log archive using a predicate
    show            view/search system logs
    stream          watch live system logs
    stats           show system logging statistics

further help:
    log help <command>
    log help predicates
    log help shorthand
/Users/clawdia/.openclaw/workspace/scripts/consolidated-email-processor.sh: line 297: should_create_todo: command not found
log: Unknown subcommand 'ERROR'
usage:
    log <command>

global options:
    -?, --help
    -q, --quiet
    -v, --verbose

commands:
    collect         gather system logs into a log archive
    config          view/change logging system settings
    diagnose        diagnose an archive for a variety of issues
    erase           delete system logging data
    repack          repack a log archive using a predicate
    show            view/search system logs
    stream          watch live system logs
    stats           show system logging statistics

further help:
    log help <command>
    log help predicates
    log help shorthand
/Users/clawdia/.openclaw/workspace/scripts/consolidated-email-processor.sh: line 297: should_create_todo: command not found
log: Unknown subcommand 'ERROR'
usage:
    log <command>

global options:
    -?, --help
    -q, --quiet
    -v, --verbose

commands:
    collect         gather system logs into a log archive
    config          view/change logging system settings
    diagnose        diagnose an archive for a variety of issues
    erase           delete system logging data
    repack          repack a log archive using a predicate
    show            view/search system logs
    stream          watch live system logs
    stats           show system logging statistics

further help:
    log help <command>
    log help predicates
    log help shorthand
/Users/clawdia/.openclaw/workspace/scripts/consolidated-email-processor.sh: line 297: should_create_todo: command not found
log: Unknown subcommand 'ERROR'
usage:
    log <command>

global options:
    -?, --help
    -q, --quiet
    -v, --verbose

commands:
    collect         gather system logs into a log archive
    config          view/change logging system settings
    diagnose        diagnose an archive for a variety of issues
    erase           delete system logging data
    repack          repack a log archive using a predicate
    show            view/search system logs
    stream          watch live system logs
    stats           show system logging statistics

further help:
    log help <command>
    log help predicates
    log help shorthand
log: Unknown subcommand 'INFO'
usage:
    log <command>

global options:
    -?, --help
    -q, --quiet
    -v, --verbose

commands:
    collect         gather system logs into a log archive
    config          view/change logging system settings
    diagnose        diagnose an archive for a variety of issues
    erase           delete system logging data
    repack          repack a log archive using a predicate
    show            view/search system logs
    stream          watch live system logs
    stats           show system logging statistics

further help:
    log help <command>
    log help predicates
    log help shorthand
log: Unknown subcommand 'ERROR'
usage:
    log <command>

global options:
    -?, --help
    -q, --quiet
    -v, --verbose

commands:
    collect         gather system logs into a log archive
    config          view/change logging system settings
    diagnose        diagnose an archive for a variety of issues
    erase           delete system logging data
    repack          repack a log archive using a predicate
    show            view/search system logs
    stream          watch live system logs
    stats           show system logging statistics

further help:
    log help <command>
    log help predicates
    log help shorthand
log: Unknown subcommand 'ERROR'
usage:
    log <command>

global options:
    -?, --help
    -q, --quiet
    -v, --verbose

commands:
    collect         gather system logs into a log archive
    config          view/change logging system settings
    diagnose        diagnose an archive for a variety of issues
    erase           delete system logging data
    repack          repack a log archive using a predicate
    show            view/search system logs
    stream          watch live system logs
    stats           show system logging statistics

further help:
    log help <command>
    log help predicates
    log help shorthand
/Users/clawdia/.openclaw/workspace/scripts/consolidated-email-processor.sh: line 329: check_quiet_hours: command not found
log: Unknown subcommand 'INFO'
usage:
    log <command>

global options:
    -?, --help
    -q, --quiet
    -v, --verbose

commands:
    collect         gather system logs into a log archive
    config          view/change logging system settings
    diagnose        diagnose an archive for a variety of issues
    erase           delete system logging data
    repack          repack a log archive using a predicate
    show            view/search system logs
    stream          watch live system logs
    stats           show system logging statistics

further help:
    log help <command>
    log help predicates
    log help shorthand
log: Unknown subcommand 'SUCCESS'
usage:
    log <command>

global options:
    -?, --help
    -q, --quiet
    -v, --verbose

commands:
    collect         gather system logs into a log archive
    config          view/change logging system settings
    diagnose        diagnose an archive for a variety of issues
    erase           delete system logging data
    repack          repack a log archive using a predicate
    show            view/search system logs
    stream          watch live system logs
    stats           show system logging statistics

further help:
    log help <command>
    log help predicates
    log help shorthand
/Users/clawdia/.openclaw/workspace/scripts/consolidated-email-processor.sh: line 343: cleanup_thread_tracking: command not found
log: Unknown subcommand 'INFO'
usage:
    log <command>

global options:
    -?, --help
    -q, --quiet
    -v, --verbose

commands:
    collect         gather system logs into a log archive
    config          view/change logging system settings
    diagnose        diagnose an archive for a variety of issues
    erase           delete system logging data
    repack          repack a log archive using a predicate
    show            view/search system logs
    stream          watch live system logs
    stats           show system logging statistics

further help:
    log help <command>
    log help predicates
    log help shorthand
log: Unknown subcommand 'INFO'
usage:
    log <command>

global options:
    -?, --help
    -q, --quiet
    -v, --verbose

commands:
    collect         gather system logs into a log archive
    config          view/change logging system settings
    diagnose        diagnose an archive for a variety of issues
    erase           delete system logging data
    repack          repack a log archive using a predicate
    show            view/search system logs
    stream          watch live system logs
    stats           show system logging statistics

further help:
    log help <command>
    log help predicates
    log help shorthand
log: Unknown subcommand 'ERROR'
usage:
    log <command>

global options:
    -?, --help
    -q, --quiet
    -v, --verbose

commands:
    collect         gather system logs into a log archive
    config          view/change logging system settings
    diagnose        diagnose an archive for a variety of issues
    erase           delete system logging data
    repack          repack a log archive using a predicate
    show            view/search system logs
    stream          watch live system logs
    stats           show system logging statistics

further help:
    log help <command>
    log help predicates
    log help shorthand
log: Unknown subcommand 'INFO'
usage:
    log <command>

global options:
    -?, --help
    -q, --quiet
    -v, --verbose

commands:
    collect         gather system logs into a log archive
    config          view/change logging system settings
    diagnose        diagnose an archive for a variety of issues
    erase           delete system logging data
    repack          repack a log archive using a predicate
    show            view/search system logs
    stream          watch live system logs
    stats           show system logging statistics

further help:
    log help <command>
    log help predicates
    log help shorthand
log: Unknown subcommand 'INFO'
usage:
    log <command>

global options:
    -?, --help
    -q, --quiet
    -v, --verbose

commands:
    collect         gather system logs into a log archive
    config          view/change logging system settings
    diagnose        diagnose an archive for a variety of issues
    erase           delete system logging data
    repack          repack a log archive using a predicate
    show            view/search system logs
    stream          watch live system logs
    stats           show system logging statistics

further help:
    log help <command>
    log help predicates
    log help shorthand
/Users/clawdia/.openclaw/workspace/scripts/consolidated-email-processor.sh: line 229: : No such file or directory
/Users/clawdia/.openclaw/workspace/scripts/consolidated-email-processor.sh: line 230: : No such file or directory
/Users/clawdia/.openclaw/workspace/scripts/consolidated-email-processor.sh: line 232: /summary-20260316-0400.txt: Read-only file system
log: Unknown subcommand 'INFO'
usage:
    log <command>

global options:
    -?, --help
    -q, --quiet
    -v, --verbose

commands:
    collect         gather system logs into a log archive
    config          view/change logging system settings
    diagnose        diagnose an archive for a variety of issues
    erase           delete system logging data
    repack          repack a log archive using a predicate
    show            view/search system logs
    stream          watch live system logs
    stats           show system logging statistics

further help:
    log help <command>
    log help predicates
    log help shorthand
find: : No such file or directory
log: Unknown subcommand 'INFO'
usage:
    log <command>

global options:
    -?, --help
    -q, --quiet
    -v, --verbose

commands:
    collect         gather system logs into a log archive
    config          view/change logging system settings
    diagnose        diagnose an archive for a variety of issues
    erase           delete system logging data
    repack          repack a log archive using a predicate
    show            view/search system logs
    stream          watch live system logs
    stats           show system logging statistics

further help:
    log help <command>
    log help predicates
    log help shorthand
log: Unknown subcommand 'SUCCESS'
usage:
    log <command>

global options:
    -?, --help
    -q, --quiet
    -v, --verbose

commands:
    collect         gather system logs into a log archive
    config          view/change logging system settings
    diagnose        diagnose an archive for a variety of issues
    erase           delete system logging data
    repack          repack a log archive using a predicate
    show            view/search system logs
    stream          watch live system logs
    stats           show system logging statistics

further help:
    log help <command>
    log help predicates
    log help shorthand
log: Unknown subcommand 'INFO'
usage:
    log <command>

global options:
    -?, --help
    -q, --quiet
    -v, --verbose

commands:
    collect         gather system logs into a log archive
    config          view/change logging system settings
    diagnose        diagnose an archive for a variety of issues
    erase           delete system logging data
    repack          repack a log archive using a predicate
    show            view/search system logs
    stream          watch live system logs
    stats           show system logging statistics

further help:
    log help <command>
    log help predicates
    log help shorthand
/Users/clawdia/.openclaw/workspace/scripts/consolidated-email-processor.sh: line 319: policy_guard_check: command not found
log: Unknown subcommand 'INFO'
usage:
    log <command>

global options:
    -?, --help
    -q, --quiet
    -v, --verbose

commands:
    collect         gather system logs into a log archive
    config          view/change logging system settings
    diagnose        diagnose an archive for a variety of issues
    erase           delete system logging data
    repack          repack a log archive using a predicate
    show            view/search system logs
    stream          watch live system logs
    stats           show system logging statistics

further help:
    log help <command>
    log help predicates
    log help shorthand
log: Unknown subcommand 'INFO'
usage:
    log <command>

global options:
    -?, --help
    -q, --quiet
    -v, --verbose

commands:
    collect         gather system logs into a log archive
    config          view/change logging system settings
    diagnose        diagnose an archive for a variety of issues
    erase           delete system logging data
    repack          repack a log archive using a predicate
    show            view/search system logs
    stream          watch live system logs
    stats           show system logging statistics

further help:
    log help <command>
    log help predicates
    log help shorthand
log: Unknown subcommand 'INFO'
usage:
    log <command>

global options:
    -?, --help
    -q, --quiet
    -v, --verbose

commands:
    collect         gather system logs into a log archive
    config          view/change logging system settings
    diagnose        diagnose an archive for a variety of issues
    erase           delete system logging data
    repack          repack a log archive using a predicate
    show            view/search system logs
    stream          watch live system logs
    stats           show system logging statistics

further help:
    log help <command>
    log help predicates
    log help shorthand
/Users/clawdia/.openclaw/workspace/scripts/consolidated-email-processor.sh: line 284: should_create_todo: command not found
log: Unknown subcommand 'SUCCESS'
usage:
    log <command>

global options:
    -?, --help
    -q, --quiet
    -v, --verbose

commands:
    collect         gather system logs into a log archive
    config          view/change logging system settings
    diagnose        diagnose an archive for a variety of issues
    erase           delete system logging data
    repack          repack a log archive using a predicate
    show            view/search system logs
    stream          watch live system logs
    stats           show system logging statistics

further help:
    log help <command>
    log help predicates
    log help shorthand
/Users/clawdia/.openclaw/workspace/scripts/consolidated-email-processor.sh: line 284: should_create_todo: command not found
log: Unknown subcommand 'SUCCESS'
usage:
    log <command>

global options:
    -?, --help
    -q, --quiet
    -v, --verbose

commands:
    collect         gather system logs into a log archive
    config          view/change logging system settings
    diagnose        diagnose an archive for a variety of issues
    erase           delete system logging data
    repack          repack a log archive using a predicate
    show            view/search system logs
    stream          watch live system logs
    stats           show system logging statistics

further help:
    log help <command>
    log help predicates
    log help shorthand
/Users/clawdia/.openclaw/workspace/scripts/consolidated-email-processor.sh: line 284: should_create_todo: command not found
log: Unknown subcommand 'SUCCESS'
usage:
    log <command>

global options:
    -?, --help
    -q, --quiet
    -v, --verbose

commands:
    collect         gather system logs into a log archive
    config          view/change logging system settings
    diagnose        diagnose an archive for a variety of issues
    erase           delete system logging data
    repack          repack a log archive using a predicate
    show            view/search system logs
    stream          watch live system logs
    stats           show system logging statistics

further help:
    log help <command>
    log help predicates
    log help shorthand
/Users/clawdia/.openclaw/workspace/scripts/consolidated-email-processor.sh: line 284: should_create_todo: command not found
log: Unknown subcommand 'SUCCESS'
usage:
    log <command>

global options:
    -?, --help
    -q, --quiet
    -v, --verbose

commands:
    collect         gather system logs into a log archive
    config          view/change logging system settings
    diagnose        diagnose an archive for a variety of issues
    erase           delete system logging data
    repack          repack a log archive using a predicate
    show            view/search system logs
    stream          watch live system logs
    stats           show system logging statistics

further help:
    log help <command>
    log help predicates
    log help shorthand
/Users/clawdia/.openclaw/workspace/scripts/consolidated-email-processor.sh: line 284: should_create_todo: command not found
log: Unknown subcommand 'SUCCESS'
usage:
    log <command>

global options:
    -?, --help
    -q, --quiet
    -v, --verbose

commands:
    collect         gather system logs into a log archive
    config          view/change logging system settings
    diagnose        diagnose an archive for a variety of issues
    erase           delete system logging data
    repack          repack a log archive using a predicate
    show            view/search system logs
    stream          watch live system logs
    stats           show system logging statistics

further help:
    log help <command>
    log help predicates
    log help shorthand
/Users/clawdia/.openclaw/workspace/scripts/consolidated-email-processor.sh: line 284: should_create_todo: command not found
log: Unknown subcommand 'SUCCESS'
usage:
    log <command>

global options:
    -?, --help
    -q, --quiet
    -v, --verbose

commands:
    collect         gather system logs into a log archive
    config          view/change logging system settings
    diagnose        diagnose an archive for a variety of issues
    erase           delete system logging data
    repack          repack a log archive using a predicate
    show            view/search system logs
    stream          watch live system logs
    stats           show system logging statistics

further help:
    log help <command>
    log help predicates
    log help shorthand
/Users/clawdia/.openclaw/workspace/scripts/consolidated-email-processor.sh: line 297: should_create_todo: command not found
log: Unknown subcommand 'ERROR'
usage:
    log <command>

global options:
    -?, --help
    -q, --quiet
    -v, --verbose

commands:
    collect         gather system logs into a log archive
    config          view/change logging system settings
    diagnose        diagnose an archive for a variety of issues
    erase           delete system logging data
    repack          repack a log archive using a predicate
    show            view/search system logs
    stream          watch live system logs
    stats           show system logging statistics

further help:
    log help <command>
    log help predicates
    log help shorthand
/Users/clawdia/.openclaw/workspace/scripts/consolidated-email-processor.sh: line 297: should_create_todo: command not found
log: Unknown subcommand 'ERROR'
usage:
    log <command>

global options:
    -?, --help
    -q, --quiet
    -v, --verbose

commands:
    collect         gather system logs into a log archive
    config          view/change logging system settings
    diagnose        diagnose an archive for a variety of issues
    erase           delete system logging data
    repack          repack a log archive using a predicate
    show            view/search system logs
    stream          watch live system logs
    stats           show system logging statistics

further help:
    log help <command>
    log help predicates
    log help shorthand
/Users/clawdia/.openclaw/workspace/scripts/consolidated-email-processor.sh: line 297: should_create_todo: command not found
log: Unknown subcommand 'ERROR'
usage:
    log <command>

global options:
    -?, --help
    -q, --quiet
    -v, --verbose

commands:
    collect         gather system logs into a log archive
    config          view/change logging system settings
    diagnose        diagnose an archive for a variety of issues
    erase           delete system logging data
    repack          repack a log archive using a predicate
    show            view/search system logs
    stream          watch live system logs
    stats           show system logging statistics

further help:
    log help <command>
    log help predicates
    log help shorthand
/Users/clawdia/.openclaw/workspace/scripts/consolidated-email-processor.sh: line 297: should_create_todo: command not found
log: Unknown subcommand 'ERROR'
usage:
    log <command>

global options:
    -?, --help
    -q, --quiet
    -v, --verbose

commands:
    collect         gather system logs into a log archive
    config          view/change logging system settings
    diagnose        diagnose an archive for a variety of issues
    erase           delete system logging data
    repack          repack a log archive using a predicate
    show            view/search system logs
    stream          watch live system logs
    stats           show system logging statistics

further help:
    log help <command>
    log help predicates
    log help shorthand
/Users/clawdia/.openclaw/workspace/scripts/consolidated-email-processor.sh: line 297: should_create_todo: command not found
log: Unknown subcommand 'ERROR'
usage:
    log <command>

global options:
    -?, --help
    -q, --quiet
    -v, --verbose

commands:
    collect         gather system logs into a log archive
    config          view/change logging system settings
    diagnose        diagnose an archive for a variety of issues
    erase           delete system logging data
    repack          repack a log archive using a predicate
    show            view/search system logs
    stream          watch live system logs
    stats           show system logging statistics

further help:
    log help <command>
    log help predicates
    log help shorthand
log: Unknown subcommand 'INFO'
usage:
    log <command>

global options:
    -?, --help
    -q, --quiet
    -v, --verbose

commands:
    collect         gather system logs into a log archive
    config          view/change logging system settings
    diagnose        diagnose an archive for a variety of issues
    erase           delete system logging data
    repack          repack a log archive using a predicate
    show            view/search system logs
    stream          watch live system logs
    stats           show system logging statistics

further help:
    log help <command>
    log help predicates
    log help shorthand
log: Unknown subcommand 'ERROR'
usage:
    log <command>

global options:
    -?, --help
    -q, --quiet
    -v, --verbose

commands:
    collect         gather system logs into a log archive
    config          view/change logging system settings
    diagnose        diagnose an archive for a variety of issues
    erase           delete system logging data
    repack          repack a log archive using a predicate
    show            view/search system logs
    stream          watch live system logs
    stats           show system logging statistics

further help:
    log help <command>
    log help predicates
    log help shorthand
log: Unknown subcommand 'ERROR'
usage:
    log <command>

global options:
    -?, --help
    -q, --quiet
    -v, --verbose

commands:
    collect         gather system logs into a log archive
    config          view/change logging system settings
    diagnose        diagnose an archive for a variety of issues
    erase           delete system logging data
    repack          repack a log archive using a predicate
    show            view/search system logs
    stream          watch live system logs
    stats           show system logging statistics

further help:
    log help <command>
    log help predicates
    log help shorthand
/Users/clawdia/.openclaw/workspace/scripts/consolidated-email-processor.sh: line 329: check_quiet_hours: command not found
log: Unknown subcommand 'INFO'
usage:
    log <command>

global options:
    -?, --help
    -q, --quiet
    -v, --verbose

commands:
    collect         gather system logs into a log archive
    config          view/change logging system settings
    diagnose        diagnose an archive for a variety of issues
    erase           delete system logging data
    repack          repack a log archive using a predicate
    show            view/search system logs
    stream          watch live system logs
    stats           show system logging statistics

further help:
    log help <command>
    log help predicates
    log help shorthand
log: Unknown subcommand 'SUCCESS'
usage:
    log <command>

global options:
    -?, --help
    -q, --quiet
    -v, --verbose

commands:
    collect         gather system logs into a log archive
    config          view/change logging system settings
    diagnose        diagnose an archive for a variety of issues
    erase           delete system logging data
    repack          repack a log archive using a predicate
    show            view/search system logs
    stream          watch live system logs
    stats           show system logging statistics

further help:
    log help <command>
    log help predicates
    log help shorthand
/Users/clawdia/.openclaw/workspace/scripts/consolidated-email-processor.sh: line 343: cleanup_thread_tracking: command not found
log: Unknown subcommand 'INFO'
usage:
    log <command>

global options:
    -?, --help
    -q, --quiet
    -v, --verbose

commands:
    collect         gather system logs into a log archive
    config          view/change logging system settings
    diagnose        diagnose an archive for a variety of issues
    erase           delete system logging data
    repack          repack a log archive using a predicate
    show            view/search system logs
    stream          watch live system logs
    stats           show system logging statistics

further help:
    log help <command>
    log help predicates
    log help shorthand
log: Unknown subcommand 'INFO'
usage:
    log <command>

global options:
    -?, --help
    -q, --quiet
    -v, --verbose

commands:
    collect         gather system logs into a log archive
    config          view/change logging system settings
    diagnose        diagnose an archive for a variety of issues
    erase           delete system logging data
    repack          repack a log archive using a predicate
    show            view/search system logs
    stream          watch live system logs
    stats           show system logging statistics

further help:
    log help <command>
    log help predicates
    log help shorthand
log: Unknown subcommand 'ERROR'
usage:
    log <command>

global options:
    -?, --help
    -q, --quiet
    -v, --verbose

commands:
    collect         gather system logs into a log archive
    config          view/change logging system settings
    diagnose        diagnose an archive for a variety of issues
    erase           delete system logging data
    repack          repack a log archive using a predicate
    show            view/search system logs
    stream          watch live system logs
    stats           show system logging statistics

further help:
    log help <command>
    log help predicates
    log help shorthand
log: Unknown subcommand 'INFO'
usage:
    log <command>

global options:
    -?, --help
    -q, --quiet
    -v, --verbose

commands:
    collect         gather system logs into a log archive
    config          view/change logging system settings
    diagnose        diagnose an archive for a variety of issues
    erase           delete system logging data
    repack          repack a log archive using a predicate
    show            view/search system logs
    stream          watch live system logs
    stats           show system logging statistics

further help:
    log help <command>
    log help predicates
    log help shorthand
log: Unknown subcommand 'INFO'
usage:
    log <command>

global options:
    -?, --help
    -q, --quiet
    -v, --verbose

commands:
    collect         gather system logs into a log archive
    config          view/change logging system settings
    diagnose        diagnose an archive for a variety of issues
    erase           delete system logging data
    repack          repack a log archive using a predicate
    show            view/search system logs
    stream          watch live system logs
    stats           show system logging statistics

further help:
    log help <command>
    log help predicates
    log help shorthand
/Users/clawdia/.openclaw/workspace/scripts/consolidated-email-processor.sh: line 229: : No such file or directory
/Users/clawdia/.openclaw/workspace/scripts/consolidated-email-processor.sh: line 230: : No such file or directory
/Users/clawdia/.openclaw/workspace/scripts/consolidated-email-processor.sh: line 232: /summary-20260316-0500.txt: Read-only file system
log: Unknown subcommand 'INFO'
usage:
    log <command>

global options:
    -?, --help
    -q, --quiet
    -v, --verbose

commands:
    collect         gather system logs into a log archive
    config          view/change logging system settings
    diagnose        diagnose an archive for a variety of issues
    erase           delete system logging data
    repack          repack a log archive using a predicate
    show            view/search system logs
    stream          watch live system logs
    stats           show system logging statistics

further help:
    log help <command>
    log help predicates
    log help shorthand
find: : No such file or directory
log: Unknown subcommand 'INFO'
usage:
    log <command>

global options:
    -?, --help
    -q, --quiet
    -v, --verbose

commands:
    collect         gather system logs into a log archive
    config          view/change logging system settings
    diagnose        diagnose an archive for a variety of issues
    erase           delete system logging data
    repack          repack a log archive using a predicate
    show            view/search system logs
    stream          watch live system logs
    stats           show system logging statistics

further help:
    log help <command>
    log help predicates
    log help shorthand
log: Unknown subcommand 'SUCCESS'
usage:
    log <command>

global options:
    -?, --help
    -q, --quiet
    -v, --verbose

commands:
    collect         gather system logs into a log archive
    config          view/change logging system settings
    diagnose        diagnose an archive for a variety of issues
    erase           delete system logging data
    repack          repack a log archive using a predicate
    show            view/search system logs
    stream          watch live system logs
    stats           show system logging statistics

further help:
    log help <command>
    log help predicates
    log help shorthand
log: Unknown subcommand 'INFO'
usage:
    log <command>

global options:
    -?, --help
    -q, --quiet
    -v, --verbose

commands:
    collect         gather system logs into a log archive
    config          view/change logging system settings
    diagnose        diagnose an archive for a variety of issues
    erase           delete system logging data
    repack          repack a log archive using a predicate
    show            view/search system logs
    stream          watch live system logs
    stats           show system logging statistics

further help:
    log help <command>
    log help predicates
    log help shorthand
/Users/clawdia/.openclaw/workspace/scripts/consolidated-email-processor.sh: line 319: policy_guard_check: command not found
log: Unknown subcommand 'INFO'
usage:
    log <command>

global options:
    -?, --help
    -q, --quiet
    -v, --verbose

commands:
    collect         gather system logs into a log archive
    config          view/change logging system settings
    diagnose        diagnose an archive for a variety of issues
    erase           delete system logging data
    repack          repack a log archive using a predicate
    show            view/search system logs
    stream          watch live system logs
    stats           show system logging statistics

further help:
    log help <command>
    log help predicates
    log help shorthand
log: Unknown subcommand 'INFO'
usage:
    log <command>

global options:
    -?, --help
    -q, --quiet
    -v, --verbose

commands:
    collect         gather system logs into a log archive
    config          view/change logging system settings
    diagnose        diagnose an archive for a variety of issues
    erase           delete system logging data
    repack          repack a log archive using a predicate
    show            view/search system logs
    stream          watch live system logs
    stats           show system logging statistics

further help:
    log help <command>
    log help predicates
    log help shorthand
log: Unknown subcommand 'INFO'
usage:
    log <command>

global options:
    -?, --help
    -q, --quiet
    -v, --verbose

commands:
    collect         gather system logs into a log archive
    config          view/change logging system settings
    diagnose        diagnose an archive for a variety of issues
    erase           delete system logging data
    repack          repack a log archive using a predicate
    show            view/search system logs
    stream          watch live system logs
    stats           show system logging statistics

further help:
    log help <command>
    log help predicates
    log help shorthand
/Users/clawdia/.openclaw/workspace/scripts/consolidated-email-processor.sh: line 284: should_create_todo: command not found
log: Unknown subcommand 'SUCCESS'
usage:
    log <command>

global options:
    -?, --help
    -q, --quiet
    -v, --verbose

commands:
    collect         gather system logs into a log archive
    config          view/change logging system settings
    diagnose        diagnose an archive for a variety of issues
    erase           delete system logging data
    repack          repack a log archive using a predicate
    show            view/search system logs
    stream          watch live system logs
    stats           show system logging statistics

further help:
    log help <command>
    log help predicates
    log help shorthand
/Users/clawdia/.openclaw/workspace/scripts/consolidated-email-processor.sh: line 284: should_create_todo: command not found
log: Unknown subcommand 'SUCCESS'
usage:
    log <command>

global options:
    -?, --help
    -q, --quiet
    -v, --verbose

commands:
    collect         gather system logs into a log archive
    config          view/change logging system settings
    diagnose        diagnose an archive for a variety of issues
    erase           delete system logging data
    repack          repack a log archive using a predicate
    show            view/search system logs
    stream          watch live system logs
    stats           show system logging statistics

further help:
    log help <command>
    log help predicates
    log help shorthand
/Users/clawdia/.openclaw/workspace/scripts/consolidated-email-processor.sh: line 284: should_create_todo: command not found
log: Unknown subcommand 'SUCCESS'
usage:
    log <command>

global options:
    -?, --help
    -q, --quiet
    -v, --verbose

commands:
    collect         gather system logs into a log archive
    config          view/change logging system settings
    diagnose        diagnose an archive for a variety of issues
    erase           delete system logging data
    repack          repack a log archive using a predicate
    show            view/search system logs
    stream          watch live system logs
    stats           show system logging statistics

further help:
    log help <command>
    log help predicates
    log help shorthand
/Users/clawdia/.openclaw/workspace/scripts/consolidated-email-processor.sh: line 284: should_create_todo: command not found
log: Unknown subcommand 'SUCCESS'
usage:
    log <command>

global options:
    -?, --help
    -q, --quiet
    -v, --verbose

commands:
    collect         gather system logs into a log archive
    config          view/change logging system settings
    diagnose        diagnose an archive for a variety of issues
    erase           delete system logging data
    repack          repack a log archive using a predicate
    show            view/search system logs
    stream          watch live system logs
    stats           show system logging statistics

further help:
    log help <command>
    log help predicates
    log help shorthand
/Users/clawdia/.openclaw/workspace/scripts/consolidated-email-processor.sh: line 284: should_create_todo: command not found
log: Unknown subcommand 'SUCCESS'
usage:
    log <command>

global options:
    -?, --help
    -q, --quiet
    -v, --verbose

commands:
    collect         gather system logs into a log archive
    config          view/change logging system settings
    diagnose        diagnose an archive for a variety of issues
    erase           delete system logging data
    repack          repack a log archive using a predicate
    show            view/search system logs
    stream          watch live system logs
    stats           show system logging statistics

further help:
    log help <command>
    log help predicates
    log help shorthand
/Users/clawdia/.openclaw/workspace/scripts/consolidated-email-processor.sh: line 284: should_create_todo: command not found
log: Unknown subcommand 'SUCCESS'
usage:
    log <command>

global options:
    -?, --help
    -q, --quiet
    -v, --verbose

commands:
    collect         gather system logs into a log archive
    config          view/change logging system settings
    diagnose        diagnose an archive for a variety of issues
    erase           delete system logging data
    repack          repack a log archive using a predicate
    show            view/search system logs
    stream          watch live system logs
    stats           show system logging statistics

further help:
    log help <command>
    log help predicates
    log help shorthand
/Users/clawdia/.openclaw/workspace/scripts/consolidated-email-processor.sh: line 297: should_create_todo: command not found
log: Unknown subcommand 'ERROR'
usage:
    log <command>

global options:
    -?, --help
    -q, --quiet
    -v, --verbose

commands:
    collect         gather system logs into a log archive
    config          view/change logging system settings
    diagnose        diagnose an archive for a variety of issues
    erase           delete system logging data
    repack          repack a log archive using a predicate
    show            view/search system logs
    stream          watch live system logs
    stats           show system logging statistics

further help:
    log help <command>
    log help predicates
    log help shorthand
/Users/clawdia/.openclaw/workspace/scripts/consolidated-email-processor.sh: line 297: should_create_todo: command not found
log: Unknown subcommand 'ERROR'
usage:
    log <command>

global options:
    -?, --help
    -q, --quiet
    -v, --verbose

commands:
    collect         gather system logs into a log archive
    config          view/change logging system settings
    diagnose        diagnose an archive for a variety of issues
    erase           delete system logging data
    repack          repack a log archive using a predicate
    show            view/search system logs
    stream          watch live system logs
    stats           show system logging statistics

further help:
    log help <command>
    log help predicates
    log help shorthand
/Users/clawdia/.openclaw/workspace/scripts/consolidated-email-processor.sh: line 297: should_create_todo: command not found
log: Unknown subcommand 'ERROR'
usage:
    log <command>

global options:
    -?, --help
    -q, --quiet
    -v, --verbose

commands:
    collect         gather system logs into a log archive
    config          view/change logging system settings
    diagnose        diagnose an archive for a variety of issues
    erase           delete system logging data
    repack          repack a log archive using a predicate
    show            view/search system logs
    stream          watch live system logs
    stats           show system logging statistics

further help:
    log help <command>
    log help predicates
    log help shorthand
/Users/clawdia/.openclaw/workspace/scripts/consolidated-email-processor.sh: line 297: should_create_todo: command not found
log: Unknown subcommand 'ERROR'
usage:
    log <command>

global options:
    -?, --help
    -q, --quiet
    -v, --verbose

commands:
    collect         gather system logs into a log archive
    config          view/change logging system settings
    diagnose        diagnose an archive for a variety of issues
    erase           delete system logging data
    repack          repack a log archive using a predicate
    show            view/search system logs
    stream          watch live system logs
    stats           show system logging statistics

further help:
    log help <command>
    log help predicates
    log help shorthand
/Users/clawdia/.openclaw/workspace/scripts/consolidated-email-processor.sh: line 297: should_create_todo: command not found
log: Unknown subcommand 'ERROR'
usage:
    log <command>

global options:
    -?, --help
    -q, --quiet
    -v, --verbose

commands:
    collect         gather system logs into a log archive
    config          view/change logging system settings
    diagnose        diagnose an archive for a variety of issues
    erase           delete system logging data
    repack          repack a log archive using a predicate
    show            view/search system logs
    stream          watch live system logs
    stats           show system logging statistics

further help:
    log help <command>
    log help predicates
    log help shorthand
log: Unknown subcommand 'INFO'
usage:
    log <command>

global options:
    -?, --help
    -q, --quiet
    -v, --verbose

commands:
    collect         gather system logs into a log archive
    config          view/change logging system settings
    diagnose        diagnose an archive for a variety of issues
    erase           delete system logging data
    repack          repack a log archive using a predicate
    show            view/search system logs
    stream          watch live system logs
    stats           show system logging statistics

further help:
    log help <command>
    log help predicates
    log help shorthand
log: Unknown subcommand 'ERROR'
usage:
    log <command>

global options:
    -?, --help
    -q, --quiet
    -v, --verbose

commands:
    collect         gather system logs into a log archive
    config          view/change logging system settings
    diagnose        diagnose an archive for a variety of issues
    erase           delete system logging data
    repack          repack a log archive using a predicate
    show            view/search system logs
    stream          watch live system logs
    stats           show system logging statistics

further help:
    log help <command>
    log help predicates
    log help shorthand
log: Unknown subcommand 'ERROR'
usage:
    log <command>

global options:
    -?, --help
    -q, --quiet
    -v, --verbose

commands:
    collect         gather system logs into a log archive
    config          view/change logging system settings
    diagnose        diagnose an archive for a variety of issues
    erase           delete system logging data
    repack          repack a log archive using a predicate
    show            view/search system logs
    stream          watch live system logs
    stats           show system logging statistics

further help:
    log help <command>
    log help predicates
    log help shorthand
/Users/clawdia/.openclaw/workspace/scripts/consolidated-email-processor.sh: line 329: check_quiet_hours: command not found
log: Unknown subcommand 'INFO'
usage:
    log <command>

global options:
    -?, --help
    -q, --quiet
    -v, --verbose

commands:
    collect         gather system logs into a log archive
    config          view/change logging system settings
    diagnose        diagnose an archive for a variety of issues
    erase           delete system logging data
    repack          repack a log archive using a predicate
    show            view/search system logs
    stream          watch live system logs
    stats           show system logging statistics

further help:
    log help <command>
    log help predicates
    log help shorthand
log: Unknown subcommand 'SUCCESS'
usage:
    log <command>

global options:
    -?, --help
    -q, --quiet
    -v, --verbose

commands:
    collect         gather system logs into a log archive
    config          view/change logging system settings
    diagnose        diagnose an archive for a variety of issues
    erase           delete system logging data
    repack          repack a log archive using a predicate
    show            view/search system logs
    stream          watch live system logs
    stats           show system logging statistics

further help:
    log help <command>
    log help predicates
    log help shorthand
/Users/clawdia/.openclaw/workspace/scripts/consolidated-email-processor.sh: line 343: cleanup_thread_tracking: command not found
log: Unknown subcommand 'INFO'
usage:
    log <command>

global options:
    -?, --help
    -q, --quiet
    -v, --verbose

commands:
    collect         gather system logs into a log archive
    config          view/change logging system settings
    diagnose        diagnose an archive for a variety of issues
    erase           delete system logging data
    repack          repack a log archive using a predicate
    show            view/search system logs
    stream          watch live system logs
    stats           show system logging statistics

further help:
    log help <command>
    log help predicates
    log help shorthand
log: Unknown subcommand 'INFO'
usage:
    log <command>

global options:
    -?, --help
    -q, --quiet
    -v, --verbose

commands:
    collect         gather system logs into a log archive
    config          view/change logging system settings
    diagnose        diagnose an archive for a variety of issues
    erase           delete system logging data
    repack          repack a log archive using a predicate
    show            view/search system logs
    stream          watch live system logs
    stats           show system logging statistics

further help:
    log help <command>
    log help predicates
    log help shorthand
log: Unknown subcommand 'ERROR'
usage:
    log <command>

global options:
    -?, --help
    -q, --quiet
    -v, --verbose

commands:
    collect         gather system logs into a log archive
    config          view/change logging system settings
    diagnose        diagnose an archive for a variety of issues
    erase           delete system logging data
    repack          repack a log archive using a predicate
    show            view/search system logs
    stream          watch live system logs
    stats           show system logging statistics

further help:
    log help <command>
    log help predicates
    log help shorthand
log: Unknown subcommand 'INFO'
usage:
    log <command>

global options:
    -?, --help
    -q, --quiet
    -v, --verbose

commands:
    collect         gather system logs into a log archive
    config          view/change logging system settings
    diagnose        diagnose an archive for a variety of issues
    erase           delete system logging data
    repack          repack a log archive using a predicate
    show            view/search system logs
    stream          watch live system logs
    stats           show system logging statistics

further help:
    log help <command>
    log help predicates
    log help shorthand
log: Unknown subcommand 'INFO'
usage:
    log <command>

global options:
    -?, --help
    -q, --quiet
    -v, --verbose

commands:
    collect         gather system logs into a log archive
    config          view/change logging system settings
    diagnose        diagnose an archive for a variety of issues
    erase           delete system logging data
    repack          repack a log archive using a predicate
    show            view/search system logs
    stream          watch live system logs
    stats           show system logging statistics

further help:
    log help <command>
    log help predicates
    log help shorthand
/Users/clawdia/.openclaw/workspace/scripts/consolidated-email-processor.sh: line 229: : No such file or directory
/Users/clawdia/.openclaw/workspace/scripts/consolidated-email-processor.sh: line 230: : No such file or directory
/Users/clawdia/.openclaw/workspace/scripts/consolidated-email-processor.sh: line 232: /summary-20260316-0600.txt: Read-only file system
log: Unknown subcommand 'INFO'
usage:
    log <command>

global options:
    -?, --help
    -q, --quiet
    -v, --verbose

commands:
    collect         gather system logs into a log archive
    config          view/change logging system settings
    diagnose        diagnose an archive for a variety of issues
    erase           delete system logging data
    repack          repack a log archive using a predicate
    show            view/search system logs
    stream          watch live system logs
    stats           show system logging statistics

further help:
    log help <command>
    log help predicates
    log help shorthand
find: : No such file or directory
log: Unknown subcommand 'INFO'
usage:
    log <command>

global options:
    -?, --help
    -q, --quiet
    -v, --verbose

commands:
    collect         gather system logs into a log archive
    config          view/change logging system settings
    diagnose        diagnose an archive for a variety of issues
    erase           delete system logging data
    repack          repack a log archive using a predicate
    show            view/search system logs
    stream          watch live system logs
    stats           show system logging statistics

further help:
    log help <command>
    log help predicates
    log help shorthand
log: Unknown subcommand 'SUCCESS'
usage:
    log <command>

global options:
    -?, --help
    -q, --quiet
    -v, --verbose

commands:
    collect         gather system logs into a log archive
    config          view/change logging system settings
    diagnose        diagnose an archive for a variety of issues
    erase           delete system logging data
    repack          repack a log archive using a predicate
    show            view/search system logs
    stream          watch live system logs
    stats           show system logging statistics

further help:
    log help <command>
    log help predicates
    log help shorthand
log: Unknown subcommand 'INFO'
usage:
    log <command>

global options:
    -?, --help
    -q, --quiet
    -v, --verbose

commands:
    collect         gather system logs into a log archive
    config          view/change logging system settings
    diagnose        diagnose an archive for a variety of issues
    erase           delete system logging data
    repack          repack a log archive using a predicate
    show            view/search system logs
    stream          watch live system logs
    stats           show system logging statistics

further help:
    log help <command>
    log help predicates
    log help shorthand
/Users/clawdia/.openclaw/workspace/scripts/consolidated-email-processor.sh: line 319: policy_guard_check: command not found
log: Unknown subcommand 'INFO'
usage:
    log <command>

global options:
    -?, --help
    -q, --quiet
    -v, --verbose

commands:
    collect         gather system logs into a log archive
    config          view/change logging system settings
    diagnose        diagnose an archive for a variety of issues
    erase           delete system logging data
    repack          repack a log archive using a predicate
    show            view/search system logs
    stream          watch live system logs
    stats           show system logging statistics

further help:
    log help <command>
    log help predicates
    log help shorthand
log: Unknown subcommand 'INFO'
usage:
    log <command>

global options:
    -?, --help
    -q, --quiet
    -v, --verbose

commands:
    collect         gather system logs into a log archive
    config          view/change logging system settings
    diagnose        diagnose an archive for a variety of issues
    erase           delete system logging data
    repack          repack a log archive using a predicate
    show            view/search system logs
    stream          watch live system logs
    stats           show system logging statistics

further help:
    log help <command>
    log help predicates
    log help shorthand
log: Unknown subcommand 'INFO'
usage:
    log <command>

global options:
    -?, --help
    -q, --quiet
    -v, --verbose

commands:
    collect         gather system logs into a log archive
    config          view/change logging system settings
    diagnose        diagnose an archive for a variety of issues
    erase           delete system logging data
    repack          repack a log archive using a predicate
    show            view/search system logs
    stream          watch live system logs
    stats           show system logging statistics

further help:
    log help <command>
    log help predicates
    log help shorthand
/Users/clawdia/.openclaw/workspace/scripts/consolidated-email-processor.sh: line 284: should_create_todo: command not found
log: Unknown subcommand 'SUCCESS'
usage:
    log <command>

global options:
    -?, --help
    -q, --quiet
    -v, --verbose

commands:
    collect         gather system logs into a log archive
    config          view/change logging system settings
    diagnose        diagnose an archive for a variety of issues
    erase           delete system logging data
    repack          repack a log archive using a predicate
    show            view/search system logs
    stream          watch live system logs
    stats           show system logging statistics

further help:
    log help <command>
    log help predicates
    log help shorthand
/Users/clawdia/.openclaw/workspace/scripts/consolidated-email-processor.sh: line 284: should_create_todo: command not found
log: Unknown subcommand 'SUCCESS'
usage:
    log <command>

global options:
    -?, --help
    -q, --quiet
    -v, --verbose

commands:
    collect         gather system logs into a log archive
    config          view/change logging system settings
    diagnose        diagnose an archive for a variety of issues
    erase           delete system logging data
    repack          repack a log archive using a predicate
    show            view/search system logs
    stream          watch live system logs
    stats           show system logging statistics

further help:
    log help <command>
    log help predicates
    log help shorthand
/Users/clawdia/.openclaw/workspace/scripts/consolidated-email-processor.sh: line 284: should_create_todo: command not found
log: Unknown subcommand 'SUCCESS'
usage:
    log <command>

global options:
    -?, --help
    -q, --quiet
    -v, --verbose

commands:
    collect         gather system logs into a log archive
    config          view/change logging system settings
    diagnose        diagnose an archive for a variety of issues
    erase           delete system logging data
    repack          repack a log archive using a predicate
    show            view/search system logs
    stream          watch live system logs
    stats           show system logging statistics

further help:
    log help <command>
    log help predicates
    log help shorthand
/Users/clawdia/.openclaw/workspace/scripts/consolidated-email-processor.sh: line 284: should_create_todo: command not found
log: Unknown subcommand 'SUCCESS'
usage:
    log <command>

global options:
    -?, --help
    -q, --quiet
    -v, --verbose

commands:
    collect         gather system logs into a log archive
    config          view/change logging system settings
    diagnose        diagnose an archive for a variety of issues
    erase           delete system logging data
    repack          repack a log archive using a predicate
    show            view/search system logs
    stream          watch live system logs
    stats           show system logging statistics

further help:
    log help <command>
    log help predicates
    log help shorthand
/Users/clawdia/.openclaw/workspace/scripts/consolidated-email-processor.sh: line 284: should_create_todo: command not found
log: Unknown subcommand 'SUCCESS'
usage:
    log <command>

global options:
    -?, --help
    -q, --quiet
    -v, --verbose

commands:
    collect         gather system logs into a log archive
    config          view/change logging system settings
    diagnose        diagnose an archive for a variety of issues
    erase           delete system logging data
    repack          repack a log archive using a predicate
    show            view/search system logs
    stream          watch live system logs
    stats           show system logging statistics

further help:
    log help <command>
    log help predicates
    log help shorthand
/Users/clawdia/.openclaw/workspace/scripts/consolidated-email-processor.sh: line 284: should_create_todo: command not found
log: Unknown subcommand 'SUCCESS'
usage:
    log <command>

global options:
    -?, --help
    -q, --quiet
    -v, --verbose

commands:
    collect         gather system logs into a log archive
    config          view/change logging system settings
    diagnose        diagnose an archive for a variety of issues
    erase           delete system logging data
    repack          repack a log archive using a predicate
    show            view/search system logs
    stream          watch live system logs
    stats           show system logging statistics

further help:
    log help <command>
    log help predicates
    log help shorthand
/Users/clawdia/.openclaw/workspace/scripts/consolidated-email-processor.sh: line 297: should_create_todo: command not found
log: Unknown subcommand 'ERROR'
usage:
    log <command>

global options:
    -?, --help
    -q, --quiet
    -v, --verbose

commands:
    collect         gather system logs into a log archive
    config          view/change logging system settings
    diagnose        diagnose an archive for a variety of issues
    erase           delete system logging data
    repack          repack a log archive using a predicate
    show            view/search system logs
    stream          watch live system logs
    stats           show system logging statistics

further help:
    log help <command>
    log help predicates
    log help shorthand
/Users/clawdia/.openclaw/workspace/scripts/consolidated-email-processor.sh: line 297: should_create_todo: command not found
log: Unknown subcommand 'ERROR'
usage:
    log <command>

global options:
    -?, --help
    -q, --quiet
    -v, --verbose

commands:
    collect         gather system logs into a log archive
    config          view/change logging system settings
    diagnose        diagnose an archive for a variety of issues
    erase           delete system logging data
    repack          repack a log archive using a predicate
    show            view/search system logs
    stream          watch live system logs
    stats           show system logging statistics

further help:
    log help <command>
    log help predicates
    log help shorthand
/Users/clawdia/.openclaw/workspace/scripts/consolidated-email-processor.sh: line 297: should_create_todo: command not found
log: Unknown subcommand 'ERROR'
usage:
    log <command>

global options:
    -?, --help
    -q, --quiet
    -v, --verbose

commands:
    collect         gather system logs into a log archive
    config          view/change logging system settings
    diagnose        diagnose an archive for a variety of issues
    erase           delete system logging data
    repack          repack a log archive using a predicate
    show            view/search system logs
    stream          watch live system logs
    stats           show system logging statistics

further help:
    log help <command>
    log help predicates
    log help shorthand
/Users/clawdia/.openclaw/workspace/scripts/consolidated-email-processor.sh: line 297: should_create_todo: command not found
log: Unknown subcommand 'ERROR'
usage:
    log <command>

global options:
    -?, --help
    -q, --quiet
    -v, --verbose

commands:
    collect         gather system logs into a log archive
    config          view/change logging system settings
    diagnose        diagnose an archive for a variety of issues
    erase           delete system logging data
    repack          repack a log archive using a predicate
    show            view/search system logs
    stream          watch live system logs
    stats           show system logging statistics

further help:
    log help <command>
    log help predicates
    log help shorthand
/Users/clawdia/.openclaw/workspace/scripts/consolidated-email-processor.sh: line 297: should_create_todo: command not found
log: Unknown subcommand 'ERROR'
usage:
    log <command>

global options:
    -?, --help
    -q, --quiet
    -v, --verbose

commands:
    collect         gather system logs into a log archive
    config          view/change logging system settings
    diagnose        diagnose an archive for a variety of issues
    erase           delete system logging data
    repack          repack a log archive using a predicate
    show            view/search system logs
    stream          watch live system logs
    stats           show system logging statistics

further help:
    log help <command>
    log help predicates
    log help shorthand
log: Unknown subcommand 'INFO'
usage:
    log <command>

global options:
    -?, --help
    -q, --quiet
    -v, --verbose

commands:
    collect         gather system logs into a log archive
    config          view/change logging system settings
    diagnose        diagnose an archive for a variety of issues
    erase           delete system logging data
    repack          repack a log archive using a predicate
    show            view/search system logs
    stream          watch live system logs
    stats           show system logging statistics

further help:
    log help <command>
    log help predicates
    log help shorthand
log: Unknown subcommand 'ERROR'
usage:
    log <command>

global options:
    -?, --help
    -q, --quiet
    -v, --verbose

commands:
    collect         gather system logs into a log archive
    config          view/change logging system settings
    diagnose        diagnose an archive for a variety of issues
    erase           delete system logging data
    repack          repack a log archive using a predicate
    show            view/search system logs
    stream          watch live system logs
    stats           show system logging statistics

further help:
    log help <command>
    log help predicates
    log help shorthand
log: Unknown subcommand 'ERROR'
usage:
    log <command>

global options:
    -?, --help
    -q, --quiet
    -v, --verbose

commands:
    collect         gather system logs into a log archive
    config          view/change logging system settings
    diagnose        diagnose an archive for a variety of issues
    erase           delete system logging data
    repack          repack a log archive using a predicate
    show            view/search system logs
    stream          watch live system logs
    stats           show system logging statistics

further help:
    log help <command>
    log help predicates
    log help shorthand
/Users/clawdia/.openclaw/workspace/scripts/consolidated-email-processor.sh: line 329: check_quiet_hours: command not found
log: Unknown subcommand 'INFO'
usage:
    log <command>

global options:
    -?, --help
    -q, --quiet
    -v, --verbose

commands:
    collect         gather system logs into a log archive
    config          view/change logging system settings
    diagnose        diagnose an archive for a variety of issues
    erase           delete system logging data
    repack          repack a log archive using a predicate
    show            view/search system logs
    stream          watch live system logs
    stats           show system logging statistics

further help:
    log help <command>
    log help predicates
    log help shorthand
log: Unknown subcommand 'SUCCESS'
usage:
    log <command>

global options:
    -?, --help
    -q, --quiet
    -v, --verbose

commands:
    collect         gather system logs into a log archive
    config          view/change logging system settings
    diagnose        diagnose an archive for a variety of issues
    erase           delete system logging data
    repack          repack a log archive using a predicate
    show            view/search system logs
    stream          watch live system logs
    stats           show system logging statistics

further help:
    log help <command>
    log help predicates
    log help shorthand
/Users/clawdia/.openclaw/workspace/scripts/consolidated-email-processor.sh: line 343: cleanup_thread_tracking: command not found
log: Unknown subcommand 'INFO'
usage:
    log <command>

global options:
    -?, --help
    -q, --quiet
    -v, --verbose

commands:
    collect         gather system logs into a log archive
    config          view/change logging system settings
    diagnose        diagnose an archive for a variety of issues
    erase           delete system logging data
    repack          repack a log archive using a predicate
    show            view/search system logs
    stream          watch live system logs
    stats           show system logging statistics

further help:
    log help <command>
    log help predicates
    log help shorthand
log: Unknown subcommand 'INFO'
usage:
    log <command>

global options:
    -?, --help
    -q, --quiet
    -v, --verbose

commands:
    collect         gather system logs into a log archive
    config          view/change logging system settings
    diagnose        diagnose an archive for a variety of issues
    erase           delete system logging data
    repack          repack a log archive using a predicate
    show            view/search system logs
    stream          watch live system logs
    stats           show system logging statistics

further help:
    log help <command>
    log help predicates
    log help shorthand
log: Unknown subcommand 'ERROR'
usage:
    log <command>

global options:
    -?, --help
    -q, --quiet
    -v, --verbose

commands:
    collect         gather system logs into a log archive
    config          view/change logging system settings
    diagnose        diagnose an archive for a variety of issues
    erase           delete system logging data
    repack          repack a log archive using a predicate
    show            view/search system logs
    stream          watch live system logs
    stats           show system logging statistics

further help:
    log help <command>
    log help predicates
    log help shorthand
log: Unknown subcommand 'INFO'
usage:
    log <command>

global options:
    -?, --help
    -q, --quiet
    -v, --verbose

commands:
    collect         gather system logs into a log archive
    config          view/change logging system settings
    diagnose        diagnose an archive for a variety of issues
    erase           delete system logging data
    repack          repack a log archive using a predicate
    show            view/search system logs
    stream          watch live system logs
    stats           show system logging statistics

further help:
    log help <command>
    log help predicates
    log help shorthand
log: Unknown subcommand 'INFO'
usage:
    log <command>

global options:
    -?, --help
    -q, --quiet
    -v, --verbose

commands:
    collect         gather system logs into a log archive
    config          view/change logging system settings
    diagnose        diagnose an archive for a variety of issues
    erase           delete system logging data
    repack          repack a log archive using a predicate
    show            view/search system logs
    stream          watch live system logs
    stats           show system logging statistics

further help:
    log help <command>
    log help predicates
    log help shorthand
/Users/clawdia/.openclaw/workspace/scripts/consolidated-email-processor.sh: line 229: : No such file or directory
/Users/clawdia/.openclaw/workspace/scripts/consolidated-email-processor.sh: line 230: : No such file or directory
/Users/clawdia/.openclaw/workspace/scripts/consolidated-email-processor.sh: line 232: /summary-20260316-0700.txt: Read-only file system
log: Unknown subcommand 'INFO'
usage:
    log <command>

global options:
    -?, --help
    -q, --quiet
    -v, --verbose

commands:
    collect         gather system logs into a log archive
    config          view/change logging system settings
    diagnose        diagnose an archive for a variety of issues
    erase           delete system logging data
    repack          repack a log archive using a predicate
    show            view/search system logs
    stream          watch live system logs
    stats           show system logging statistics

further help:
    log help <command>
    log help predicates
    log help shorthand
find: : No such file or directory
log: Unknown subcommand 'INFO'
usage:
    log <command>

global options:
    -?, --help
    -q, --quiet
    -v, --verbose

commands:
    collect         gather system logs into a log archive
    config          view/change logging system settings
    diagnose        diagnose an archive for a variety of issues
    erase           delete system logging data
    repack          repack a log archive using a predicate
    show            view/search system logs
    stream          watch live system logs
    stats           show system logging statistics

further help:
    log help <command>
    log help predicates
    log help shorthand
log: Unknown subcommand 'SUCCESS'
usage:
    log <command>

global options:
    -?, --help
    -q, --quiet
    -v, --verbose

commands:
    collect         gather system logs into a log archive
    config          view/change logging system settings
    diagnose        diagnose an archive for a variety of issues
    erase           delete system logging data
    repack          repack a log archive using a predicate
    show            view/search system logs
    stream          watch live system logs
    stats           show system logging statistics

further help:
    log help <command>
    log help predicates
    log help shorthand
log: Unknown subcommand 'INFO'
usage:
    log <command>

global options:
    -?, --help
    -q, --quiet
    -v, --verbose

commands:
    collect         gather system logs into a log archive
    config          view/change logging system settings
    diagnose        diagnose an archive for a variety of issues
    erase           delete system logging data
    repack          repack a log archive using a predicate
    show            view/search system logs
    stream          watch live system logs
    stats           show system logging statistics

further help:
    log help <command>
    log help predicates
    log help shorthand
/Users/clawdia/.openclaw/workspace/scripts/consolidated-email-processor.sh: line 319: policy_guard_check: command not found
log: Unknown subcommand 'INFO'
usage:
    log <command>

global options:
    -?, --help
    -q, --quiet
    -v, --verbose

commands:
    collect         gather system logs into a log archive
    config          view/change logging system settings
    diagnose        diagnose an archive for a variety of issues
    erase           delete system logging data
    repack          repack a log archive using a predicate
    show            view/search system logs
    stream          watch live system logs
    stats           show system logging statistics

further help:
    log help <command>
    log help predicates
    log help shorthand
log: Unknown subcommand 'INFO'
usage:
    log <command>

global options:
    -?, --help
    -q, --quiet
    -v, --verbose

commands:
    collect         gather system logs into a log archive
    config          view/change logging system settings
    diagnose        diagnose an archive for a variety of issues
    erase           delete system logging data
    repack          repack a log archive using a predicate
    show            view/search system logs
    stream          watch live system logs
    stats           show system logging statistics

further help:
    log help <command>
    log help predicates
    log help shorthand
log: Unknown subcommand 'INFO'
usage:
    log <command>

global options:
    -?, --help
    -q, --quiet
    -v, --verbose

commands:
    collect         gather system logs into a log archive
    config          view/change logging system settings
    diagnose        diagnose an archive for a variety of issues
    erase           delete system logging data
    repack          repack a log archive using a predicate
    show            view/search system logs
    stream          watch live system logs
    stats           show system logging statistics

further help:
    log help <command>
    log help predicates
    log help shorthand
/Users/clawdia/.openclaw/workspace/scripts/consolidated-email-processor.sh: line 284: should_create_todo: command not found
log: Unknown subcommand 'SUCCESS'
usage:
    log <command>

global options:
    -?, --help
    -q, --quiet
    -v, --verbose

commands:
    collect         gather system logs into a log archive
    config          view/change logging system settings
    diagnose        diagnose an archive for a variety of issues
    erase           delete system logging data
    repack          repack a log archive using a predicate
    show            view/search system logs
    stream          watch live system logs
    stats           show system logging statistics

further help:
    log help <command>
    log help predicates
    log help shorthand
/Users/clawdia/.openclaw/workspace/scripts/consolidated-email-processor.sh: line 284: should_create_todo: command not found
log: Unknown subcommand 'SUCCESS'
usage:
    log <command>

global options:
    -?, --help
    -q, --quiet
    -v, --verbose

commands:
    collect         gather system logs into a log archive
    config          view/change logging system settings
    diagnose        diagnose an archive for a variety of issues
    erase           delete system logging data
    repack          repack a log archive using a predicate
    show            view/search system logs
    stream          watch live system logs
    stats           show system logging statistics

further help:
    log help <command>
    log help predicates
    log help shorthand
/Users/clawdia/.openclaw/workspace/scripts/consolidated-email-processor.sh: line 284: should_create_todo: command not found
log: Unknown subcommand 'SUCCESS'
usage:
    log <command>

global options:
    -?, --help
    -q, --quiet
    -v, --verbose

commands:
    collect         gather system logs into a log archive
    config          view/change logging system settings
    diagnose        diagnose an archive for a variety of issues
    erase           delete system logging data
    repack          repack a log archive using a predicate
    show            view/search system logs
    stream          watch live system logs
    stats           show system logging statistics

further help:
    log help <command>
    log help predicates
    log help shorthand
/Users/clawdia/.openclaw/workspace/scripts/consolidated-email-processor.sh: line 284: should_create_todo: command not found
log: Unknown subcommand 'SUCCESS'
usage:
    log <command>

global options:
    -?, --help
    -q, --quiet
    -v, --verbose

commands:
    collect         gather system logs into a log archive
    config          view/change logging system settings
    diagnose        diagnose an archive for a variety of issues
    erase           delete system logging data
    repack          repack a log archive using a predicate
    show            view/search system logs
    stream          watch live system logs
    stats           show system logging statistics

further help:
    log help <command>
    log help predicates
    log help shorthand
/Users/clawdia/.openclaw/workspace/scripts/consolidated-email-processor.sh: line 284: should_create_todo: command not found
log: Unknown subcommand 'SUCCESS'
usage:
    log <command>

global options:
    -?, --help
    -q, --quiet
    -v, --verbose

commands:
    collect         gather system logs into a log archive
    config          view/change logging system settings
    diagnose        diagnose an archive for a variety of issues
    erase           delete system logging data
    repack          repack a log archive using a predicate
    show            view/search system logs
    stream          watch live system logs
    stats           show system logging statistics

further help:
    log help <command>
    log help predicates
    log help shorthand
/Users/clawdia/.openclaw/workspace/scripts/consolidated-email-processor.sh: line 284: should_create_todo: command not found
log: Unknown subcommand 'SUCCESS'
usage:
    log <command>

global options:
    -?, --help
    -q, --quiet
    -v, --verbose

commands:
    collect         gather system logs into a log archive
    config          view/change logging system settings
    diagnose        diagnose an archive for a variety of issues
    erase           delete system logging data
    repack          repack a log archive using a predicate
    show            view/search system logs
    stream          watch live system logs
    stats           show system logging statistics

further help:
    log help <command>
    log help predicates
    log help shorthand
/Users/clawdia/.openclaw/workspace/scripts/consolidated-email-processor.sh: line 297: should_create_todo: command not found
log: Unknown subcommand 'ERROR'
usage:
    log <command>

global options:
    -?, --help
    -q, --quiet
    -v, --verbose

commands:
    collect         gather system logs into a log archive
    config          view/change logging system settings
    diagnose        diagnose an archive for a variety of issues
    erase           delete system logging data
    repack          repack a log archive using a predicate
    show            view/search system logs
    stream          watch live system logs
    stats           show system logging statistics

further help:
    log help <command>
    log help predicates
    log help shorthand
/Users/clawdia/.openclaw/workspace/scripts/consolidated-email-processor.sh: line 297: should_create_todo: command not found
log: Unknown subcommand 'ERROR'
usage:
    log <command>

global options:
    -?, --help
    -q, --quiet
    -v, --verbose

commands:
    collect         gather system logs into a log archive
    config          view/change logging system settings
    diagnose        diagnose an archive for a variety of issues
    erase           delete system logging data
    repack          repack a log archive using a predicate
    show            view/search system logs
    stream          watch live system logs
    stats           show system logging statistics

further help:
    log help <command>
    log help predicates
    log help shorthand
/Users/clawdia/.openclaw/workspace/scripts/consolidated-email-processor.sh: line 297: should_create_todo: command not found
log: Unknown subcommand 'ERROR'
usage:
    log <command>

global options:
    -?, --help
    -q, --quiet
    -v, --verbose

commands:
    collect         gather system logs into a log archive
    config          view/change logging system settings
    diagnose        diagnose an archive for a variety of issues
    erase           delete system logging data
    repack          repack a log archive using a predicate
    show            view/search system logs
    stream          watch live system logs
    stats           show system logging statistics

further help:
    log help <command>
    log help predicates
    log help shorthand
/Users/clawdia/.openclaw/workspace/scripts/consolidated-email-processor.sh: line 297: should_create_todo: command not found
log: Unknown subcommand 'ERROR'
usage:
    log <command>

global options:
    -?, --help
    -q, --quiet
    -v, --verbose

commands:
    collect         gather system logs into a log archive
    config          view/change logging system settings
    diagnose        diagnose an archive for a variety of issues
    erase           delete system logging data
    repack          repack a log archive using a predicate
    show            view/search system logs
    stream          watch live system logs
    stats           show system logging statistics

further help:
    log help <command>
    log help predicates
    log help shorthand
/Users/clawdia/.openclaw/workspace/scripts/consolidated-email-processor.sh: line 297: should_create_todo: command not found
log: Unknown subcommand 'ERROR'
usage:
    log <command>

global options:
    -?, --help
    -q, --quiet
    -v, --verbose

commands:
    collect         gather system logs into a log archive
    config          view/change logging system settings
    diagnose        diagnose an archive for a variety of issues
    erase           delete system logging data
    repack          repack a log archive using a predicate
    show            view/search system logs
    stream          watch live system logs
    stats           show system logging statistics

further help:
    log help <command>
    log help predicates
    log help shorthand
log: Unknown subcommand 'INFO'
usage:
    log <command>

global options:
    -?, --help
    -q, --quiet
    -v, --verbose

commands:
    collect         gather system logs into a log archive
    config          view/change logging system settings
    diagnose        diagnose an archive for a variety of issues
    erase           delete system logging data
    repack          repack a log archive using a predicate
    show            view/search system logs
    stream          watch live system logs
    stats           show system logging statistics

further help:
    log help <command>
    log help predicates
    log help shorthand
log: Unknown subcommand 'ERROR'
usage:
    log <command>

global options:
    -?, --help
    -q, --quiet
    -v, --verbose

commands:
    collect         gather system logs into a log archive
    config          view/change logging system settings
    diagnose        diagnose an archive for a variety of issues
    erase           delete system logging data
    repack          repack a log archive using a predicate
    show            view/search system logs
    stream          watch live system logs
    stats           show system logging statistics

further help:
    log help <command>
    log help predicates
    log help shorthand
log: Unknown subcommand 'ERROR'
usage:
    log <command>

global options:
    -?, --help
    -q, --quiet
    -v, --verbose

commands:
    collect         gather system logs into a log archive
    config          view/change logging system settings
    diagnose        diagnose an archive for a variety of issues
    erase           delete system logging data
    repack          repack a log archive using a predicate
    show            view/search system logs
    stream          watch live system logs
    stats           show system logging statistics

further help:
    log help <command>
    log help predicates
    log help shorthand
/Users/clawdia/.openclaw/workspace/scripts/consolidated-email-processor.sh: line 329: check_quiet_hours: command not found
log: Unknown subcommand 'INFO'
usage:
    log <command>

global options:
    -?, --help
    -q, --quiet
    -v, --verbose

commands:
    collect         gather system logs into a log archive
    config          view/change logging system settings
    diagnose        diagnose an archive for a variety of issues
    erase           delete system logging data
    repack          repack a log archive using a predicate
    show            view/search system logs
    stream          watch live system logs
    stats           show system logging statistics

further help:
    log help <command>
    log help predicates
    log help shorthand
log: Unknown subcommand 'SUCCESS'
usage:
    log <command>

global options:
    -?, --help
    -q, --quiet
    -v, --verbose

commands:
    collect         gather system logs into a log archive
    config          view/change logging system settings
    diagnose        diagnose an archive for a variety of issues
    erase           delete system logging data
    repack          repack a log archive using a predicate
    show            view/search system logs
    stream          watch live system logs
    stats           show system logging statistics

further help:
    log help <command>
    log help predicates
    log help shorthand
/Users/clawdia/.openclaw/workspace/scripts/consolidated-email-processor.sh: line 343: cleanup_thread_tracking: command not found
log: Unknown subcommand 'INFO'
usage:
    log <command>

global options:
    -?, --help
    -q, --quiet
    -v, --verbose

commands:
    collect         gather system logs into a log archive
    config          view/change logging system settings
    diagnose        diagnose an archive for a variety of issues
    erase           delete system logging data
    repack          repack a log archive using a predicate
    show            view/search system logs
    stream          watch live system logs
    stats           show system logging statistics

further help:
    log help <command>
    log help predicates
    log help shorthand
log: Unknown subcommand 'INFO'
usage:
    log <command>

global options:
    -?, --help
    -q, --quiet
    -v, --verbose

commands:
    collect         gather system logs into a log archive
    config          view/change logging system settings
    diagnose        diagnose an archive for a variety of issues
    erase           delete system logging data
    repack          repack a log archive using a predicate
    show            view/search system logs
    stream          watch live system logs
    stats           show system logging statistics

further help:
    log help <command>
    log help predicates
    log help shorthand
log: Unknown subcommand 'ERROR'
usage:
    log <command>

global options:
    -?, --help
    -q, --quiet
    -v, --verbose

commands:
    collect         gather system logs into a log archive
    config          view/change logging system settings
    diagnose        diagnose an archive for a variety of issues
    erase           delete system logging data
    repack          repack a log archive using a predicate
    show            view/search system logs
    stream          watch live system logs
    stats           show system logging statistics

further help:
    log help <command>
    log help predicates
    log help shorthand
log: Unknown subcommand 'INFO'
usage:
    log <command>

global options:
    -?, --help
    -q, --quiet
    -v, --verbose

commands:
    collect         gather system logs into a log archive
    config          view/change logging system settings
    diagnose        diagnose an archive for a variety of issues
    erase           delete system logging data
    repack          repack a log archive using a predicate
    show            view/search system logs
    stream          watch live system logs
    stats           show system logging statistics

further help:
    log help <command>
    log help predicates
    log help shorthand
log: Unknown subcommand 'INFO'
usage:
    log <command>

global options:
    -?, --help
    -q, --quiet
    -v, --verbose

commands:
    collect         gather system logs into a log archive
    config          view/change logging system settings
    diagnose        diagnose an archive for a variety of issues
    erase           delete system logging data
    repack          repack a log archive using a predicate
    show            view/search system logs
    stream          watch live system logs
    stats           show system logging statistics

further help:
    log help <command>
    log help predicates
    log help shorthand
/Users/clawdia/.openclaw/workspace/scripts/consolidated-email-processor.sh: line 229: : No such file or directory
/Users/clawdia/.openclaw/workspace/scripts/consolidated-email-processor.sh: line 230: : No such file or directory
/Users/clawdia/.openclaw/workspace/scripts/consolidated-email-processor.sh: line 232: /summary-20260316-0800.txt: Read-only file system
log: Unknown subcommand 'INFO'
usage:
    log <command>

global options:
    -?, --help
    -q, --quiet
    -v, --verbose

commands:
    collect         gather system logs into a log archive
    config          view/change logging system settings
    diagnose        diagnose an archive for a variety of issues
    erase           delete system logging data
    repack          repack a log archive using a predicate
    show            view/search system logs
    stream          watch live system logs
    stats           show system logging statistics

further help:
    log help <command>
    log help predicates
    log help shorthand
find: : No such file or directory
log: Unknown subcommand 'INFO'
usage:
    log <command>

global options:
    -?, --help
    -q, --quiet
    -v, --verbose

commands:
    collect         gather system logs into a log archive
    config          view/change logging system settings
    diagnose        diagnose an archive for a variety of issues
    erase           delete system logging data
    repack          repack a log archive using a predicate
    show            view/search system logs
    stream          watch live system logs
    stats           show system logging statistics

further help:
    log help <command>
    log help predicates
    log help shorthand
log: Unknown subcommand 'SUCCESS'
usage:
    log <command>

global options:
    -?, --help
    -q, --quiet
    -v, --verbose

commands:
    collect         gather system logs into a log archive
    config          view/change logging system settings
    diagnose        diagnose an archive for a variety of issues
    erase           delete system logging data
    repack          repack a log archive using a predicate
    show            view/search system logs
    stream          watch live system logs
    stats           show system logging statistics

further help:
    log help <command>
    log help predicates
    log help shorthand
log: Unknown subcommand 'INFO'
usage:
    log <command>

global options:
    -?, --help
    -q, --quiet
    -v, --verbose

commands:
    collect         gather system logs into a log archive
    config          view/change logging system settings
    diagnose        diagnose an archive for a variety of issues
    erase           delete system logging data
    repack          repack a log archive using a predicate
    show            view/search system logs
    stream          watch live system logs
    stats           show system logging statistics

further help:
    log help <command>
    log help predicates
    log help shorthand
/Users/clawdia/.openclaw/workspace/scripts/consolidated-email-processor.sh: line 319: policy_guard_check: command not found
log: Unknown subcommand 'INFO'
usage:
    log <command>

global options:
    -?, --help
    -q, --quiet
    -v, --verbose

commands:
    collect         gather system logs into a log archive
    config          view/change logging system settings
    diagnose        diagnose an archive for a variety of issues
    erase           delete system logging data
    repack          repack a log archive using a predicate
    show            view/search system logs
    stream          watch live system logs
    stats           show system logging statistics

further help:
    log help <command>
    log help predicates
    log help shorthand
log: Unknown subcommand 'INFO'
usage:
    log <command>

global options:
    -?, --help
    -q, --quiet
    -v, --verbose

commands:
    collect         gather system logs into a log archive
    config          view/change logging system settings
    diagnose        diagnose an archive for a variety of issues
    erase           delete system logging data
    repack          repack a log archive using a predicate
    show            view/search system logs
    stream          watch live system logs
    stats           show system logging statistics

further help:
    log help <command>
    log help predicates
    log help shorthand
log: Unknown subcommand 'INFO'
usage:
    log <command>

global options:
    -?, --help
    -q, --quiet
    -v, --verbose

commands:
    collect         gather system logs into a log archive
    config          view/change logging system settings
    diagnose        diagnose an archive for a variety of issues
    erase           delete system logging data
    repack          repack a log archive using a predicate
    show            view/search system logs
    stream          watch live system logs
    stats           show system logging statistics

further help:
    log help <command>
    log help predicates
    log help shorthand
/Users/clawdia/.openclaw/workspace/scripts/consolidated-email-processor.sh: line 284: should_create_todo: command not found
log: Unknown subcommand 'SUCCESS'
usage:
    log <command>

global options:
    -?, --help
    -q, --quiet
    -v, --verbose

commands:
    collect         gather system logs into a log archive
    config          view/change logging system settings
    diagnose        diagnose an archive for a variety of issues
    erase           delete system logging data
    repack          repack a log archive using a predicate
    show            view/search system logs
    stream          watch live system logs
    stats           show system logging statistics

further help:
    log help <command>
    log help predicates
    log help shorthand
/Users/clawdia/.openclaw/workspace/scripts/consolidated-email-processor.sh: line 284: should_create_todo: command not found
log: Unknown subcommand 'SUCCESS'
usage:
    log <command>

global options:
    -?, --help
    -q, --quiet
    -v, --verbose

commands:
    collect         gather system logs into a log archive
    config          view/change logging system settings
    diagnose        diagnose an archive for a variety of issues
    erase           delete system logging data
    repack          repack a log archive using a predicate
    show            view/search system logs
    stream          watch live system logs
    stats           show system logging statistics

further help:
    log help <command>
    log help predicates
    log help shorthand
/Users/clawdia/.openclaw/workspace/scripts/consolidated-email-processor.sh: line 284: should_create_todo: command not found
log: Unknown subcommand 'SUCCESS'
usage:
    log <command>

global options:
    -?, --help
    -q, --quiet
    -v, --verbose

commands:
    collect         gather system logs into a log archive
    config          view/change logging system settings
    diagnose        diagnose an archive for a variety of issues
    erase           delete system logging data
    repack          repack a log archive using a predicate
    show            view/search system logs
    stream          watch live system logs
    stats           show system logging statistics

further help:
    log help <command>
    log help predicates
    log help shorthand
/Users/clawdia/.openclaw/workspace/scripts/consolidated-email-processor.sh: line 284: should_create_todo: command not found
log: Unknown subcommand 'SUCCESS'
usage:
    log <command>

global options:
    -?, --help
    -q, --quiet
    -v, --verbose

commands:
    collect         gather system logs into a log archive
    config          view/change logging system settings
    diagnose        diagnose an archive for a variety of issues
    erase           delete system logging data
    repack          repack a log archive using a predicate
    show            view/search system logs
    stream          watch live system logs
    stats           show system logging statistics

further help:
    log help <command>
    log help predicates
    log help shorthand
/Users/clawdia/.openclaw/workspace/scripts/consolidated-email-processor.sh: line 284: should_create_todo: command not found
log: Unknown subcommand 'SUCCESS'
usage:
    log <command>

global options:
    -?, --help
    -q, --quiet
    -v, --verbose

commands:
    collect         gather system logs into a log archive
    config          view/change logging system settings
    diagnose        diagnose an archive for a variety of issues
    erase           delete system logging data
    repack          repack a log archive using a predicate
    show            view/search system logs
    stream          watch live system logs
    stats           show system logging statistics

further help:
    log help <command>
    log help predicates
    log help shorthand
/Users/clawdia/.openclaw/workspace/scripts/consolidated-email-processor.sh: line 284: should_create_todo: command not found
log: Unknown subcommand 'SUCCESS'
usage:
    log <command>

global options:
    -?, --help
    -q, --quiet
    -v, --verbose

commands:
    collect         gather system logs into a log archive
    config          view/change logging system settings
    diagnose        diagnose an archive for a variety of issues
    erase           delete system logging data
    repack          repack a log archive using a predicate
    show            view/search system logs
    stream          watch live system logs
    stats           show system logging statistics

further help:
    log help <command>
    log help predicates
    log help shorthand
/Users/clawdia/.openclaw/workspace/scripts/consolidated-email-processor.sh: line 297: should_create_todo: command not found
log: Unknown subcommand 'ERROR'
usage:
    log <command>

global options:
    -?, --help
    -q, --quiet
    -v, --verbose

commands:
    collect         gather system logs into a log archive
    config          view/change logging system settings
    diagnose        diagnose an archive for a variety of issues
    erase           delete system logging data
    repack          repack a log archive using a predicate
    show            view/search system logs
    stream          watch live system logs
    stats           show system logging statistics

further help:
    log help <command>
    log help predicates
    log help shorthand
/Users/clawdia/.openclaw/workspace/scripts/consolidated-email-processor.sh: line 297: should_create_todo: command not found
log: Unknown subcommand 'ERROR'
usage:
    log <command>

global options:
    -?, --help
    -q, --quiet
    -v, --verbose

commands:
    collect         gather system logs into a log archive
    config          view/change logging system settings
    diagnose        diagnose an archive for a variety of issues
    erase           delete system logging data
    repack          repack a log archive using a predicate
    show            view/search system logs
    stream          watch live system logs
    stats           show system logging statistics

further help:
    log help <command>
    log help predicates
    log help shorthand
/Users/clawdia/.openclaw/workspace/scripts/consolidated-email-processor.sh: line 297: should_create_todo: command not found
log: Unknown subcommand 'ERROR'
usage:
    log <command>

global options:
    -?, --help
    -q, --quiet
    -v, --verbose

commands:
    collect         gather system logs into a log archive
    config          view/change logging system settings
    diagnose        diagnose an archive for a variety of issues
    erase           delete system logging data
    repack          repack a log archive using a predicate
    show            view/search system logs
    stream          watch live system logs
    stats           show system logging statistics

further help:
    log help <command>
    log help predicates
    log help shorthand
/Users/clawdia/.openclaw/workspace/scripts/consolidated-email-processor.sh: line 297: should_create_todo: command not found
log: Unknown subcommand 'ERROR'
usage:
    log <command>

global options:
    -?, --help
    -q, --quiet
    -v, --verbose

commands:
    collect         gather system logs into a log archive
    config          view/change logging system settings
    diagnose        diagnose an archive for a variety of issues
    erase           delete system logging data
    repack          repack a log archive using a predicate
    show            view/search system logs
    stream          watch live system logs
    stats           show system logging statistics

further help:
    log help <command>
    log help predicates
    log help shorthand
/Users/clawdia/.openclaw/workspace/scripts/consolidated-email-processor.sh: line 297: should_create_todo: command not found
log: Unknown subcommand 'ERROR'
usage:
    log <command>

global options:
    -?, --help
    -q, --quiet
    -v, --verbose

commands:
    collect         gather system logs into a log archive
    config          view/change logging system settings
    diagnose        diagnose an archive for a variety of issues
    erase           delete system logging data
    repack          repack a log archive using a predicate
    show            view/search system logs
    stream          watch live system logs
    stats           show system logging statistics

further help:
    log help <command>
    log help predicates
    log help shorthand
log: Unknown subcommand 'INFO'
usage:
    log <command>

global options:
    -?, --help
    -q, --quiet
    -v, --verbose

commands:
    collect         gather system logs into a log archive
    config          view/change logging system settings
    diagnose        diagnose an archive for a variety of issues
    erase           delete system logging data
    repack          repack a log archive using a predicate
    show            view/search system logs
    stream          watch live system logs
    stats           show system logging statistics

further help:
    log help <command>
    log help predicates
    log help shorthand
log: Unknown subcommand 'ERROR'
usage:
    log <command>

global options:
    -?, --help
    -q, --quiet
    -v, --verbose

commands:
    collect         gather system logs into a log archive
    config          view/change logging system settings
    diagnose        diagnose an archive for a variety of issues
    erase           delete system logging data
    repack          repack a log archive using a predicate
    show            view/search system logs
    stream          watch live system logs
    stats           show system logging statistics

further help:
    log help <command>
    log help predicates
    log help shorthand
log: Unknown subcommand 'ERROR'
usage:
    log <command>

global options:
    -?, --help
    -q, --quiet
    -v, --verbose

commands:
    collect         gather system logs into a log archive
    config          view/change logging system settings
    diagnose        diagnose an archive for a variety of issues
    erase           delete system logging data
    repack          repack a log archive using a predicate
    show            view/search system logs
    stream          watch live system logs
    stats           show system logging statistics

further help:
    log help <command>
    log help predicates
    log help shorthand
/Users/clawdia/.openclaw/workspace/scripts/consolidated-email-processor.sh: line 329: check_quiet_hours: command not found
log: Unknown subcommand 'INFO'
usage:
    log <command>

global options:
    -?, --help
    -q, --quiet
    -v, --verbose

commands:
    collect         gather system logs into a log archive
    config          view/change logging system settings
    diagnose        diagnose an archive for a variety of issues
    erase           delete system logging data
    repack          repack a log archive using a predicate
    show            view/search system logs
    stream          watch live system logs
    stats           show system logging statistics

further help:
    log help <command>
    log help predicates
    log help shorthand
log: Unknown subcommand 'SUCCESS'
usage:
    log <command>

global options:
    -?, --help
    -q, --quiet
    -v, --verbose

commands:
    collect         gather system logs into a log archive
    config          view/change logging system settings
    diagnose        diagnose an archive for a variety of issues
    erase           delete system logging data
    repack          repack a log archive using a predicate
    show            view/search system logs
    stream          watch live system logs
    stats           show system logging statistics

further help:
    log help <command>
    log help predicates
    log help shorthand
/Users/clawdia/.openclaw/workspace/scripts/consolidated-email-processor.sh: line 343: cleanup_thread_tracking: command not found
log: Unknown subcommand 'INFO'
usage:
    log <command>

global options:
    -?, --help
    -q, --quiet
    -v, --verbose

commands:
    collect         gather system logs into a log archive
    config          view/change logging system settings
    diagnose        diagnose an archive for a variety of issues
    erase           delete system logging data
    repack          repack a log archive using a predicate
    show            view/search system logs
    stream          watch live system logs
    stats           show system logging statistics

further help:
    log help <command>
    log help predicates
    log help shorthand
log: Unknown subcommand 'INFO'
usage:
    log <command>

global options:
    -?, --help
    -q, --quiet
    -v, --verbose

commands:
    collect         gather system logs into a log archive
    config          view/change logging system settings
    diagnose        diagnose an archive for a variety of issues
    erase           delete system logging data
    repack          repack a log archive using a predicate
    show            view/search system logs
    stream          watch live system logs
    stats           show system logging statistics

further help:
    log help <command>
    log help predicates
    log help shorthand
log: Unknown subcommand 'ERROR'
usage:
    log <command>

global options:
    -?, --help
    -q, --quiet
    -v, --verbose

commands:
    collect         gather system logs into a log archive
    config          view/change logging system settings
    diagnose        diagnose an archive for a variety of issues
    erase           delete system logging data
    repack          repack a log archive using a predicate
    show            view/search system logs
    stream          watch live system logs
    stats           show system logging statistics

further help:
    log help <command>
    log help predicates
    log help shorthand
log: Unknown subcommand 'INFO'
usage:
    log <command>

global options:
    -?, --help
    -q, --quiet
    -v, --verbose

commands:
    collect         gather system logs into a log archive
    config          view/change logging system settings
    diagnose        diagnose an archive for a variety of issues
    erase           delete system logging data
    repack          repack a log archive using a predicate
    show            view/search system logs
    stream          watch live system logs
    stats           show system logging statistics

further help:
    log help <command>
    log help predicates
    log help shorthand
log: Unknown subcommand 'INFO'
usage:
    log <command>

global options:
    -?, --help
    -q, --quiet
    -v, --verbose

commands:
    collect         gather system logs into a log archive
    config          view/change logging system settings
    diagnose        diagnose an archive for a variety of issues
    erase           delete system logging data
    repack          repack a log archive using a predicate
    show            view/search system logs
    stream          watch live system logs
    stats           show system logging statistics

further help:
    log help <command>
    log help predicates
    log help shorthand
/Users/clawdia/.openclaw/workspace/scripts/consolidated-email-processor.sh: line 229: : No such file or directory
/Users/clawdia/.openclaw/workspace/scripts/consolidated-email-processor.sh: line 230: : No such file or directory
/Users/clawdia/.openclaw/workspace/scripts/consolidated-email-processor.sh: line 232: /summary-20260316-0900.txt: Read-only file system
log: Unknown subcommand 'INFO'
usage:
    log <command>

global options:
    -?, --help
    -q, --quiet
    -v, --verbose

commands:
    collect         gather system logs into a log archive
    config          view/change logging system settings
    diagnose        diagnose an archive for a variety of issues
    erase           delete system logging data
    repack          repack a log archive using a predicate
    show            view/search system logs
    stream          watch live system logs
    stats           show system logging statistics

further help:
    log help <command>
    log help predicates
    log help shorthand
find: : No such file or directory
log: Unknown subcommand 'INFO'
usage:
    log <command>

global options:
    -?, --help
    -q, --quiet
    -v, --verbose

commands:
    collect         gather system logs into a log archive
    config          view/change logging system settings
    diagnose        diagnose an archive for a variety of issues
    erase           delete system logging data
    repack          repack a log archive using a predicate
    show            view/search system logs
    stream          watch live system logs
    stats           show system logging statistics

further help:
    log help <command>
    log help predicates
    log help shorthand
log: Unknown subcommand 'SUCCESS'
usage:
    log <command>

global options:
    -?, --help
    -q, --quiet
    -v, --verbose

commands:
    collect         gather system logs into a log archive
    config          view/change logging system settings
    diagnose        diagnose an archive for a variety of issues
    erase           delete system logging data
    repack          repack a log archive using a predicate
    show            view/search system logs
    stream          watch live system logs
    stats           show system logging statistics

further help:
    log help <command>
    log help predicates
    log help shorthand
log: Unknown subcommand 'INFO'
usage:
    log <command>

global options:
    -?, --help
    -q, --quiet
    -v, --verbose

commands:
    collect         gather system logs into a log archive
    config          view/change logging system settings
    diagnose        diagnose an archive for a variety of issues
    erase           delete system logging data
    repack          repack a log archive using a predicate
    show            view/search system logs
    stream          watch live system logs
    stats           show system logging statistics

further help:
    log help <command>
    log help predicates
    log help shorthand
/Users/clawdia/.openclaw/workspace/scripts/consolidated-email-processor.sh: line 319: policy_guard_check: command not found
log: Unknown subcommand 'INFO'
usage:
    log <command>

global options:
    -?, --help
    -q, --quiet
    -v, --verbose

commands:
    collect         gather system logs into a log archive
    config          view/change logging system settings
    diagnose        diagnose an archive for a variety of issues
    erase           delete system logging data
    repack          repack a log archive using a predicate
    show            view/search system logs
    stream          watch live system logs
    stats           show system logging statistics

further help:
    log help <command>
    log help predicates
    log help shorthand
log: Unknown subcommand 'INFO'
usage:
    log <command>

global options:
    -?, --help
    -q, --quiet
    -v, --verbose

commands:
    collect         gather system logs into a log archive
    config          view/change logging system settings
    diagnose        diagnose an archive for a variety of issues
    erase           delete system logging data
    repack          repack a log archive using a predicate
    show            view/search system logs
    stream          watch live system logs
    stats           show system logging statistics

further help:
    log help <command>
    log help predicates
    log help shorthand
log: Unknown subcommand 'INFO'
usage:
    log <command>

global options:
    -?, --help
    -q, --quiet
    -v, --verbose

commands:
    collect         gather system logs into a log archive
    config          view/change logging system settings
    diagnose        diagnose an archive for a variety of issues
    erase           delete system logging data
    repack          repack a log archive using a predicate
    show            view/search system logs
    stream          watch live system logs
    stats           show system logging statistics

further help:
    log help <command>
    log help predicates
    log help shorthand
/Users/clawdia/.openclaw/workspace/scripts/consolidated-email-processor.sh: line 284: should_create_todo: command not found
log: Unknown subcommand 'SUCCESS'
usage:
    log <command>

global options:
    -?, --help
    -q, --quiet
    -v, --verbose

commands:
    collect         gather system logs into a log archive
    config          view/change logging system settings
    diagnose        diagnose an archive for a variety of issues
    erase           delete system logging data
    repack          repack a log archive using a predicate
    show            view/search system logs
    stream          watch live system logs
    stats           show system logging statistics

further help:
    log help <command>
    log help predicates
    log help shorthand
/Users/clawdia/.openclaw/workspace/scripts/consolidated-email-processor.sh: line 284: should_create_todo: command not found
log: Unknown subcommand 'SUCCESS'
usage:
    log <command>

global options:
    -?, --help
    -q, --quiet
    -v, --verbose

commands:
    collect         gather system logs into a log archive
    config          view/change logging system settings
    diagnose        diagnose an archive for a variety of issues
    erase           delete system logging data
    repack          repack a log archive using a predicate
    show            view/search system logs
    stream          watch live system logs
    stats           show system logging statistics

further help:
    log help <command>
    log help predicates
    log help shorthand
/Users/clawdia/.openclaw/workspace/scripts/consolidated-email-processor.sh: line 284: should_create_todo: command not found
log: Unknown subcommand 'SUCCESS'
usage:
    log <command>

global options:
    -?, --help
    -q, --quiet
    -v, --verbose

commands:
    collect         gather system logs into a log archive
    config          view/change logging system settings
    diagnose        diagnose an archive for a variety of issues
    erase           delete system logging data
    repack          repack a log archive using a predicate
    show            view/search system logs
    stream          watch live system logs
    stats           show system logging statistics

further help:
    log help <command>
    log help predicates
    log help shorthand
/Users/clawdia/.openclaw/workspace/scripts/consolidated-email-processor.sh: line 284: should_create_todo: command not found
log: Unknown subcommand 'SUCCESS'
usage:
    log <command>

global options:
    -?, --help
    -q, --quiet
    -v, --verbose

commands:
    collect         gather system logs into a log archive
    config          view/change logging system settings
    diagnose        diagnose an archive for a variety of issues
    erase           delete system logging data
    repack          repack a log archive using a predicate
    show            view/search system logs
    stream          watch live system logs
    stats           show system logging statistics

further help:
    log help <command>
    log help predicates
    log help shorthand
/Users/clawdia/.openclaw/workspace/scripts/consolidated-email-processor.sh: line 284: should_create_todo: command not found
log: Unknown subcommand 'SUCCESS'
usage:
    log <command>

global options:
    -?, --help
    -q, --quiet
    -v, --verbose

commands:
    collect         gather system logs into a log archive
    config          view/change logging system settings
    diagnose        diagnose an archive for a variety of issues
    erase           delete system logging data
    repack          repack a log archive using a predicate
    show            view/search system logs
    stream          watch live system logs
    stats           show system logging statistics

further help:
    log help <command>
    log help predicates
    log help shorthand
/Users/clawdia/.openclaw/workspace/scripts/consolidated-email-processor.sh: line 284: should_create_todo: command not found
log: Unknown subcommand 'SUCCESS'
usage:
    log <command>

global options:
    -?, --help
    -q, --quiet
    -v, --verbose

commands:
    collect         gather system logs into a log archive
    config          view/change logging system settings
    diagnose        diagnose an archive for a variety of issues
    erase           delete system logging data
    repack          repack a log archive using a predicate
    show            view/search system logs
    stream          watch live system logs
    stats           show system logging statistics

further help:
    log help <command>
    log help predicates
    log help shorthand
/Users/clawdia/.openclaw/workspace/scripts/consolidated-email-processor.sh: line 297: should_create_todo: command not found
log: Unknown subcommand 'ERROR'
usage:
    log <command>

global options:
    -?, --help
    -q, --quiet
    -v, --verbose

commands:
    collect         gather system logs into a log archive
    config          view/change logging system settings
    diagnose        diagnose an archive for a variety of issues
    erase           delete system logging data
    repack          repack a log archive using a predicate
    show            view/search system logs
    stream          watch live system logs
    stats           show system logging statistics

further help:
    log help <command>
    log help predicates
    log help shorthand
/Users/clawdia/.openclaw/workspace/scripts/consolidated-email-processor.sh: line 297: should_create_todo: command not found
log: Unknown subcommand 'ERROR'
usage:
    log <command>

global options:
    -?, --help
    -q, --quiet
    -v, --verbose

commands:
    collect         gather system logs into a log archive
    config          view/change logging system settings
    diagnose        diagnose an archive for a variety of issues
    erase           delete system logging data
    repack          repack a log archive using a predicate
    show            view/search system logs
    stream          watch live system logs
    stats           show system logging statistics

further help:
    log help <command>
    log help predicates
    log help shorthand
/Users/clawdia/.openclaw/workspace/scripts/consolidated-email-processor.sh: line 297: should_create_todo: command not found
log: Unknown subcommand 'ERROR'
usage:
    log <command>

global options:
    -?, --help
    -q, --quiet
    -v, --verbose

commands:
    collect         gather system logs into a log archive
    config          view/change logging system settings
    diagnose        diagnose an archive for a variety of issues
    erase           delete system logging data
    repack          repack a log archive using a predicate
    show            view/search system logs
    stream          watch live system logs
    stats           show system logging statistics

further help:
    log help <command>
    log help predicates
    log help shorthand
/Users/clawdia/.openclaw/workspace/scripts/consolidated-email-processor.sh: line 297: should_create_todo: command not found
log: Unknown subcommand 'ERROR'
usage:
    log <command>

global options:
    -?, --help
    -q, --quiet
    -v, --verbose

commands:
    collect         gather system logs into a log archive
    config          view/change logging system settings
    diagnose        diagnose an archive for a variety of issues
    erase           delete system logging data
    repack          repack a log archive using a predicate
    show            view/search system logs
    stream          watch live system logs
    stats           show system logging statistics

further help:
    log help <command>
    log help predicates
    log help shorthand
/Users/clawdia/.openclaw/workspace/scripts/consolidated-email-processor.sh: line 297: should_create_todo: command not found
log: Unknown subcommand 'ERROR'
usage:
    log <command>

global options:
    -?, --help
    -q, --quiet
    -v, --verbose

commands:
    collect         gather system logs into a log archive
    config          view/change logging system settings
    diagnose        diagnose an archive for a variety of issues
    erase           delete system logging data
    repack          repack a log archive using a predicate
    show            view/search system logs
    stream          watch live system logs
    stats           show system logging statistics

further help:
    log help <command>
    log help predicates
    log help shorthand
log: Unknown subcommand 'INFO'
usage:
    log <command>

global options:
    -?, --help
    -q, --quiet
    -v, --verbose

commands:
    collect         gather system logs into a log archive
    config          view/change logging system settings
    diagnose        diagnose an archive for a variety of issues
    erase           delete system logging data
    repack          repack a log archive using a predicate
    show            view/search system logs
    stream          watch live system logs
    stats           show system logging statistics

further help:
    log help <command>
    log help predicates
    log help shorthand
log: Unknown subcommand 'ERROR'
usage:
    log <command>

global options:
    -?, --help
    -q, --quiet
    -v, --verbose

commands:
    collect         gather system logs into a log archive
    config          view/change logging system settings
    diagnose        diagnose an archive for a variety of issues
    erase           delete system logging data
    repack          repack a log archive using a predicate
    show            view/search system logs
    stream          watch live system logs
    stats           show system logging statistics

further help:
    log help <command>
    log help predicates
    log help shorthand
log: Unknown subcommand 'ERROR'
usage:
    log <command>

global options:
    -?, --help
    -q, --quiet
    -v, --verbose

commands:
    collect         gather system logs into a log archive
    config          view/change logging system settings
    diagnose        diagnose an archive for a variety of issues
    erase           delete system logging data
    repack          repack a log archive using a predicate
    show            view/search system logs
    stream          watch live system logs
    stats           show system logging statistics

further help:
    log help <command>
    log help predicates
    log help shorthand
/Users/clawdia/.openclaw/workspace/scripts/consolidated-email-processor.sh: line 329: check_quiet_hours: command not found
log: Unknown subcommand 'INFO'
usage:
    log <command>

global options:
    -?, --help
    -q, --quiet
    -v, --verbose

commands:
    collect         gather system logs into a log archive
    config          view/change logging system settings
    diagnose        diagnose an archive for a variety of issues
    erase           delete system logging data
    repack          repack a log archive using a predicate
    show            view/search system logs
    stream          watch live system logs
    stats           show system logging statistics

further help:
    log help <command>
    log help predicates
    log help shorthand
log: Unknown subcommand 'SUCCESS'
usage:
    log <command>

global options:
    -?, --help
    -q, --quiet
    -v, --verbose

commands:
    collect         gather system logs into a log archive
    config          view/change logging system settings
    diagnose        diagnose an archive for a variety of issues
    erase           delete system logging data
    repack          repack a log archive using a predicate
    show            view/search system logs
    stream          watch live system logs
    stats           show system logging statistics

further help:
    log help <command>
    log help predicates
    log help shorthand
/Users/clawdia/.openclaw/workspace/scripts/consolidated-email-processor.sh: line 343: cleanup_thread_tracking: command not found
log: Unknown subcommand 'INFO'
usage:
    log <command>

global options:
    -?, --help
    -q, --quiet
    -v, --verbose

commands:
    collect         gather system logs into a log archive
    config          view/change logging system settings
    diagnose        diagnose an archive for a variety of issues
    erase           delete system logging data
    repack          repack a log archive using a predicate
    show            view/search system logs
    stream          watch live system logs
    stats           show system logging statistics

further help:
    log help <command>
    log help predicates
    log help shorthand
log: Unknown subcommand 'INFO'
usage:
    log <command>

global options:
    -?, --help
    -q, --quiet
    -v, --verbose

commands:
    collect         gather system logs into a log archive
    config          view/change logging system settings
    diagnose        diagnose an archive for a variety of issues
    erase           delete system logging data
    repack          repack a log archive using a predicate
    show            view/search system logs
    stream          watch live system logs
    stats           show system logging statistics

further help:
    log help <command>
    log help predicates
    log help shorthand
log: Unknown subcommand 'ERROR'
usage:
    log <command>

global options:
    -?, --help
    -q, --quiet
    -v, --verbose

commands:
    collect         gather system logs into a log archive
    config          view/change logging system settings
    diagnose        diagnose an archive for a variety of issues
    erase           delete system logging data
    repack          repack a log archive using a predicate
    show            view/search system logs
    stream          watch live system logs
    stats           show system logging statistics

further help:
    log help <command>
    log help predicates
    log help shorthand
log: Unknown subcommand 'INFO'
usage:
    log <command>

global options:
    -?, --help
    -q, --quiet
    -v, --verbose

commands:
    collect         gather system logs into a log archive
    config          view/change logging system settings
    diagnose        diagnose an archive for a variety of issues
    erase           delete system logging data
    repack          repack a log archive using a predicate
    show            view/search system logs
    stream          watch live system logs
    stats           show system logging statistics

further help:
    log help <command>
    log help predicates
    log help shorthand
log: Unknown subcommand 'INFO'
usage:
    log <command>

global options:
    -?, --help
    -q, --quiet
    -v, --verbose

commands:
    collect         gather system logs into a log archive
    config          view/change logging system settings
    diagnose        diagnose an archive for a variety of issues
    erase           delete system logging data
    repack          repack a log archive using a predicate
    show            view/search system logs
    stream          watch live system logs
    stats           show system logging statistics

further help:
    log help <command>
    log help predicates
    log help shorthand
/Users/clawdia/.openclaw/workspace/scripts/consolidated-email-processor.sh: line 229: : No such file or directory
/Users/clawdia/.openclaw/workspace/scripts/consolidated-email-processor.sh: line 230: : No such file or directory
/Users/clawdia/.openclaw/workspace/scripts/consolidated-email-processor.sh: line 232: /summary-20260316-1000.txt: Read-only file system
log: Unknown subcommand 'INFO'
usage:
    log <command>

global options:
    -?, --help
    -q, --quiet
    -v, --verbose

commands:
    collect         gather system logs into a log archive
    config          view/change logging system settings
    diagnose        diagnose an archive for a variety of issues
    erase           delete system logging data
    repack          repack a log archive using a predicate
    show            view/search system logs
    stream          watch live system logs
    stats           show system logging statistics

further help:
    log help <command>
    log help predicates
    log help shorthand
find: : No such file or directory
log: Unknown subcommand 'INFO'
usage:
    log <command>

global options:
    -?, --help
    -q, --quiet
    -v, --verbose

commands:
    collect         gather system logs into a log archive
    config          view/change logging system settings
    diagnose        diagnose an archive for a variety of issues
    erase           delete system logging data
    repack          repack a log archive using a predicate
    show            view/search system logs
    stream          watch live system logs
    stats           show system logging statistics

further help:
    log help <command>
    log help predicates
    log help shorthand
log: Unknown subcommand 'SUCCESS'
usage:
    log <command>

global options:
    -?, --help
    -q, --quiet
    -v, --verbose

commands:
    collect         gather system logs into a log archive
    config          view/change logging system settings
    diagnose        diagnose an archive for a variety of issues
    erase           delete system logging data
    repack          repack a log archive using a predicate
    show            view/search system logs
    stream          watch live system logs
    stats           show system logging statistics

further help:
    log help <command>
    log help predicates
    log help shorthand
log: Unknown subcommand 'INFO'
usage:
    log <command>

global options:
    -?, --help
    -q, --quiet
    -v, --verbose

commands:
    collect         gather system logs into a log archive
    config          view/change logging system settings
    diagnose        diagnose an archive for a variety of issues
    erase           delete system logging data
    repack          repack a log archive using a predicate
    show            view/search system logs
    stream          watch live system logs
    stats           show system logging statistics

further help:
    log help <command>
    log help predicates
    log help shorthand
/Users/clawdia/.openclaw/workspace/scripts/consolidated-email-processor.sh: line 319: policy_guard_check: command not found
log: Unknown subcommand 'INFO'
usage:
    log <command>

global options:
    -?, --help
    -q, --quiet
    -v, --verbose

commands:
    collect         gather system logs into a log archive
    config          view/change logging system settings
    diagnose        diagnose an archive for a variety of issues
    erase           delete system logging data
    repack          repack a log archive using a predicate
    show            view/search system logs
    stream          watch live system logs
    stats           show system logging statistics

further help:
    log help <command>
    log help predicates
    log help shorthand
log: Unknown subcommand 'INFO'
usage:
    log <command>

global options:
    -?, --help
    -q, --quiet
    -v, --verbose

commands:
    collect         gather system logs into a log archive
    config          view/change logging system settings
    diagnose        diagnose an archive for a variety of issues
    erase           delete system logging data
    repack          repack a log archive using a predicate
    show            view/search system logs
    stream          watch live system logs
    stats           show system logging statistics

further help:
    log help <command>
    log help predicates
    log help shorthand
log: Unknown subcommand 'INFO'
usage:
    log <command>

global options:
    -?, --help
    -q, --quiet
    -v, --verbose

commands:
    collect         gather system logs into a log archive
    config          view/change logging system settings
    diagnose        diagnose an archive for a variety of issues
    erase           delete system logging data
    repack          repack a log archive using a predicate
    show            view/search system logs
    stream          watch live system logs
    stats           show system logging statistics

further help:
    log help <command>
    log help predicates
    log help shorthand
/Users/clawdia/.openclaw/workspace/scripts/consolidated-email-processor.sh: line 284: should_create_todo: command not found
log: Unknown subcommand 'SUCCESS'
usage:
    log <command>

global options:
    -?, --help
    -q, --quiet
    -v, --verbose

commands:
    collect         gather system logs into a log archive
    config          view/change logging system settings
    diagnose        diagnose an archive for a variety of issues
    erase           delete system logging data
    repack          repack a log archive using a predicate
    show            view/search system logs
    stream          watch live system logs
    stats           show system logging statistics

further help:
    log help <command>
    log help predicates
    log help shorthand
/Users/clawdia/.openclaw/workspace/scripts/consolidated-email-processor.sh: line 284: should_create_todo: command not found
log: Unknown subcommand 'SUCCESS'
usage:
    log <command>

global options:
    -?, --help
    -q, --quiet
    -v, --verbose

commands:
    collect         gather system logs into a log archive
    config          view/change logging system settings
    diagnose        diagnose an archive for a variety of issues
    erase           delete system logging data
    repack          repack a log archive using a predicate
    show            view/search system logs
    stream          watch live system logs
    stats           show system logging statistics

further help:
    log help <command>
    log help predicates
    log help shorthand
/Users/clawdia/.openclaw/workspace/scripts/consolidated-email-processor.sh: line 284: should_create_todo: command not found
log: Unknown subcommand 'SUCCESS'
usage:
    log <command>

global options:
    -?, --help
    -q, --quiet
    -v, --verbose

commands:
    collect         gather system logs into a log archive
    config          view/change logging system settings
    diagnose        diagnose an archive for a variety of issues
    erase           delete system logging data
    repack          repack a log archive using a predicate
    show            view/search system logs
    stream          watch live system logs
    stats           show system logging statistics

further help:
    log help <command>
    log help predicates
    log help shorthand
/Users/clawdia/.openclaw/workspace/scripts/consolidated-email-processor.sh: line 284: should_create_todo: command not found
log: Unknown subcommand 'SUCCESS'
usage:
    log <command>

global options:
    -?, --help
    -q, --quiet
    -v, --verbose

commands:
    collect         gather system logs into a log archive
    config          view/change logging system settings
    diagnose        diagnose an archive for a variety of issues
    erase           delete system logging data
    repack          repack a log archive using a predicate
    show            view/search system logs
    stream          watch live system logs
    stats           show system logging statistics

further help:
    log help <command>
    log help predicates
    log help shorthand
/Users/clawdia/.openclaw/workspace/scripts/consolidated-email-processor.sh: line 284: should_create_todo: command not found
log: Unknown subcommand 'SUCCESS'
usage:
    log <command>

global options:
    -?, --help
    -q, --quiet
    -v, --verbose

commands:
    collect         gather system logs into a log archive
    config          view/change logging system settings
    diagnose        diagnose an archive for a variety of issues
    erase           delete system logging data
    repack          repack a log archive using a predicate
    show            view/search system logs
    stream          watch live system logs
    stats           show system logging statistics

further help:
    log help <command>
    log help predicates
    log help shorthand
/Users/clawdia/.openclaw/workspace/scripts/consolidated-email-processor.sh: line 284: should_create_todo: command not found
log: Unknown subcommand 'SUCCESS'
usage:
    log <command>

global options:
    -?, --help
    -q, --quiet
    -v, --verbose

commands:
    collect         gather system logs into a log archive
    config          view/change logging system settings
    diagnose        diagnose an archive for a variety of issues
    erase           delete system logging data
    repack          repack a log archive using a predicate
    show            view/search system logs
    stream          watch live system logs
    stats           show system logging statistics

further help:
    log help <command>
    log help predicates
    log help shorthand
/Users/clawdia/.openclaw/workspace/scripts/consolidated-email-processor.sh: line 297: should_create_todo: command not found
log: Unknown subcommand 'ERROR'
usage:
    log <command>

global options:
    -?, --help
    -q, --quiet
    -v, --verbose

commands:
    collect         gather system logs into a log archive
    config          view/change logging system settings
    diagnose        diagnose an archive for a variety of issues
    erase           delete system logging data
    repack          repack a log archive using a predicate
    show            view/search system logs
    stream          watch live system logs
    stats           show system logging statistics

further help:
    log help <command>
    log help predicates
    log help shorthand
/Users/clawdia/.openclaw/workspace/scripts/consolidated-email-processor.sh: line 297: should_create_todo: command not found
log: Unknown subcommand 'ERROR'
usage:
    log <command>

global options:
    -?, --help
    -q, --quiet
    -v, --verbose

commands:
    collect         gather system logs into a log archive
    config          view/change logging system settings
    diagnose        diagnose an archive for a variety of issues
    erase           delete system logging data
    repack          repack a log archive using a predicate
    show            view/search system logs
    stream          watch live system logs
    stats           show system logging statistics

further help:
    log help <command>
    log help predicates
    log help shorthand
/Users/clawdia/.openclaw/workspace/scripts/consolidated-email-processor.sh: line 297: should_create_todo: command not found
log: Unknown subcommand 'ERROR'
usage:
    log <command>

global options:
    -?, --help
    -q, --quiet
    -v, --verbose

commands:
    collect         gather system logs into a log archive
    config          view/change logging system settings
    diagnose        diagnose an archive for a variety of issues
    erase           delete system logging data
    repack          repack a log archive using a predicate
    show            view/search system logs
    stream          watch live system logs
    stats           show system logging statistics

further help:
    log help <command>
    log help predicates
    log help shorthand
/Users/clawdia/.openclaw/workspace/scripts/consolidated-email-processor.sh: line 297: should_create_todo: command not found
log: Unknown subcommand 'ERROR'
usage:
    log <command>

global options:
    -?, --help
    -q, --quiet
    -v, --verbose

commands:
    collect         gather system logs into a log archive
    config          view/change logging system settings
    diagnose        diagnose an archive for a variety of issues
    erase           delete system logging data
    repack          repack a log archive using a predicate
    show            view/search system logs
    stream          watch live system logs
    stats           show system logging statistics

further help:
    log help <command>
    log help predicates
    log help shorthand
/Users/clawdia/.openclaw/workspace/scripts/consolidated-email-processor.sh: line 297: should_create_todo: command not found
log: Unknown subcommand 'ERROR'
usage:
    log <command>

global options:
    -?, --help
    -q, --quiet
    -v, --verbose

commands:
    collect         gather system logs into a log archive
    config          view/change logging system settings
    diagnose        diagnose an archive for a variety of issues
    erase           delete system logging data
    repack          repack a log archive using a predicate
    show            view/search system logs
    stream          watch live system logs
    stats           show system logging statistics

further help:
    log help <command>
    log help predicates
    log help shorthand
log: Unknown subcommand 'INFO'
usage:
    log <command>

global options:
    -?, --help
    -q, --quiet
    -v, --verbose

commands:
    collect         gather system logs into a log archive
    config          view/change logging system settings
    diagnose        diagnose an archive for a variety of issues
    erase           delete system logging data
    repack          repack a log archive using a predicate
    show            view/search system logs
    stream          watch live system logs
    stats           show system logging statistics

further help:
    log help <command>
    log help predicates
    log help shorthand
log: Unknown subcommand 'ERROR'
usage:
    log <command>

global options:
    -?, --help
    -q, --quiet
    -v, --verbose

commands:
    collect         gather system logs into a log archive
    config          view/change logging system settings
    diagnose        diagnose an archive for a variety of issues
    erase           delete system logging data
    repack          repack a log archive using a predicate
    show            view/search system logs
    stream          watch live system logs
    stats           show system logging statistics

further help:
    log help <command>
    log help predicates
    log help shorthand
log: Unknown subcommand 'ERROR'
usage:
    log <command>

global options:
    -?, --help
    -q, --quiet
    -v, --verbose

commands:
    collect         gather system logs into a log archive
    config          view/change logging system settings
    diagnose        diagnose an archive for a variety of issues
    erase           delete system logging data
    repack          repack a log archive using a predicate
    show            view/search system logs
    stream          watch live system logs
    stats           show system logging statistics

further help:
    log help <command>
    log help predicates
    log help shorthand
/Users/clawdia/.openclaw/workspace/scripts/consolidated-email-processor.sh: line 329: check_quiet_hours: command not found
log: Unknown subcommand 'INFO'
usage:
    log <command>

global options:
    -?, --help
    -q, --quiet
    -v, --verbose

commands:
    collect         gather system logs into a log archive
    config          view/change logging system settings
    diagnose        diagnose an archive for a variety of issues
    erase           delete system logging data
    repack          repack a log archive using a predicate
    show            view/search system logs
    stream          watch live system logs
    stats           show system logging statistics

further help:
    log help <command>
    log help predicates
    log help shorthand
log: Unknown subcommand 'SUCCESS'
usage:
    log <command>

global options:
    -?, --help
    -q, --quiet
    -v, --verbose

commands:
    collect         gather system logs into a log archive
    config          view/change logging system settings
    diagnose        diagnose an archive for a variety of issues
    erase           delete system logging data
    repack          repack a log archive using a predicate
    show            view/search system logs
    stream          watch live system logs
    stats           show system logging statistics

further help:
    log help <command>
    log help predicates
    log help shorthand
/Users/clawdia/.openclaw/workspace/scripts/consolidated-email-processor.sh: line 343: cleanup_thread_tracking: command not found
log: Unknown subcommand 'INFO'
usage:
    log <command>

global options:
    -?, --help
    -q, --quiet
    -v, --verbose

commands:
    collect         gather system logs into a log archive
    config          view/change logging system settings
    diagnose        diagnose an archive for a variety of issues
    erase           delete system logging data
    repack          repack a log archive using a predicate
    show            view/search system logs
    stream          watch live system logs
    stats           show system logging statistics

further help:
    log help <command>
    log help predicates
    log help shorthand
log: Unknown subcommand 'INFO'
usage:
    log <command>

global options:
    -?, --help
    -q, --quiet
    -v, --verbose

commands:
    collect         gather system logs into a log archive
    config          view/change logging system settings
    diagnose        diagnose an archive for a variety of issues
    erase           delete system logging data
    repack          repack a log archive using a predicate
    show            view/search system logs
    stream          watch live system logs
    stats           show system logging statistics

further help:
    log help <command>
    log help predicates
    log help shorthand
log: Unknown subcommand 'ERROR'
usage:
    log <command>

global options:
    -?, --help
    -q, --quiet
    -v, --verbose

commands:
    collect         gather system logs into a log archive
    config          view/change logging system settings
    diagnose        diagnose an archive for a variety of issues
    erase           delete system logging data
    repack          repack a log archive using a predicate
    show            view/search system logs
    stream          watch live system logs
    stats           show system logging statistics

further help:
    log help <command>
    log help predicates
    log help shorthand
log: Unknown subcommand 'INFO'
usage:
    log <command>

global options:
    -?, --help
    -q, --quiet
    -v, --verbose

commands:
    collect         gather system logs into a log archive
    config          view/change logging system settings
    diagnose        diagnose an archive for a variety of issues
    erase           delete system logging data
    repack          repack a log archive using a predicate
    show            view/search system logs
    stream          watch live system logs
    stats           show system logging statistics

further help:
    log help <command>
    log help predicates
    log help shorthand
log: Unknown subcommand 'INFO'
usage:
    log <command>

global options:
    -?, --help
    -q, --quiet
    -v, --verbose

commands:
    collect         gather system logs into a log archive
    config          view/change logging system settings
    diagnose        diagnose an archive for a variety of issues
    erase           delete system logging data
    repack          repack a log archive using a predicate
    show            view/search system logs
    stream          watch live system logs
    stats           show system logging statistics

further help:
    log help <command>
    log help predicates
    log help shorthand
/Users/clawdia/.openclaw/workspace/scripts/consolidated-email-processor.sh: line 229: : No such file or directory
/Users/clawdia/.openclaw/workspace/scripts/consolidated-email-processor.sh: line 230: : No such file or directory
/Users/clawdia/.openclaw/workspace/scripts/consolidated-email-processor.sh: line 232: /summary-20260316-1100.txt: Read-only file system
log: Unknown subcommand 'INFO'
usage:
    log <command>

global options:
    -?, --help
    -q, --quiet
    -v, --verbose

commands:
    collect         gather system logs into a log archive
    config          view/change logging system settings
    diagnose        diagnose an archive for a variety of issues
    erase           delete system logging data
    repack          repack a log archive using a predicate
    show            view/search system logs
    stream          watch live system logs
    stats           show system logging statistics

further help:
    log help <command>
    log help predicates
    log help shorthand
find: : No such file or directory
log: Unknown subcommand 'INFO'
usage:
    log <command>

global options:
    -?, --help
    -q, --quiet
    -v, --verbose

commands:
    collect         gather system logs into a log archive
    config          view/change logging system settings
    diagnose        diagnose an archive for a variety of issues
    erase           delete system logging data
    repack          repack a log archive using a predicate
    show            view/search system logs
    stream          watch live system logs
    stats           show system logging statistics

further help:
    log help <command>
    log help predicates
    log help shorthand
log: Unknown subcommand 'SUCCESS'
usage:
    log <command>

global options:
    -?, --help
    -q, --quiet
    -v, --verbose

commands:
    collect         gather system logs into a log archive
    config          view/change logging system settings
    diagnose        diagnose an archive for a variety of issues
    erase           delete system logging data
    repack          repack a log archive using a predicate
    show            view/search system logs
    stream          watch live system logs
    stats           show system logging statistics

further help:
    log help <command>
    log help predicates
    log help shorthand
