[0;34m[INFO][0m === OpenClaw Heartbeat Check Started ===
[0;34m[INFO][0m Timestamp: Fri Feb 27 10:30:01 WAT 2026
[0;34m[INFO][0m Workspace: /Users/clawdia/.openclaw/workspace
[0;34m[INFO][0m HEARTBEAT.md file exists
[0;34m[INFO][0m Checking system health...
[0;34m[INFO][0m Disk usage: 25%
[0;34m[INFO][0m OpenClaw gateway check skipped (requires gateway monitoring)
[0;32m[SUCCESS][0m System health check completed
[0;34m[INFO][0m Checking urgent escalation triggers...
/Users/clawdia/.openclaw/workspace/scripts/heartbeat-check.sh: line 78: [: too many arguments
/Users/clawdia/.openclaw/workspace/scripts/heartbeat-check.sh: line 86: [: too many arguments
[0;32m[SUCCESS][0m No urgent escalation triggers found
[0;34m[INFO][0m Running daily checks...
[0;34m[INFO][0m Email triage check skipped (requires email client integration)
[0;34m[INFO][0m Calendar check skipped (requires calendar integration)
/Users/clawdia/.openclaw/workspace/scripts/heartbeat-check.sh: line 116: [: too many arguments
[0;32m[SUCCESS][0m Daily checks completed
[0;34m[INFO][0m Outside quiet hours
[0;34m[INFO][0m === OpenClaw Heartbeat Check Started ===
[0;34m[INFO][0m Timestamp: Fri Feb 27 11:00:00 WAT 2026
[0;34m[INFO][0m Workspace: /Users/clawdia/.openclaw/workspace
[0;34m[INFO][0m HEARTBEAT.md file exists
[0;34m[INFO][0m Checking system health...
[0;34m[INFO][0m Disk usage: 25%
[0;34m[INFO][0m OpenClaw gateway check skipped (requires gateway monitoring)
[0;32m[SUCCESS][0m System health check completed
[0;34m[INFO][0m Checking urgent escalation triggers...
/Users/clawdia/.openclaw/workspace/scripts/heartbeat-check.sh: line 78: [: too many arguments
/Users/clawdia/.openclaw/workspace/scripts/heartbeat-check.sh: line 86: [: too many arguments
[0;32m[SUCCESS][0m No urgent escalation triggers found
[0;34m[INFO][0m Running daily checks...
[0;34m[INFO][0m Email triage check skipped (requires email client integration)
[0;34m[INFO][0m Calendar check skipped (requires calendar integration)
/Users/clawdia/.openclaw/workspace/scripts/heartbeat-check.sh: line 116: [: too many arguments
[0;32m[SUCCESS][0m Daily checks completed
[0;34m[INFO][0m Outside quiet hours
[0;34m[INFO][0m === OpenClaw Heartbeat Check Started ===
[0;34m[INFO][0m Timestamp: Fri Feb 27 11:30:00 WAT 2026
[0;34m[INFO][0m Workspace: /Users/clawdia/.openclaw/workspace
[0;34m[INFO][0m HEARTBEAT.md file exists
[0;34m[INFO][0m Checking system health...
[0;34m[INFO][0m Disk usage: 25%
[0;34m[INFO][0m OpenClaw gateway check skipped (requires gateway monitoring)
[0;32m[SUCCESS][0m System health check completed
[0;34m[INFO][0m Checking urgent escalation triggers...
/Users/clawdia/.openclaw/workspace/scripts/heartbeat-check.sh: line 78: [: too many arguments
/Users/clawdia/.openclaw/workspace/scripts/heartbeat-check.sh: line 86: [: too many arguments
[0;32m[SUCCESS][0m No urgent escalation triggers found
[0;34m[INFO][0m Running daily checks...
[0;34m[INFO][0m Email triage check skipped (requires email client integration)
[0;34m[INFO][0m Calendar check skipped (requires calendar integration)
/Users/clawdia/.openclaw/workspace/scripts/heartbeat-check.sh: line 116: [: too many arguments
[0;32m[SUCCESS][0m Daily checks completed
[0;34m[INFO][0m Outside quiet hours
[0;34m[INFO][0m === OpenClaw Heartbeat Check Started ===
[0;34m[INFO][0m Timestamp: Fri Feb 27 12:00:00 WAT 2026
[0;34m[INFO][0m Workspace: /Users/clawdia/.openclaw/workspace
[0;34m[INFO][0m HEARTBEAT.md file exists
[0;34m[INFO][0m Checking system health...
[0;34m[INFO][0m Disk usage: 25%
[0;34m[INFO][0m OpenClaw gateway check skipped (requires gateway monitoring)
[0;32m[SUCCESS][0m System health check completed
[0;34m[INFO][0m Checking urgent escalation triggers...
/Users/clawdia/.openclaw/workspace/scripts/heartbeat-check.sh: line 78: [: too many arguments
/Users/clawdia/.openclaw/workspace/scripts/heartbeat-check.sh: line 86: [: too many arguments
[0;32m[SUCCESS][0m No urgent escalation triggers found
[0;34m[INFO][0m Running daily checks...
[0;34m[INFO][0m Email triage check skipped (requires email client integration)
[0;34m[INFO][0m Calendar check skipped (requires calendar integration)
/Users/clawdia/.openclaw/workspace/scripts/heartbeat-check.sh: line 116: [: too many arguments
[0;32m[SUCCESS][0m Daily checks completed
[0;34m[INFO][0m Outside quiet hours
[0;34m[INFO][0m === OpenClaw Heartbeat Check Started ===
[0;34m[INFO][0m Timestamp: Fri Feb 27 12:30:00 WAT 2026
[0;34m[INFO][0m Workspace: /Users/clawdia/.openclaw/workspace
[0;34m[INFO][0m HEARTBEAT.md file exists
[0;34m[INFO][0m Checking system health...
[0;34m[INFO][0m Disk usage: 25%
[0;34m[INFO][0m OpenClaw gateway check skipped (requires gateway monitoring)
[0;32m[SUCCESS][0m System health check completed
[0;34m[INFO][0m Checking urgent escalation triggers...
/Users/clawdia/.openclaw/workspace/scripts/heartbeat-check.sh: line 78: [: too many arguments
/Users/clawdia/.openclaw/workspace/scripts/heartbeat-check.sh: line 86: [: too many arguments
[0;32m[SUCCESS][0m No urgent escalation triggers found
[0;34m[INFO][0m Running daily checks...
[0;34m[INFO][0m Email triage check skipped (requires email client integration)
[0;34m[INFO][0m Calendar check skipped (requires calendar integration)
/Users/clawdia/.openclaw/workspace/scripts/heartbeat-check.sh: line 116: [: too many arguments
[0;32m[SUCCESS][0m Daily checks completed
[0;34m[INFO][0m Outside quiet hours
[0;34m[INFO][0m === OpenClaw Heartbeat Check Started ===
[0;34m[INFO][0m Timestamp: Fri Feb 27 13:00:01 WAT 2026
[0;34m[INFO][0m Workspace: /Users/clawdia/.openclaw/workspace
[0;34m[INFO][0m HEARTBEAT.md file exists
[0;34m[INFO][0m Checking system health...
[0;34m[INFO][0m Disk usage: 25%
[0;34m[INFO][0m OpenClaw gateway check skipped (requires gateway monitoring)
[0;32m[SUCCESS][0m System health check completed
[0;34m[INFO][0m Checking urgent escalation triggers...
/Users/clawdia/.openclaw/workspace/scripts/heartbeat-check.sh: line 78: [: too many arguments
/Users/clawdia/.openclaw/workspace/scripts/heartbeat-check.sh: line 86: [: too many arguments
[0;32m[SUCCESS][0m No urgent escalation triggers found
[0;34m[INFO][0m Running daily checks...
[0;34m[INFO][0m Email triage check skipped (requires email client integration)
[0;34m[INFO][0m Calendar check skipped (requires calendar integration)
/Users/clawdia/.openclaw/workspace/scripts/heartbeat-check.sh: line 116: [: too many arguments
[0;32m[SUCCESS][0m Daily checks completed
[0;34m[INFO][0m Outside quiet hours
[0;34m[INFO][0m === OpenClaw Heartbeat Check Started ===
[0;34m[INFO][0m Timestamp: Fri Feb 27 13:30:00 WAT 2026
[0;34m[INFO][0m Workspace: /Users/clawdia/.openclaw/workspace
[0;34m[INFO][0m HEARTBEAT.md file exists
[0;34m[INFO][0m Checking system health...
[0;34m[INFO][0m Disk usage: 25%
[0;34m[INFO][0m OpenClaw gateway check skipped (requires gateway monitoring)
[0;32m[SUCCESS][0m System health check completed
[0;34m[INFO][0m Checking urgent escalation triggers...
/Users/clawdia/.openclaw/workspace/scripts/heartbeat-check.sh: line 78: [: too many arguments
/Users/clawdia/.openclaw/workspace/scripts/heartbeat-check.sh: line 86: [: too many arguments
[0;32m[SUCCESS][0m No urgent escalation triggers found
[0;34m[INFO][0m Running daily checks...
[0;34m[INFO][0m Email triage check skipped (requires email client integration)
[0;34m[INFO][0m Calendar check skipped (requires calendar integration)
/Users/clawdia/.openclaw/workspace/scripts/heartbeat-check.sh: line 116: [: too many arguments
[0;32m[SUCCESS][0m Daily checks completed
[0;34m[INFO][0m Outside quiet hours
[0;34m[INFO][0m === OpenClaw Heartbeat Check Started ===
[0;34m[INFO][0m Timestamp: Fri Feb 27 14:00:00 WAT 2026
[0;34m[INFO][0m Workspace: /Users/clawdia/.openclaw/workspace
[0;34m[INFO][0m HEARTBEAT.md file exists
[0;34m[INFO][0m Checking system health...
[0;34m[INFO][0m Disk usage: 25%
[0;34m[INFO][0m OpenClaw gateway check skipped (requires gateway monitoring)
[0;32m[SUCCESS][0m System health check completed
[0;34m[INFO][0m Checking urgent escalation triggers...
/Users/clawdia/.openclaw/workspace/scripts/heartbeat-check.sh: line 78: [: too many arguments
/Users/clawdia/.openclaw/workspace/scripts/heartbeat-check.sh: line 86: [: too many arguments
[0;32m[SUCCESS][0m No urgent escalation triggers found
[0;34m[INFO][0m Running daily checks...
[0;34m[INFO][0m Email triage check skipped (requires email client integration)
[0;34m[INFO][0m Calendar check skipped (requires calendar integration)
/Users/clawdia/.openclaw/workspace/scripts/heartbeat-check.sh: line 116: [: too many arguments
[0;32m[SUCCESS][0m Daily checks completed
[0;34m[INFO][0m Outside quiet hours
[0;34m[INFO][0m === OpenClaw Heartbeat Check Started ===
[0;34m[INFO][0m Timestamp: Fri Feb 27 14:30:00 WAT 2026
[0;34m[INFO][0m Workspace: /Users/clawdia/.openclaw/workspace
[0;34m[INFO][0m HEARTBEAT.md file exists
[0;34m[INFO][0m Checking system health...
[0;34m[INFO][0m Disk usage: 25%
[0;34m[INFO][0m OpenClaw gateway check skipped (requires gateway monitoring)
[0;32m[SUCCESS][0m System health check completed
[0;34m[INFO][0m Checking urgent escalation triggers...
/Users/clawdia/.openclaw/workspace/scripts/heartbeat-check.sh: line 78: [: too many arguments
/Users/clawdia/.openclaw/workspace/scripts/heartbeat-check.sh: line 86: [: too many arguments
[0;32m[SUCCESS][0m No urgent escalation triggers found
[0;34m[INFO][0m Running daily checks...
[0;34m[INFO][0m Email triage check skipped (requires email client integration)
[0;34m[INFO][0m Calendar check skipped (requires calendar integration)
/Users/clawdia/.openclaw/workspace/scripts/heartbeat-check.sh: line 116: [: too many arguments
[0;32m[SUCCESS][0m Daily checks completed
[0;34m[INFO][0m Outside quiet hours
[0;34m[INFO][0m === OpenClaw Heartbeat Check Started ===
[0;34m[INFO][0m Timestamp: Fri Feb 27 15:00:00 WAT 2026
[0;34m[INFO][0m Workspace: /Users/clawdia/.openclaw/workspace
[0;34m[INFO][0m HEARTBEAT.md file exists
[0;34m[INFO][0m Checking system health...
[0;34m[INFO][0m Disk usage: 25%
[0;34m[INFO][0m OpenClaw gateway check skipped (requires gateway monitoring)
[0;32m[SUCCESS][0m System health check completed
[0;34m[INFO][0m Checking urgent escalation triggers...
/Users/clawdia/.openclaw/workspace/scripts/heartbeat-check.sh: line 78: [: too many arguments
/Users/clawdia/.openclaw/workspace/scripts/heartbeat-check.sh: line 86: [: too many arguments
[0;32m[SUCCESS][0m No urgent escalation triggers found
[0;34m[INFO][0m Running daily checks...
[0;34m[INFO][0m Email triage check skipped (requires email client integration)
[0;34m[INFO][0m Calendar check skipped (requires calendar integration)
/Users/clawdia/.openclaw/workspace/scripts/heartbeat-check.sh: line 116: [: too many arguments
[0;32m[SUCCESS][0m Daily checks completed
[0;34m[INFO][0m Outside quiet hours
[0;34m[INFO][0m === OpenClaw Heartbeat Check Started ===
[0;34m[INFO][0m Timestamp: Fri Feb 27 15:30:00 WAT 2026
[0;34m[INFO][0m Workspace: /Users/clawdia/.openclaw/workspace
[0;34m[INFO][0m HEARTBEAT.md file exists
[0;34m[INFO][0m Checking system health...
[0;34m[INFO][0m Disk usage: 25%
[0;34m[INFO][0m OpenClaw gateway check skipped (requires gateway monitoring)
[0;32m[SUCCESS][0m System health check completed
[0;34m[INFO][0m Checking urgent escalation triggers...
/Users/clawdia/.openclaw/workspace/scripts/heartbeat-check.sh: line 78: [: too many arguments
/Users/clawdia/.openclaw/workspace/scripts/heartbeat-check.sh: line 86: [: too many arguments
[0;32m[SUCCESS][0m No urgent escalation triggers found
[0;34m[INFO][0m Running daily checks...
[0;34m[INFO][0m Email triage check skipped (requires email client integration)
[0;34m[INFO][0m Calendar check skipped (requires calendar integration)
/Users/clawdia/.openclaw/workspace/scripts/heartbeat-check.sh: line 116: [: too many arguments
[0;32m[SUCCESS][0m Daily checks completed
[0;34m[INFO][0m Outside quiet hours
[0;34m[INFO][0m === OpenClaw Heartbeat Check Started ===
[0;34m[INFO][0m Timestamp: Fri Feb 27 16:00:00 WAT 2026
[0;34m[INFO][0m Workspace: /Users/clawdia/.openclaw/workspace
[0;34m[INFO][0m HEARTBEAT.md file exists
[0;34m[INFO][0m Checking system health...
[0;34m[INFO][0m Disk usage: 25%
[0;34m[INFO][0m OpenClaw gateway check skipped (requires gateway monitoring)
[0;32m[SUCCESS][0m System health check completed
[0;34m[INFO][0m Checking urgent escalation triggers...
/Users/clawdia/.openclaw/workspace/scripts/heartbeat-check.sh: line 78: [: too many arguments
/Users/clawdia/.openclaw/workspace/scripts/heartbeat-check.sh: line 86: [: too many arguments
[0;32m[SUCCESS][0m No urgent escalation triggers found
[0;34m[INFO][0m Running daily checks...
[0;34m[INFO][0m Email triage check skipped (requires email client integration)
[0;34m[INFO][0m Calendar check skipped (requires calendar integration)
/Users/clawdia/.openclaw/workspace/scripts/heartbeat-check.sh: line 116: [: too many arguments
[0;32m[SUCCESS][0m Daily checks completed
[0;34m[INFO][0m Outside quiet hours
[0;34m[INFO][0m === OpenClaw Heartbeat Check Started ===
[0;34m[INFO][0m Timestamp: Fri Feb 27 16:30:00 WAT 2026
[0;34m[INFO][0m Workspace: /Users/clawdia/.openclaw/workspace
[0;34m[INFO][0m HEARTBEAT.md file exists
[0;34m[INFO][0m Checking system health...
[0;34m[INFO][0m Disk usage: 27%
[0;34m[INFO][0m OpenClaw gateway check skipped (requires gateway monitoring)
[0;32m[SUCCESS][0m System health check completed
[0;34m[INFO][0m Checking urgent escalation triggers...
/Users/clawdia/.openclaw/workspace/scripts/heartbeat-check.sh: line 78: [: too many arguments
/Users/clawdia/.openclaw/workspace/scripts/heartbeat-check.sh: line 86: [: too many arguments
[0;32m[SUCCESS][0m No urgent escalation triggers found
[0;34m[INFO][0m Running daily checks...
[0;34m[INFO][0m Email triage check skipped (requires email client integration)
[0;34m[INFO][0m Calendar check skipped (requires calendar integration)
/Users/clawdia/.openclaw/workspace/scripts/heartbeat-check.sh: line 116: [: too many arguments
[0;32m[SUCCESS][0m Daily checks completed
[0;34m[INFO][0m Outside quiet hours
[0;34m[INFO][0m === OpenClaw Heartbeat Check Started ===
[0;34m[INFO][0m Timestamp: Fri Feb 27 17:00:00 WAT 2026
[0;34m[INFO][0m Workspace: /Users/clawdia/.openclaw/workspace
[0;34m[INFO][0m HEARTBEAT.md file exists
[0;34m[INFO][0m Checking system health...
[0;34m[INFO][0m Disk usage: 34%
[0;34m[INFO][0m OpenClaw gateway check skipped (requires gateway monitoring)
[0;32m[SUCCESS][0m System health check completed
[0;34m[INFO][0m Checking urgent escalation triggers...
/Users/clawdia/.openclaw/workspace/scripts/heartbeat-check.sh: line 78: [: too many arguments
/Users/clawdia/.openclaw/workspace/scripts/heartbeat-check.sh: line 86: [: too many arguments
[0;32m[SUCCESS][0m No urgent escalation triggers found
[0;34m[INFO][0m Running daily checks...
[0;34m[INFO][0m Email triage check skipped (requires email client integration)
[0;34m[INFO][0m Calendar check skipped (requires calendar integration)
/Users/clawdia/.openclaw/workspace/scripts/heartbeat-check.sh: line 116: [: too many arguments
[0;32m[SUCCESS][0m Daily checks completed
[0;34m[INFO][0m Outside quiet hours
[0;34m[INFO][0m === OpenClaw Heartbeat Check Started ===
[0;34m[INFO][0m Timestamp: Fri Feb 27 17:30:00 WAT 2026
[0;34m[INFO][0m Workspace: /Users/clawdia/.openclaw/workspace
[0;34m[INFO][0m HEARTBEAT.md file exists
[0;34m[INFO][0m Checking system health...
[0;34m[INFO][0m Disk usage: 34%
[0;34m[INFO][0m OpenClaw gateway check skipped (requires gateway monitoring)
[0;32m[SUCCESS][0m System health check completed
[0;34m[INFO][0m Checking urgent escalation triggers...
/Users/clawdia/.openclaw/workspace/scripts/heartbeat-check.sh: line 78: [: too many arguments
/Users/clawdia/.openclaw/workspace/scripts/heartbeat-check.sh: line 86: [: too many arguments
[0;32m[SUCCESS][0m No urgent escalation triggers found
[0;34m[INFO][0m Running daily checks...
[0;34m[INFO][0m Email triage check skipped (requires email client integration)
[0;34m[INFO][0m Calendar check skipped (requires calendar integration)
/Users/clawdia/.openclaw/workspace/scripts/heartbeat-check.sh: line 116: [: too many arguments
[0;32m[SUCCESS][0m Daily checks completed
[0;34m[INFO][0m Outside quiet hours
[0;34m[INFO][0m === OpenClaw Heartbeat Check Started ===
[0;34m[INFO][0m Timestamp: Fri Feb 27 18:00:00 WAT 2026
[0;34m[INFO][0m Workspace: /Users/clawdia/.openclaw/workspace
[0;34m[INFO][0m HEARTBEAT.md file exists
[0;34m[INFO][0m Checking system health...
[0;34m[INFO][0m Disk usage: 35%
[0;34m[INFO][0m OpenClaw gateway check skipped (requires gateway monitoring)
[0;32m[SUCCESS][0m System health check completed
[0;34m[INFO][0m Checking urgent escalation triggers...
/Users/clawdia/.openclaw/workspace/scripts/heartbeat-check.sh: line 78: [: too many arguments
/Users/clawdia/.openclaw/workspace/scripts/heartbeat-check.sh: line 86: [: too many arguments
[0;32m[SUCCESS][0m No urgent escalation triggers found
[0;34m[INFO][0m Running daily checks...
[0;34m[INFO][0m Email triage check skipped (requires email client integration)
[0;34m[INFO][0m Calendar check skipped (requires calendar integration)
/Users/clawdia/.openclaw/workspace/scripts/heartbeat-check.sh: line 116: [: too many arguments
[0;32m[SUCCESS][0m Daily checks completed
[0;34m[INFO][0m Outside quiet hours
[0;34m[INFO][0m === OpenClaw Heartbeat Check Started ===
[0;34m[INFO][0m Timestamp: Fri Feb 27 18:30:00 WAT 2026
[0;34m[INFO][0m Workspace: /Users/clawdia/.openclaw/workspace
[0;34m[INFO][0m HEARTBEAT.md file exists
[0;34m[INFO][0m Checking system health...
[0;34m[INFO][0m Disk usage: 36%
[0;34m[INFO][0m OpenClaw gateway check skipped (requires gateway monitoring)
[0;32m[SUCCESS][0m System health check completed
[0;34m[INFO][0m Checking urgent escalation triggers...
/Users/clawdia/.openclaw/workspace/scripts/heartbeat-check.sh: line 78: [: too many arguments
/Users/clawdia/.openclaw/workspace/scripts/heartbeat-check.sh: line 86: [: too many arguments
[0;32m[SUCCESS][0m No urgent escalation triggers found
[0;34m[INFO][0m Running daily checks...
[0;34m[INFO][0m Email triage check skipped (requires email client integration)
[0;34m[INFO][0m Calendar check skipped (requires calendar integration)
/Users/clawdia/.openclaw/workspace/scripts/heartbeat-check.sh: line 116: [: too many arguments
[0;32m[SUCCESS][0m Daily checks completed
[0;34m[INFO][0m Outside quiet hours
[0;34m[INFO][0m === OpenClaw Heartbeat Check Started ===
[0;34m[INFO][0m Timestamp: Fri Feb 27 19:00:00 WAT 2026
[0;34m[INFO][0m Workspace: /Users/clawdia/.openclaw/workspace
[0;34m[INFO][0m HEARTBEAT.md file exists
[0;34m[INFO][0m Checking system health...
[0;34m[INFO][0m Disk usage: 36%
[0;34m[INFO][0m OpenClaw gateway check skipped (requires gateway monitoring)
[0;32m[SUCCESS][0m System health check completed
[0;34m[INFO][0m Checking urgent escalation triggers...
/Users/clawdia/.openclaw/workspace/scripts/heartbeat-check.sh: line 78: [: too many arguments
/Users/clawdia/.openclaw/workspace/scripts/heartbeat-check.sh: line 86: [: too many arguments
[0;32m[SUCCESS][0m No urgent escalation triggers found
[0;34m[INFO][0m Running daily checks...
[0;34m[INFO][0m Email triage check skipped (requires email client integration)
[0;34m[INFO][0m Calendar check skipped (requires calendar integration)
/Users/clawdia/.openclaw/workspace/scripts/heartbeat-check.sh: line 116: [: too many arguments
[0;32m[SUCCESS][0m Daily checks completed
[0;34m[INFO][0m Outside quiet hours
[0;34m[INFO][0m === OpenClaw Heartbeat Check Started ===
[0;34m[INFO][0m Timestamp: Fri Feb 27 19:30:00 WAT 2026
[0;34m[INFO][0m Workspace: /Users/clawdia/.openclaw/workspace
[0;34m[INFO][0m HEARTBEAT.md file exists
[0;34m[INFO][0m Checking system health...
[0;34m[INFO][0m Disk usage: 36%
[0;34m[INFO][0m OpenClaw gateway check skipped (requires gateway monitoring)
[0;32m[SUCCESS][0m System health check completed
[0;34m[INFO][0m Checking urgent escalation triggers...
/Users/clawdia/.openclaw/workspace/scripts/heartbeat-check.sh: line 78: [: too many arguments
/Users/clawdia/.openclaw/workspace/scripts/heartbeat-check.sh: line 86: [: too many arguments
[0;32m[SUCCESS][0m No urgent escalation triggers found
[0;34m[INFO][0m Running daily checks...
[0;34m[INFO][0m Email triage check skipped (requires email client integration)
[0;34m[INFO][0m Calendar check skipped (requires calendar integration)
/Users/clawdia/.openclaw/workspace/scripts/heartbeat-check.sh: line 116: [: too many arguments
[0;32m[SUCCESS][0m Daily checks completed
[0;34m[INFO][0m Outside quiet hours
[0;34m[INFO][0m === OpenClaw Heartbeat Check Started ===
[0;34m[INFO][0m Timestamp: Fri Feb 27 20:00:00 WAT 2026
[0;34m[INFO][0m Workspace: /Users/clawdia/.openclaw/workspace
[0;34m[INFO][0m HEARTBEAT.md file exists
[0;34m[INFO][0m Checking system health...
[0;34m[INFO][0m Disk usage: 36%
[0;34m[INFO][0m OpenClaw gateway check skipped (requires gateway monitoring)
[0;32m[SUCCESS][0m System health check completed
[0;34m[INFO][0m Checking urgent escalation triggers...
/Users/clawdia/.openclaw/workspace/scripts/heartbeat-check.sh: line 78: [: too many arguments
/Users/clawdia/.openclaw/workspace/scripts/heartbeat-check.sh: line 86: [: too many arguments
[0;32m[SUCCESS][0m No urgent escalation triggers found
[0;34m[INFO][0m Running daily checks...
[0;34m[INFO][0m Email triage check skipped (requires email client integration)
[0;34m[INFO][0m Calendar check skipped (requires calendar integration)
/Users/clawdia/.openclaw/workspace/scripts/heartbeat-check.sh: line 116: [: too many arguments
[0;32m[SUCCESS][0m Daily checks completed
[0;34m[INFO][0m Outside quiet hours
[0;34m[INFO][0m === OpenClaw Heartbeat Check Started ===
[0;34m[INFO][0m Timestamp: Fri Feb 27 20:30:00 WAT 2026
[0;34m[INFO][0m Workspace: /Users/clawdia/.openclaw/workspace
[0;34m[INFO][0m HEARTBEAT.md file exists
[0;34m[INFO][0m Checking system health...
[0;34m[INFO][0m Disk usage: 36%
[0;34m[INFO][0m OpenClaw gateway check skipped (requires gateway monitoring)
[0;32m[SUCCESS][0m System health check completed
[0;34m[INFO][0m Checking urgent escalation triggers...
/Users/clawdia/.openclaw/workspace/scripts/heartbeat-check.sh: line 78: [: too many arguments
/Users/clawdia/.openclaw/workspace/scripts/heartbeat-check.sh: line 86: [: too many arguments
[0;32m[SUCCESS][0m No urgent escalation triggers found
[0;34m[INFO][0m Running daily checks...
[0;34m[INFO][0m Email triage check skipped (requires email client integration)
[0;34m[INFO][0m Calendar check skipped (requires calendar integration)
/Users/clawdia/.openclaw/workspace/scripts/heartbeat-check.sh: line 116: [: too many arguments
[0;32m[SUCCESS][0m Daily checks completed
[0;34m[INFO][0m Outside quiet hours
[0;34m[INFO][0m === OpenClaw Heartbeat Check Started ===
[0;34m[INFO][0m Timestamp: Fri Feb 27 21:00:00 WAT 2026
[0;34m[INFO][0m Workspace: /Users/clawdia/.openclaw/workspace
[0;34m[INFO][0m HEARTBEAT.md file exists
[0;34m[INFO][0m Checking system health...
[0;34m[INFO][0m Disk usage: 36%
[0;34m[INFO][0m OpenClaw gateway check skipped (requires gateway monitoring)
[0;32m[SUCCESS][0m System health check completed
[0;34m[INFO][0m Checking urgent escalation triggers...
/Users/clawdia/.openclaw/workspace/scripts/heartbeat-check.sh: line 78: [: too many arguments
/Users/clawdia/.openclaw/workspace/scripts/heartbeat-check.sh: line 86: [: too many arguments
[0;32m[SUCCESS][0m No urgent escalation triggers found
[0;34m[INFO][0m Running daily checks...
[0;34m[INFO][0m Email triage check skipped (requires email client integration)
[0;34m[INFO][0m Calendar check skipped (requires calendar integration)
/Users/clawdia/.openclaw/workspace/scripts/heartbeat-check.sh: line 116: [: too many arguments
[0;32m[SUCCESS][0m Daily checks completed
[0;34m[INFO][0m Outside quiet hours
[0;34m[INFO][0m === OpenClaw Heartbeat Check Started ===
[0;34m[INFO][0m Timestamp: Fri Feb 27 21:30:01 WAT 2026
[0;34m[INFO][0m Workspace: /Users/clawdia/.openclaw/workspace
[0;34m[INFO][0m HEARTBEAT.md file exists
[0;34m[INFO][0m Checking system health...
[0;34m[INFO][0m Disk usage: 36%
[0;34m[INFO][0m OpenClaw gateway check skipped (requires gateway monitoring)
[0;32m[SUCCESS][0m System health check completed
[0;34m[INFO][0m Checking urgent escalation triggers...
/Users/clawdia/.openclaw/workspace/scripts/heartbeat-check.sh: line 78: [: too many arguments
/Users/clawdia/.openclaw/workspace/scripts/heartbeat-check.sh: line 86: [: too many arguments
[0;32m[SUCCESS][0m No urgent escalation triggers found
[0;34m[INFO][0m Running daily checks...
[0;34m[INFO][0m Email triage check skipped (requires email client integration)
[0;34m[INFO][0m Calendar check skipped (requires calendar integration)
/Users/clawdia/.openclaw/workspace/scripts/heartbeat-check.sh: line 116: [: too many arguments
[0;32m[SUCCESS][0m Daily checks completed
[0;34m[INFO][0m Outside quiet hours
[0;34m[INFO][0m === OpenClaw Heartbeat Check Started ===
[0;34m[INFO][0m Timestamp: Fri Feb 27 22:00:00 WAT 2026
[0;34m[INFO][0m Workspace: /Users/clawdia/.openclaw/workspace
[0;34m[INFO][0m HEARTBEAT.md file exists
[0;34m[INFO][0m Checking system health...
[0;34m[INFO][0m Disk usage: 36%
[0;34m[INFO][0m OpenClaw gateway check skipped (requires gateway monitoring)
[0;32m[SUCCESS][0m System health check completed
[0;34m[INFO][0m Checking urgent escalation triggers...
/Users/clawdia/.openclaw/workspace/scripts/heartbeat-check.sh: line 78: [: too many arguments
/Users/clawdia/.openclaw/workspace/scripts/heartbeat-check.sh: line 86: [: too many arguments
[0;32m[SUCCESS][0m No urgent escalation triggers found
[0;34m[INFO][0m Running daily checks...
[0;34m[INFO][0m Email triage check skipped (requires email client integration)
[0;34m[INFO][0m Calendar check skipped (requires calendar integration)
/Users/clawdia/.openclaw/workspace/scripts/heartbeat-check.sh: line 116: [: too many arguments
[0;32m[SUCCESS][0m Daily checks completed
[0;34m[INFO][0m Outside quiet hours
[0;34m[INFO][0m === OpenClaw Heartbeat Check Started ===
[0;34m[INFO][0m Timestamp: Fri Feb 27 22:30:00 WAT 2026
[0;34m[INFO][0m Workspace: /Users/clawdia/.openclaw/workspace
[0;34m[INFO][0m HEARTBEAT.md file exists
[0;34m[INFO][0m Checking system health...
[0;34m[INFO][0m Disk usage: 36%
[0;34m[INFO][0m OpenClaw gateway check skipped (requires gateway monitoring)
[0;32m[SUCCESS][0m System health check completed
[0;34m[INFO][0m Checking urgent escalation triggers...
/Users/clawdia/.openclaw/workspace/scripts/heartbeat-check.sh: line 78: [: too many arguments
/Users/clawdia/.openclaw/workspace/scripts/heartbeat-check.sh: line 86: [: too many arguments
[0;32m[SUCCESS][0m No urgent escalation triggers found
[0;34m[INFO][0m Running daily checks...
[0;34m[INFO][0m Email triage check skipped (requires email client integration)
[0;34m[INFO][0m Calendar check skipped (requires calendar integration)
/Users/clawdia/.openclaw/workspace/scripts/heartbeat-check.sh: line 116: [: too many arguments
[0;32m[SUCCESS][0m Daily checks completed
[0;34m[INFO][0m Outside quiet hours
[0;34m[INFO][0m === OpenClaw Heartbeat Check Started ===
[0;34m[INFO][0m Timestamp: Fri Feb 27 23:00:00 WAT 2026
[0;34m[INFO][0m Workspace: /Users/clawdia/.openclaw/workspace
[0;34m[INFO][0m HEARTBEAT.md file exists
[0;34m[INFO][0m Checking system health...
[0;34m[INFO][0m Disk usage: 36%
[0;34m[INFO][0m OpenClaw gateway check skipped (requires gateway monitoring)
[0;32m[SUCCESS][0m System health check completed
[0;34m[INFO][0m Checking urgent escalation triggers...
/Users/clawdia/.openclaw/workspace/scripts/heartbeat-check.sh: line 78: [: too many arguments
/Users/clawdia/.openclaw/workspace/scripts/heartbeat-check.sh: line 86: [: too many arguments
[0;32m[SUCCESS][0m No urgent escalation triggers found
[0;34m[INFO][0m Running daily checks...
[0;34m[INFO][0m Email triage check skipped (requires email client integration)
[0;34m[INFO][0m Calendar check skipped (requires calendar integration)
/Users/clawdia/.openclaw/workspace/scripts/heartbeat-check.sh: line 116: [: too many arguments
[0;32m[SUCCESS][0m Daily checks completed
[0;34m[INFO][0m Currently in quiet hours (23:00-08:00)
[0;34m[INFO][0m Checking HEARTBEAT_OK conditions...
/Users/clawdia/.openclaw/workspace/scripts/heartbeat-check.sh: line 78: [: too many arguments
/Users/clawdia/.openclaw/workspace/scripts/heartbeat-check.sh: line 86: [: too many arguments
[0;34m[INFO][0m Blocked tasks check skipped (requires task system integration)
[0;34m[INFO][0m Deadline risks check skipped (requires deadline tracking)
[0;34m[INFO][0m Meeting prep check skipped (requires calendar integration)
[0;34m[INFO][0m Thread resolution check skipped (requires communication integration)
[0;32m[SUCCESS][0m HEARTBEAT_OK conditions met
HEARTBEAT_OK
[0;34m[INFO][0m Checking recent alerts...
[1;33m[WARN][0m Found 8 alert(s) in last 24 hours
[0;34m[INFO][0m Recent alert: [2026-02-27 05:13:20] [high] [EMAIL:VIP_SENDER] Message from HE detected in /Users/clawdia/.openclaw/workspace/memory/2026-02-22.md (2026-02-22 17:02)
[0;34m[INFO][0m Recent alert: [2026-02-27 05:13:20] [high] [EMAIL:VIP_SENDER] Message from Darwish detected in /Users/clawdia/.openclaw/workspace/memory/2026-02-22.md (2026-02-22 17:02)
[0;34m[INFO][0m Recent alert: [2026-02-27 05:13:20] [high] [EMAIL:VIP_SENDER] Message from Oladepo detected in /Users/clawdia/.openclaw/workspace/memory/2026-02-22.md (2026-02-22 17:02)
[0;34m[INFO][0m Recent alert: [2026-02-27 05:13:20] [high] [EMAIL:VIP_SENDER] Message from Suleman Ibrahim detected in /Users/clawdia/.openclaw/workspace/memory/2026-02-24.md (2026-02-24 05:24)
[0;34m[INFO][0m Recent alert: [2026-02-27 05:13:20] [high] [EMAIL:VIP_SENDER] Message from Mathias Amuta detected in /Users/clawdia/.openclaw/workspace/memory/2026-02-25.md (2026-02-26 01:16)
[0;34m[INFO][0m Cleaning up old logs...
[0;32m[SUCCESS][0m Old logs cleaned up
[0;34m[INFO][0m === OpenClaw Heartbeat Check Completed ===
[0;34m[INFO][0m Log file: /Users/clawdia/.openclaw/workspace/logs/heartbeat-20260227.log (     408 lines)
[0;34m[INFO][0m Alert file: /Users/clawdia/.openclaw/workspace/logs/alerts-20260227.log (       8 lines)
[0;34m[INFO][0m === OpenClaw Heartbeat Check Started ===
[0;34m[INFO][0m Timestamp: Fri Feb 27 23:30:01 WAT 2026
[0;34m[INFO][0m Workspace: /Users/clawdia/.openclaw/workspace
[0;34m[INFO][0m HEARTBEAT.md file exists
[0;34m[INFO][0m Checking system health...
[0;34m[INFO][0m Disk usage: 36%
[0;34m[INFO][0m OpenClaw gateway check skipped (requires gateway monitoring)
[0;32m[SUCCESS][0m System health check completed
[0;34m[INFO][0m Checking urgent escalation triggers...
/Users/clawdia/.openclaw/workspace/scripts/heartbeat-check.sh: line 78: [: too many arguments
/Users/clawdia/.openclaw/workspace/scripts/heartbeat-check.sh: line 86: [: too many arguments
[0;32m[SUCCESS][0m No urgent escalation triggers found
[0;34m[INFO][0m Running daily checks...
[0;34m[INFO][0m Email triage check skipped (requires email client integration)
[0;34m[INFO][0m Calendar check skipped (requires calendar integration)
/Users/clawdia/.openclaw/workspace/scripts/heartbeat-check.sh: line 116: [: too many arguments
[0;32m[SUCCESS][0m Daily checks completed
[0;34m[INFO][0m Currently in quiet hours (23:00-08:00)
[0;34m[INFO][0m Checking HEARTBEAT_OK conditions...
/Users/clawdia/.openclaw/workspace/scripts/heartbeat-check.sh: line 78: [: too many arguments
/Users/clawdia/.openclaw/workspace/scripts/heartbeat-check.sh: line 86: [: too many arguments
[0;34m[INFO][0m Blocked tasks check skipped (requires task system integration)
[0;34m[INFO][0m Deadline risks check skipped (requires deadline tracking)
[0;34m[INFO][0m Meeting prep check skipped (requires calendar integration)
[0;34m[INFO][0m Thread resolution check skipped (requires communication integration)
[0;32m[SUCCESS][0m HEARTBEAT_OK conditions met
HEARTBEAT_OK
[0;34m[INFO][0m Checking recent alerts...
[1;33m[WARN][0m Found 8 alert(s) in last 24 hours
[0;34m[INFO][0m Recent alert: [2026-02-27 05:13:20] [high] [EMAIL:VIP_SENDER] Message from HE detected in /Users/clawdia/.openclaw/workspace/memory/2026-02-22.md (2026-02-22 17:02)
[0;34m[INFO][0m Recent alert: [2026-02-27 05:13:20] [high] [EMAIL:VIP_SENDER] Message from Darwish detected in /Users/clawdia/.openclaw/workspace/memory/2026-02-22.md (2026-02-22 17:02)
[0;34m[INFO][0m Recent alert: [2026-02-27 05:13:20] [high] [EMAIL:VIP_SENDER] Message from Oladepo detected in /Users/clawdia/.openclaw/workspace/memory/2026-02-22.md (2026-02-22 17:02)
[0;34m[INFO][0m Recent alert: [2026-02-27 05:13:20] [high] [EMAIL:VIP_SENDER] Message from Suleman Ibrahim detected in /Users/clawdia/.openclaw/workspace/memory/2026-02-24.md (2026-02-24 05:24)
[0;34m[INFO][0m Recent alert: [2026-02-27 05:13:20] [high] [EMAIL:VIP_SENDER] Message from Mathias Amuta detected in /Users/clawdia/.openclaw/workspace/memory/2026-02-25.md (2026-02-26 01:16)
[0;34m[INFO][0m Cleaning up old logs...
[0;32m[SUCCESS][0m Old logs cleaned up
[0;34m[INFO][0m === OpenClaw Heartbeat Check Completed ===
[0;34m[INFO][0m Log file: /Users/clawdia/.openclaw/workspace/logs/heartbeat-20260227.log (     443 lines)
[0;34m[INFO][0m Alert file: /Users/clawdia/.openclaw/workspace/logs/alerts-20260227.log (       8 lines)
[0;34m[INFO][0m === OpenClaw Heartbeat Check Started ===
[0;34m[INFO][0m Timestamp: Sat Feb 28 00:00:00 WAT 2026
[0;34m[INFO][0m Workspace: /Users/clawdia/.openclaw/workspace
[0;34m[INFO][0m HEARTBEAT.md file exists
[0;34m[INFO][0m Checking system health...
[0;34m[INFO][0m Disk usage: 36%
[0;34m[INFO][0m OpenClaw gateway check skipped (requires gateway monitoring)
[0;32m[SUCCESS][0m System health check completed
[0;34m[INFO][0m Checking urgent escalation triggers...
/Users/clawdia/.openclaw/workspace/scripts/heartbeat-check.sh: line 78: [: too many arguments
/Users/clawdia/.openclaw/workspace/scripts/heartbeat-check.sh: line 86: [: too many arguments
[0;32m[SUCCESS][0m No urgent escalation triggers found
[0;34m[INFO][0m Running daily checks...
[0;34m[INFO][0m Email triage check skipped (requires email client integration)
[0;34m[INFO][0m Calendar check skipped (requires calendar integration)
/Users/clawdia/.openclaw/workspace/scripts/heartbeat-check.sh: line 116: [: too many arguments
[0;32m[SUCCESS][0m Daily checks completed
[0;34m[INFO][0m Currently in quiet hours (23:00-08:00)
[0;34m[INFO][0m Checking HEARTBEAT_OK conditions...
/Users/clawdia/.openclaw/workspace/scripts/heartbeat-check.sh: line 78: [: too many arguments
/Users/clawdia/.openclaw/workspace/scripts/heartbeat-check.sh: line 86: [: too many arguments
[0;34m[INFO][0m Blocked tasks check skipped (requires task system integration)
[0;34m[INFO][0m Deadline risks check skipped (requires deadline tracking)
[0;34m[INFO][0m Meeting prep check skipped (requires calendar integration)
[0;34m[INFO][0m Thread resolution check skipped (requires communication integration)
[0;32m[SUCCESS][0m HEARTBEAT_OK conditions met
HEARTBEAT_OK
[0;34m[INFO][0m Checking recent alerts...
[0;34m[INFO][0m No alert file found
[0;34m[INFO][0m Cleaning up old logs...
[0;32m[SUCCESS][0m Old logs cleaned up
[0;34m[INFO][0m === OpenClaw Heartbeat Check Completed ===
/Users/clawdia/.openclaw/workspace/scripts/heartbeat-check.sh: line 277: /Users/clawdia/.openclaw/workspace/logs/alerts-20260228.log: No such file or directory
[0;34m[INFO][0m Log file: /Users/clawdia/.openclaw/workspace/logs/heartbeat-20260228.log (      28 lines)
[0;34m[INFO][0m Alert file: /Users/clawdia/.openclaw/workspace/logs/alerts-20260228.log (0 lines)
[0;34m[INFO][0m === OpenClaw Heartbeat Check Started ===
[0;34m[INFO][0m Timestamp: Sat Feb 28 00:30:00 WAT 2026
[0;34m[INFO][0m Workspace: /Users/clawdia/.openclaw/workspace
[0;34m[INFO][0m HEARTBEAT.md file exists
[0;34m[INFO][0m Checking system health...
[0;34m[INFO][0m Disk usage: 36%
[0;34m[INFO][0m OpenClaw gateway check skipped (requires gateway monitoring)
[0;32m[SUCCESS][0m System health check completed
[0;34m[INFO][0m Checking urgent escalation triggers...
/Users/clawdia/.openclaw/workspace/scripts/heartbeat-check.sh: line 78: [: too many arguments
/Users/clawdia/.openclaw/workspace/scripts/heartbeat-check.sh: line 86: [: too many arguments
[0;32m[SUCCESS][0m No urgent escalation triggers found
[0;34m[INFO][0m Running daily checks...
[0;34m[INFO][0m Email triage check skipped (requires email client integration)
[0;34m[INFO][0m Calendar check skipped (requires calendar integration)
/Users/clawdia/.openclaw/workspace/scripts/heartbeat-check.sh: line 116: [: too many arguments
[0;32m[SUCCESS][0m Daily checks completed
[0;34m[INFO][0m Currently in quiet hours (23:00-08:00)
[0;34m[INFO][0m Checking HEARTBEAT_OK conditions...
/Users/clawdia/.openclaw/workspace/scripts/heartbeat-check.sh: line 78: [: too many arguments
/Users/clawdia/.openclaw/workspace/scripts/heartbeat-check.sh: line 86: [: too many arguments
[0;34m[INFO][0m Blocked tasks check skipped (requires task system integration)
[0;34m[INFO][0m Deadline risks check skipped (requires deadline tracking)
[0;34m[INFO][0m Meeting prep check skipped (requires calendar integration)
[0;34m[INFO][0m Thread resolution check skipped (requires communication integration)
[0;32m[SUCCESS][0m HEARTBEAT_OK conditions met
HEARTBEAT_OK
[0;34m[INFO][0m Checking recent alerts...
[0;34m[INFO][0m No alert file found
[0;34m[INFO][0m Cleaning up old logs...
[0;32m[SUCCESS][0m Old logs cleaned up
[0;34m[INFO][0m === OpenClaw Heartbeat Check Completed ===
/Users/clawdia/.openclaw/workspace/scripts/heartbeat-check.sh: line 277: /Users/clawdia/.openclaw/workspace/logs/alerts-20260228.log: No such file or directory
[0;34m[INFO][0m Log file: /Users/clawdia/.openclaw/workspace/logs/heartbeat-20260228.log (      58 lines)
[0;34m[INFO][0m Alert file: /Users/clawdia/.openclaw/workspace/logs/alerts-20260228.log (0 lines)
[0;34m[INFO][0m === OpenClaw Heartbeat Check Started ===
[0;34m[INFO][0m Timestamp: Sat Feb 28 01:00:00 WAT 2026
[0;34m[INFO][0m Workspace: /Users/clawdia/.openclaw/workspace
[0;34m[INFO][0m HEARTBEAT.md file exists
[0;34m[INFO][0m Checking system health...
[0;34m[INFO][0m Disk usage: 36%
[0;34m[INFO][0m OpenClaw gateway check skipped (requires gateway monitoring)
[0;32m[SUCCESS][0m System health check completed
[0;34m[INFO][0m Checking urgent escalation triggers...
/Users/clawdia/.openclaw/workspace/scripts/heartbeat-check.sh: line 78: [: too many arguments
/Users/clawdia/.openclaw/workspace/scripts/heartbeat-check.sh: line 86: [: too many arguments
[0;32m[SUCCESS][0m No urgent escalation triggers found
[0;34m[INFO][0m Running daily checks...
[0;34m[INFO][0m Email triage check skipped (requires email client integration)
[0;34m[INFO][0m Calendar check skipped (requires calendar integration)
/Users/clawdia/.openclaw/workspace/scripts/heartbeat-check.sh: line 116: [: too many arguments
[0;32m[SUCCESS][0m Daily checks completed
[0;34m[INFO][0m Currently in quiet hours (23:00-08:00)
[0;34m[INFO][0m Checking HEARTBEAT_OK conditions...
/Users/clawdia/.openclaw/workspace/scripts/heartbeat-check.sh: line 78: [: too many arguments
/Users/clawdia/.openclaw/workspace/scripts/heartbeat-check.sh: line 86: [: too many arguments
[0;34m[INFO][0m Blocked tasks check skipped (requires task system integration)
[0;34m[INFO][0m Deadline risks check skipped (requires deadline tracking)
[0;34m[INFO][0m Meeting prep check skipped (requires calendar integration)
[0;34m[INFO][0m Thread resolution check skipped (requires communication integration)
[0;32m[SUCCESS][0m HEARTBEAT_OK conditions met
HEARTBEAT_OK
[0;34m[INFO][0m Checking recent alerts...
[0;34m[INFO][0m No alert file found
[0;34m[INFO][0m Cleaning up old logs...
[0;32m[SUCCESS][0m Old logs cleaned up
[0;34m[INFO][0m === OpenClaw Heartbeat Check Completed ===
/Users/clawdia/.openclaw/workspace/scripts/heartbeat-check.sh: line 277: /Users/clawdia/.openclaw/workspace/logs/alerts-20260228.log: No such file or directory
[0;34m[INFO][0m Log file: /Users/clawdia/.openclaw/workspace/logs/heartbeat-20260228.log (      88 lines)
[0;34m[INFO][0m Alert file: /Users/clawdia/.openclaw/workspace/logs/alerts-20260228.log (0 lines)
[0;34m[INFO][0m === OpenClaw Heartbeat Check Started ===
[0;34m[INFO][0m Timestamp: Sat Feb 28 01:30:00 WAT 2026
[0;34m[INFO][0m Workspace: /Users/clawdia/.openclaw/workspace
[0;34m[INFO][0m HEARTBEAT.md file exists
[0;34m[INFO][0m Checking system health...
[0;34m[INFO][0m Disk usage: 36%
[0;34m[INFO][0m OpenClaw gateway check skipped (requires gateway monitoring)
[0;32m[SUCCESS][0m System health check completed
[0;34m[INFO][0m Checking urgent escalation triggers...
/Users/clawdia/.openclaw/workspace/scripts/heartbeat-check.sh: line 78: [: too many arguments
/Users/clawdia/.openclaw/workspace/scripts/heartbeat-check.sh: line 86: [: too many arguments
[0;32m[SUCCESS][0m No urgent escalation triggers found
[0;34m[INFO][0m Running daily checks...
[0;34m[INFO][0m Email triage check skipped (requires email client integration)
[0;34m[INFO][0m Calendar check skipped (requires calendar integration)
/Users/clawdia/.openclaw/workspace/scripts/heartbeat-check.sh: line 116: [: too many arguments
[0;32m[SUCCESS][0m Daily checks completed
[0;34m[INFO][0m Currently in quiet hours (23:00-08:00)
[0;34m[INFO][0m Checking HEARTBEAT_OK conditions...
/Users/clawdia/.openclaw/workspace/scripts/heartbeat-check.sh: line 78: [: too many arguments
/Users/clawdia/.openclaw/workspace/scripts/heartbeat-check.sh: line 86: [: too many arguments
[0;34m[INFO][0m Blocked tasks check skipped (requires task system integration)
[0;34m[INFO][0m Deadline risks check skipped (requires deadline tracking)
[0;34m[INFO][0m Meeting prep check skipped (requires calendar integration)
[0;34m[INFO][0m Thread resolution check skipped (requires communication integration)
[0;32m[SUCCESS][0m HEARTBEAT_OK conditions met
HEARTBEAT_OK
[0;34m[INFO][0m Checking recent alerts...
[0;34m[INFO][0m No alert file found
[0;34m[INFO][0m Cleaning up old logs...
[0;32m[SUCCESS][0m Old logs cleaned up
[0;34m[INFO][0m === OpenClaw Heartbeat Check Completed ===
/Users/clawdia/.openclaw/workspace/scripts/heartbeat-check.sh: line 277: /Users/clawdia/.openclaw/workspace/logs/alerts-20260228.log: No such file or directory
[0;34m[INFO][0m Log file: /Users/clawdia/.openclaw/workspace/logs/heartbeat-20260228.log (     118 lines)
[0;34m[INFO][0m Alert file: /Users/clawdia/.openclaw/workspace/logs/alerts-20260228.log (0 lines)
[0;34m[INFO][0m === OpenClaw Heartbeat Check Started ===
[0;34m[INFO][0m Timestamp: Sat Feb 28 02:00:00 WAT 2026
[0;34m[INFO][0m Workspace: /Users/clawdia/.openclaw/workspace
[0;34m[INFO][0m HEARTBEAT.md file exists
[0;34m[INFO][0m Checking system health...
[0;34m[INFO][0m Disk usage: 36%
[0;34m[INFO][0m OpenClaw gateway check skipped (requires gateway monitoring)
[0;32m[SUCCESS][0m System health check completed
[0;34m[INFO][0m Checking urgent escalation triggers...
/Users/clawdia/.openclaw/workspace/scripts/heartbeat-check.sh: line 78: [: too many arguments
/Users/clawdia/.openclaw/workspace/scripts/heartbeat-check.sh: line 86: [: too many arguments
[0;32m[SUCCESS][0m No urgent escalation triggers found
[0;34m[INFO][0m Running daily checks...
[0;34m[INFO][0m Email triage check skipped (requires email client integration)
[0;34m[INFO][0m Calendar check skipped (requires calendar integration)
/Users/clawdia/.openclaw/workspace/scripts/heartbeat-check.sh: line 116: [: too many arguments
[0;32m[SUCCESS][0m Daily checks completed
[0;34m[INFO][0m Currently in quiet hours (23:00-08:00)
[0;34m[INFO][0m Checking HEARTBEAT_OK conditions...
/Users/clawdia/.openclaw/workspace/scripts/heartbeat-check.sh: line 78: [: too many arguments
/Users/clawdia/.openclaw/workspace/scripts/heartbeat-check.sh: line 86: [: too many arguments
[0;34m[INFO][0m Blocked tasks check skipped (requires task system integration)
[0;34m[INFO][0m Deadline risks check skipped (requires deadline tracking)
[0;34m[INFO][0m Meeting prep check skipped (requires calendar integration)
[0;34m[INFO][0m Thread resolution check skipped (requires communication integration)
[0;32m[SUCCESS][0m HEARTBEAT_OK conditions met
HEARTBEAT_OK
[0;34m[INFO][0m Checking recent alerts...
[0;34m[INFO][0m No alert file found
[0;34m[INFO][0m Cleaning up old logs...
[0;32m[SUCCESS][0m Old logs cleaned up
[0;34m[INFO][0m === OpenClaw Heartbeat Check Completed ===
/Users/clawdia/.openclaw/workspace/scripts/heartbeat-check.sh: line 277: /Users/clawdia/.openclaw/workspace/logs/alerts-20260228.log: No such file or directory
[0;34m[INFO][0m Log file: /Users/clawdia/.openclaw/workspace/logs/heartbeat-20260228.log (     148 lines)
[0;34m[INFO][0m Alert file: /Users/clawdia/.openclaw/workspace/logs/alerts-20260228.log (0 lines)
[0;34m[INFO][0m === OpenClaw Heartbeat Check Started ===
[0;34m[INFO][0m Timestamp: Sat Feb 28 02:30:00 WAT 2026
[0;34m[INFO][0m Workspace: /Users/clawdia/.openclaw/workspace
[0;34m[INFO][0m HEARTBEAT.md file exists
[0;34m[INFO][0m Checking system health...
[0;34m[INFO][0m Disk usage: 36%
[0;34m[INFO][0m OpenClaw gateway check skipped (requires gateway monitoring)
[0;32m[SUCCESS][0m System health check completed
[0;34m[INFO][0m Checking urgent escalation triggers...
/Users/clawdia/.openclaw/workspace/scripts/heartbeat-check.sh: line 78: [: too many arguments
/Users/clawdia/.openclaw/workspace/scripts/heartbeat-check.sh: line 86: [: too many arguments
[0;32m[SUCCESS][0m No urgent escalation triggers found
[0;34m[INFO][0m Running daily checks...
[0;34m[INFO][0m Email triage check skipped (requires email client integration)
[0;34m[INFO][0m Calendar check skipped (requires calendar integration)
/Users/clawdia/.openclaw/workspace/scripts/heartbeat-check.sh: line 116: [: too many arguments
[0;32m[SUCCESS][0m Daily checks completed
[0;34m[INFO][0m Currently in quiet hours (23:00-08:00)
[0;34m[INFO][0m Checking HEARTBEAT_OK conditions...
/Users/clawdia/.openclaw/workspace/scripts/heartbeat-check.sh: line 78: [: too many arguments
/Users/clawdia/.openclaw/workspace/scripts/heartbeat-check.sh: line 86: [: too many arguments
[0;34m[INFO][0m Blocked tasks check skipped (requires task system integration)
[0;34m[INFO][0m Deadline risks check skipped (requires deadline tracking)
[0;34m[INFO][0m Meeting prep check skipped (requires calendar integration)
[0;34m[INFO][0m Thread resolution check skipped (requires communication integration)
[0;32m[SUCCESS][0m HEARTBEAT_OK conditions met
HEARTBEAT_OK
[0;34m[INFO][0m Checking recent alerts...
[0;34m[INFO][0m No alert file found
[0;34m[INFO][0m Cleaning up old logs...
[0;32m[SUCCESS][0m Old logs cleaned up
[0;34m[INFO][0m === OpenClaw Heartbeat Check Completed ===
/Users/clawdia/.openclaw/workspace/scripts/heartbeat-check.sh: line 277: /Users/clawdia/.openclaw/workspace/logs/alerts-20260228.log: No such file or directory
[0;34m[INFO][0m Log file: /Users/clawdia/.openclaw/workspace/logs/heartbeat-20260228.log (     178 lines)
[0;34m[INFO][0m Alert file: /Users/clawdia/.openclaw/workspace/logs/alerts-20260228.log (0 lines)
[0;34m[INFO][0m === OpenClaw Heartbeat Check Started ===
[0;34m[INFO][0m Timestamp: Sat Feb 28 03:00:00 WAT 2026
[0;34m[INFO][0m Workspace: /Users/clawdia/.openclaw/workspace
[0;34m[INFO][0m HEARTBEAT.md file exists
[0;34m[INFO][0m Checking system health...
[0;34m[INFO][0m Disk usage: 36%
[0;34m[INFO][0m OpenClaw gateway check skipped (requires gateway monitoring)
[0;32m[SUCCESS][0m System health check completed
[0;34m[INFO][0m Checking urgent escalation triggers...
/Users/clawdia/.openclaw/workspace/scripts/heartbeat-check.sh: line 78: [: too many arguments
/Users/clawdia/.openclaw/workspace/scripts/heartbeat-check.sh: line 86: [: too many arguments
[0;32m[SUCCESS][0m No urgent escalation triggers found
[0;34m[INFO][0m Running daily checks...
[0;34m[INFO][0m Email triage check skipped (requires email client integration)
[0;34m[INFO][0m Calendar check skipped (requires calendar integration)
/Users/clawdia/.openclaw/workspace/scripts/heartbeat-check.sh: line 116: [: too many arguments
[0;32m[SUCCESS][0m Daily checks completed
[0;34m[INFO][0m Currently in quiet hours (23:00-08:00)
[0;34m[INFO][0m Checking HEARTBEAT_OK conditions...
/Users/clawdia/.openclaw/workspace/scripts/heartbeat-check.sh: line 78: [: too many arguments
/Users/clawdia/.openclaw/workspace/scripts/heartbeat-check.sh: line 86: [: too many arguments
[0;34m[INFO][0m Blocked tasks check skipped (requires task system integration)
[0;34m[INFO][0m Deadline risks check skipped (requires deadline tracking)
[0;34m[INFO][0m Meeting prep check skipped (requires calendar integration)
[0;34m[INFO][0m Thread resolution check skipped (requires communication integration)
[0;32m[SUCCESS][0m HEARTBEAT_OK conditions met
HEARTBEAT_OK
[0;34m[INFO][0m Checking recent alerts...
[0;34m[INFO][0m No alert file found
[0;34m[INFO][0m Cleaning up old logs...
[0;32m[SUCCESS][0m Old logs cleaned up
[0;34m[INFO][0m === OpenClaw Heartbeat Check Completed ===
/Users/clawdia/.openclaw/workspace/scripts/heartbeat-check.sh: line 277: /Users/clawdia/.openclaw/workspace/logs/alerts-20260228.log: No such file or directory
[0;34m[INFO][0m Log file: /Users/clawdia/.openclaw/workspace/logs/heartbeat-20260228.log (     208 lines)
[0;34m[INFO][0m Alert file: /Users/clawdia/.openclaw/workspace/logs/alerts-20260228.log (0 lines)
[0;34m[INFO][0m === OpenClaw Heartbeat Check Started ===
[0;34m[INFO][0m Timestamp: Sat Feb 28 03:30:00 WAT 2026
[0;34m[INFO][0m Workspace: /Users/clawdia/.openclaw/workspace
[0;34m[INFO][0m HEARTBEAT.md file exists
[0;34m[INFO][0m Checking system health...
[0;34m[INFO][0m Disk usage: 36%
[0;34m[INFO][0m OpenClaw gateway check skipped (requires gateway monitoring)
[0;32m[SUCCESS][0m System health check completed
[0;34m[INFO][0m Checking urgent escalation triggers...
/Users/clawdia/.openclaw/workspace/scripts/heartbeat-check.sh: line 78: [: too many arguments
/Users/clawdia/.openclaw/workspace/scripts/heartbeat-check.sh: line 86: [: too many arguments
[0;32m[SUCCESS][0m No urgent escalation triggers found
[0;34m[INFO][0m Running daily checks...
[0;34m[INFO][0m Email triage check skipped (requires email client integration)
[0;34m[INFO][0m Calendar check skipped (requires calendar integration)
/Users/clawdia/.openclaw/workspace/scripts/heartbeat-check.sh: line 116: [: too many arguments
[0;32m[SUCCESS][0m Daily checks completed
[0;34m[INFO][0m Currently in quiet hours (23:00-08:00)
[0;34m[INFO][0m Checking HEARTBEAT_OK conditions...
/Users/clawdia/.openclaw/workspace/scripts/heartbeat-check.sh: line 78: [: too many arguments
/Users/clawdia/.openclaw/workspace/scripts/heartbeat-check.sh: line 86: [: too many arguments
[0;34m[INFO][0m Blocked tasks check skipped (requires task system integration)
[0;34m[INFO][0m Deadline risks check skipped (requires deadline tracking)
[0;34m[INFO][0m Meeting prep check skipped (requires calendar integration)
[0;34m[INFO][0m Thread resolution check skipped (requires communication integration)
[0;32m[SUCCESS][0m HEARTBEAT_OK conditions met
HEARTBEAT_OK
[0;34m[INFO][0m Checking recent alerts...
[0;34m[INFO][0m No alert file found
[0;34m[INFO][0m Cleaning up old logs...
[0;32m[SUCCESS][0m Old logs cleaned up
[0;34m[INFO][0m === OpenClaw Heartbeat Check Completed ===
/Users/clawdia/.openclaw/workspace/scripts/heartbeat-check.sh: line 277: /Users/clawdia/.openclaw/workspace/logs/alerts-20260228.log: No such file or directory
[0;34m[INFO][0m Log file: /Users/clawdia/.openclaw/workspace/logs/heartbeat-20260228.log (     238 lines)
[0;34m[INFO][0m Alert file: /Users/clawdia/.openclaw/workspace/logs/alerts-20260228.log (0 lines)
[0;34m[INFO][0m === OpenClaw Heartbeat Check Started ===
[0;34m[INFO][0m Timestamp: Sat Feb 28 04:00:01 WAT 2026
[0;34m[INFO][0m Workspace: /Users/clawdia/.openclaw/workspace
[0;34m[INFO][0m HEARTBEAT.md file exists
[0;34m[INFO][0m Checking system health...
[0;34m[INFO][0m Disk usage: 36%
[0;34m[INFO][0m OpenClaw gateway check skipped (requires gateway monitoring)
[0;32m[SUCCESS][0m System health check completed
[0;34m[INFO][0m Checking urgent escalation triggers...
/Users/clawdia/.openclaw/workspace/scripts/heartbeat-check.sh: line 78: [: too many arguments
/Users/clawdia/.openclaw/workspace/scripts/heartbeat-check.sh: line 86: [: too many arguments
[0;32m[SUCCESS][0m No urgent escalation triggers found
[0;34m[INFO][0m Running daily checks...
[0;34m[INFO][0m Email triage check skipped (requires email client integration)
[0;34m[INFO][0m Calendar check skipped (requires calendar integration)
/Users/clawdia/.openclaw/workspace/scripts/heartbeat-check.sh: line 116: [: too many arguments
[0;32m[SUCCESS][0m Daily checks completed
[0;34m[INFO][0m Currently in quiet hours (23:00-08:00)
[0;34m[INFO][0m Checking HEARTBEAT_OK conditions...
/Users/clawdia/.openclaw/workspace/scripts/heartbeat-check.sh: line 78: [: too many arguments
/Users/clawdia/.openclaw/workspace/scripts/heartbeat-check.sh: line 86: [: too many arguments
[0;34m[INFO][0m Blocked tasks check skipped (requires task system integration)
[0;34m[INFO][0m Deadline risks check skipped (requires deadline tracking)
[0;34m[INFO][0m Meeting prep check skipped (requires calendar integration)
[0;34m[INFO][0m Thread resolution check skipped (requires communication integration)
[0;32m[SUCCESS][0m HEARTBEAT_OK conditions met
HEARTBEAT_OK
[0;34m[INFO][0m Checking recent alerts...
[0;34m[INFO][0m No alert file found
[0;34m[INFO][0m Cleaning up old logs...
[0;32m[SUCCESS][0m Old logs cleaned up
[0;34m[INFO][0m === OpenClaw Heartbeat Check Completed ===
/Users/clawdia/.openclaw/workspace/scripts/heartbeat-check.sh: line 277: /Users/clawdia/.openclaw/workspace/logs/alerts-20260228.log: No such file or directory
[0;34m[INFO][0m Log file: /Users/clawdia/.openclaw/workspace/logs/heartbeat-20260228.log (     268 lines)
[0;34m[INFO][0m Alert file: /Users/clawdia/.openclaw/workspace/logs/alerts-20260228.log (0 lines)
[0;34m[INFO][0m === OpenClaw Heartbeat Check Started ===
[0;34m[INFO][0m Timestamp: Sat Feb 28 04:30:00 WAT 2026
[0;34m[INFO][0m Workspace: /Users/clawdia/.openclaw/workspace
[0;34m[INFO][0m HEARTBEAT.md file exists
[0;34m[INFO][0m Checking system health...
[0;34m[INFO][0m Disk usage: 36%
[0;34m[INFO][0m OpenClaw gateway check skipped (requires gateway monitoring)
[0;32m[SUCCESS][0m System health check completed
[0;34m[INFO][0m Checking urgent escalation triggers...
/Users/clawdia/.openclaw/workspace/scripts/heartbeat-check.sh: line 78: [: too many arguments
/Users/clawdia/.openclaw/workspace/scripts/heartbeat-check.sh: line 86: [: too many arguments
[0;32m[SUCCESS][0m No urgent escalation triggers found
[0;34m[INFO][0m Running daily checks...
[0;34m[INFO][0m Email triage check skipped (requires email client integration)
[0;34m[INFO][0m Calendar check skipped (requires calendar integration)
/Users/clawdia/.openclaw/workspace/scripts/heartbeat-check.sh: line 116: [: too many arguments
[0;32m[SUCCESS][0m Daily checks completed
[0;34m[INFO][0m Currently in quiet hours (23:00-08:00)
[0;34m[INFO][0m Checking HEARTBEAT_OK conditions...
/Users/clawdia/.openclaw/workspace/scripts/heartbeat-check.sh: line 78: [: too many arguments
/Users/clawdia/.openclaw/workspace/scripts/heartbeat-check.sh: line 86: [: too many arguments
[0;34m[INFO][0m Blocked tasks check skipped (requires task system integration)
[0;34m[INFO][0m Deadline risks check skipped (requires deadline tracking)
[0;34m[INFO][0m Meeting prep check skipped (requires calendar integration)
[0;34m[INFO][0m Thread resolution check skipped (requires communication integration)
[0;32m[SUCCESS][0m HEARTBEAT_OK conditions met
HEARTBEAT_OK
[0;34m[INFO][0m Checking recent alerts...
[0;34m[INFO][0m No alert file found
[0;34m[INFO][0m Cleaning up old logs...
[0;32m[SUCCESS][0m Old logs cleaned up
[0;34m[INFO][0m === OpenClaw Heartbeat Check Completed ===
/Users/clawdia/.openclaw/workspace/scripts/heartbeat-check.sh: line 277: /Users/clawdia/.openclaw/workspace/logs/alerts-20260228.log: No such file or directory
[0;34m[INFO][0m Log file: /Users/clawdia/.openclaw/workspace/logs/heartbeat-20260228.log (     298 lines)
[0;34m[INFO][0m Alert file: /Users/clawdia/.openclaw/workspace/logs/alerts-20260228.log (0 lines)
[0;34m[INFO][0m === OpenClaw Heartbeat Check Started ===
[0;34m[INFO][0m Timestamp: Sat Feb 28 05:00:00 WAT 2026
[0;34m[INFO][0m Workspace: /Users/clawdia/.openclaw/workspace
[0;34m[INFO][0m HEARTBEAT.md file exists
[0;34m[INFO][0m Checking system health...
[0;34m[INFO][0m Disk usage: 36%
[0;34m[INFO][0m OpenClaw gateway check skipped (requires gateway monitoring)
[0;32m[SUCCESS][0m System health check completed
[0;34m[INFO][0m Checking urgent escalation triggers...
/Users/clawdia/.openclaw/workspace/scripts/heartbeat-check.sh: line 78: [: too many arguments
/Users/clawdia/.openclaw/workspace/scripts/heartbeat-check.sh: line 86: [: too many arguments
[0;32m[SUCCESS][0m No urgent escalation triggers found
[0;34m[INFO][0m Running daily checks...
[0;34m[INFO][0m Email triage check skipped (requires email client integration)
[0;34m[INFO][0m Calendar check skipped (requires calendar integration)
/Users/clawdia/.openclaw/workspace/scripts/heartbeat-check.sh: line 116: [: too many arguments
[0;32m[SUCCESS][0m Daily checks completed
[0;34m[INFO][0m Currently in quiet hours (23:00-08:00)
[0;34m[INFO][0m Checking HEARTBEAT_OK conditions...
/Users/clawdia/.openclaw/workspace/scripts/heartbeat-check.sh: line 78: [: too many arguments
/Users/clawdia/.openclaw/workspace/scripts/heartbeat-check.sh: line 86: [: too many arguments
[0;34m[INFO][0m Blocked tasks check skipped (requires task system integration)
[0;34m[INFO][0m Deadline risks check skipped (requires deadline tracking)
[0;34m[INFO][0m Meeting prep check skipped (requires calendar integration)
[0;34m[INFO][0m Thread resolution check skipped (requires communication integration)
[0;32m[SUCCESS][0m HEARTBEAT_OK conditions met
HEARTBEAT_OK
[0;34m[INFO][0m Checking recent alerts...
[0;34m[INFO][0m No alert file found
[0;34m[INFO][0m Cleaning up old logs...
[0;32m[SUCCESS][0m Old logs cleaned up
[0;34m[INFO][0m === OpenClaw Heartbeat Check Completed ===
/Users/clawdia/.openclaw/workspace/scripts/heartbeat-check.sh: line 277: /Users/clawdia/.openclaw/workspace/logs/alerts-20260228.log: No such file or directory
[0;34m[INFO][0m Log file: /Users/clawdia/.openclaw/workspace/logs/heartbeat-20260228.log (     328 lines)
[0;34m[INFO][0m Alert file: /Users/clawdia/.openclaw/workspace/logs/alerts-20260228.log (0 lines)
[0;34m[INFO][0m === OpenClaw Heartbeat Check Started ===
[0;34m[INFO][0m Timestamp: Sat Feb 28 05:30:00 WAT 2026
[0;34m[INFO][0m Workspace: /Users/clawdia/.openclaw/workspace
[0;34m[INFO][0m HEARTBEAT.md file exists
[0;34m[INFO][0m Checking system health...
[0;34m[INFO][0m Disk usage: 36%
[0;34m[INFO][0m OpenClaw gateway check skipped (requires gateway monitoring)
[0;32m[SUCCESS][0m System health check completed
[0;34m[INFO][0m Checking urgent escalation triggers...
/Users/clawdia/.openclaw/workspace/scripts/heartbeat-check.sh: line 78: [: too many arguments
/Users/clawdia/.openclaw/workspace/scripts/heartbeat-check.sh: line 86: [: too many arguments
[0;32m[SUCCESS][0m No urgent escalation triggers found
[0;34m[INFO][0m Running daily checks...
[0;34m[INFO][0m Email triage check skipped (requires email client integration)
[0;34m[INFO][0m Calendar check skipped (requires calendar integration)
/Users/clawdia/.openclaw/workspace/scripts/heartbeat-check.sh: line 116: [: too many arguments
[0;32m[SUCCESS][0m Daily checks completed
[0;34m[INFO][0m Currently in quiet hours (23:00-08:00)
[0;34m[INFO][0m Checking HEARTBEAT_OK conditions...
/Users/clawdia/.openclaw/workspace/scripts/heartbeat-check.sh: line 78: [: too many arguments
/Users/clawdia/.openclaw/workspace/scripts/heartbeat-check.sh: line 86: [: too many arguments
[0;34m[INFO][0m Blocked tasks check skipped (requires task system integration)
[0;34m[INFO][0m Deadline risks check skipped (requires deadline tracking)
[0;34m[INFO][0m Meeting prep check skipped (requires calendar integration)
[0;34m[INFO][0m Thread resolution check skipped (requires communication integration)
[0;32m[SUCCESS][0m HEARTBEAT_OK conditions met
HEARTBEAT_OK
[0;34m[INFO][0m Checking recent alerts...
[0;34m[INFO][0m No alert file found
[0;34m[INFO][0m Cleaning up old logs...
[0;32m[SUCCESS][0m Old logs cleaned up
[0;34m[INFO][0m === OpenClaw Heartbeat Check Completed ===
/Users/clawdia/.openclaw/workspace/scripts/heartbeat-check.sh: line 277: /Users/clawdia/.openclaw/workspace/logs/alerts-20260228.log: No such file or directory
[0;34m[INFO][0m Log file: /Users/clawdia/.openclaw/workspace/logs/heartbeat-20260228.log (     358 lines)
[0;34m[INFO][0m Alert file: /Users/clawdia/.openclaw/workspace/logs/alerts-20260228.log (0 lines)
[0;34m[INFO][0m === OpenClaw Heartbeat Check Started ===
[0;34m[INFO][0m Timestamp: Sat Feb 28 06:00:00 WAT 2026
[0;34m[INFO][0m Workspace: /Users/clawdia/.openclaw/workspace
[0;34m[INFO][0m HEARTBEAT.md file exists
[0;34m[INFO][0m Checking system health...
[0;34m[INFO][0m Disk usage: 36%
[0;34m[INFO][0m OpenClaw gateway check skipped (requires gateway monitoring)
[0;32m[SUCCESS][0m System health check completed
[0;34m[INFO][0m Checking urgent escalation triggers...
/Users/clawdia/.openclaw/workspace/scripts/heartbeat-check.sh: line 78: [: too many arguments
/Users/clawdia/.openclaw/workspace/scripts/heartbeat-check.sh: line 86: [: too many arguments
[0;32m[SUCCESS][0m No urgent escalation triggers found
[0;34m[INFO][0m Running daily checks...
[0;34m[INFO][0m Email triage check skipped (requires email client integration)
[0;34m[INFO][0m Calendar check skipped (requires calendar integration)
/Users/clawdia/.openclaw/workspace/scripts/heartbeat-check.sh: line 116: [: too many arguments
[0;32m[SUCCESS][0m Daily checks completed
[0;34m[INFO][0m Currently in quiet hours (23:00-08:00)
[0;34m[INFO][0m Checking HEARTBEAT_OK conditions...
/Users/clawdia/.openclaw/workspace/scripts/heartbeat-check.sh: line 78: [: too many arguments
/Users/clawdia/.openclaw/workspace/scripts/heartbeat-check.sh: line 86: [: too many arguments
[0;34m[INFO][0m Blocked tasks check skipped (requires task system integration)
[0;34m[INFO][0m Deadline risks check skipped (requires deadline tracking)
[0;34m[INFO][0m Meeting prep check skipped (requires calendar integration)
[0;34m[INFO][0m Thread resolution check skipped (requires communication integration)
[0;32m[SUCCESS][0m HEARTBEAT_OK conditions met
HEARTBEAT_OK
[0;34m[INFO][0m Checking recent alerts...
[0;34m[INFO][0m No alert file found
[0;34m[INFO][0m Cleaning up old logs...
[0;32m[SUCCESS][0m Old logs cleaned up
[0;34m[INFO][0m === OpenClaw Heartbeat Check Completed ===
/Users/clawdia/.openclaw/workspace/scripts/heartbeat-check.sh: line 277: /Users/clawdia/.openclaw/workspace/logs/alerts-20260228.log: No such file or directory
[0;34m[INFO][0m Log file: /Users/clawdia/.openclaw/workspace/logs/heartbeat-20260228.log (     388 lines)
[0;34m[INFO][0m Alert file: /Users/clawdia/.openclaw/workspace/logs/alerts-20260228.log (0 lines)
[0;34m[INFO][0m === OpenClaw Heartbeat Check Started ===
[0;34m[INFO][0m Timestamp: Sat Feb 28 06:30:00 WAT 2026
[0;34m[INFO][0m Workspace: /Users/clawdia/.openclaw/workspace
[0;34m[INFO][0m HEARTBEAT.md file exists
[0;34m[INFO][0m Checking system health...
[0;34m[INFO][0m Disk usage: 36%
[0;34m[INFO][0m OpenClaw gateway check skipped (requires gateway monitoring)
[0;32m[SUCCESS][0m System health check completed
[0;34m[INFO][0m Checking urgent escalation triggers...
/Users/clawdia/.openclaw/workspace/scripts/heartbeat-check.sh: line 78: [: too many arguments
/Users/clawdia/.openclaw/workspace/scripts/heartbeat-check.sh: line 86: [: too many arguments
[0;32m[SUCCESS][0m No urgent escalation triggers found
[0;34m[INFO][0m Running daily checks...
[0;34m[INFO][0m Email triage check skipped (requires email client integration)
[0;34m[INFO][0m Calendar check skipped (requires calendar integration)
/Users/clawdia/.openclaw/workspace/scripts/heartbeat-check.sh: line 116: [: too many arguments
[0;32m[SUCCESS][0m Daily checks completed
[0;34m[INFO][0m Currently in quiet hours (23:00-08:00)
[0;34m[INFO][0m Checking HEARTBEAT_OK conditions...
/Users/clawdia/.openclaw/workspace/scripts/heartbeat-check.sh: line 78: [: too many arguments
/Users/clawdia/.openclaw/workspace/scripts/heartbeat-check.sh: line 86: [: too many arguments
[0;34m[INFO][0m Blocked tasks check skipped (requires task system integration)
[0;34m[INFO][0m Deadline risks check skipped (requires deadline tracking)
[0;34m[INFO][0m Meeting prep check skipped (requires calendar integration)
[0;34m[INFO][0m Thread resolution check skipped (requires communication integration)
[0;32m[SUCCESS][0m HEARTBEAT_OK conditions met
HEARTBEAT_OK
[0;34m[INFO][0m Checking recent alerts...
[0;34m[INFO][0m No alert file found
[0;34m[INFO][0m Cleaning up old logs...
[0;32m[SUCCESS][0m Old logs cleaned up
[0;34m[INFO][0m === OpenClaw Heartbeat Check Completed ===
/Users/clawdia/.openclaw/workspace/scripts/heartbeat-check.sh: line 277: /Users/clawdia/.openclaw/workspace/logs/alerts-20260228.log: No such file or directory
[0;34m[INFO][0m Log file: /Users/clawdia/.openclaw/workspace/logs/heartbeat-20260228.log (     418 lines)
[0;34m[INFO][0m Alert file: /Users/clawdia/.openclaw/workspace/logs/alerts-20260228.log (0 lines)
[0;34m[INFO][0m === OpenClaw Heartbeat Check Started ===
[0;34m[INFO][0m Timestamp: Sat Feb 28 07:00:01 WAT 2026
[0;34m[INFO][0m Workspace: /Users/clawdia/.openclaw/workspace
[0;34m[INFO][0m HEARTBEAT.md file exists
[0;34m[INFO][0m Checking system health...
[0;34m[INFO][0m Disk usage: 36%
[0;34m[INFO][0m OpenClaw gateway check skipped (requires gateway monitoring)
[0;32m[SUCCESS][0m System health check completed
[0;34m[INFO][0m Checking urgent escalation triggers...
/Users/clawdia/.openclaw/workspace/scripts/heartbeat-check.sh: line 78: [: too many arguments
/Users/clawdia/.openclaw/workspace/scripts/heartbeat-check.sh: line 86: [: too many arguments
[0;32m[SUCCESS][0m No urgent escalation triggers found
[0;34m[INFO][0m Running daily checks...
[0;34m[INFO][0m Email triage check skipped (requires email client integration)
[0;34m[INFO][0m Calendar check skipped (requires calendar integration)
/Users/clawdia/.openclaw/workspace/scripts/heartbeat-check.sh: line 116: [: too many arguments
[0;32m[SUCCESS][0m Daily checks completed
[0;34m[INFO][0m Currently in quiet hours (23:00-08:00)
[0;34m[INFO][0m Checking HEARTBEAT_OK conditions...
/Users/clawdia/.openclaw/workspace/scripts/heartbeat-check.sh: line 78: [: too many arguments
/Users/clawdia/.openclaw/workspace/scripts/heartbeat-check.sh: line 86: [: too many arguments
[0;34m[INFO][0m Blocked tasks check skipped (requires task system integration)
[0;34m[INFO][0m Deadline risks check skipped (requires deadline tracking)
[0;34m[INFO][0m Meeting prep check skipped (requires calendar integration)
[0;34m[INFO][0m Thread resolution check skipped (requires communication integration)
[0;32m[SUCCESS][0m HEARTBEAT_OK conditions met
HEARTBEAT_OK
[0;34m[INFO][0m Checking recent alerts...
[0;34m[INFO][0m No alert file found
[0;34m[INFO][0m Cleaning up old logs...
[0;32m[SUCCESS][0m Old logs cleaned up
[0;34m[INFO][0m === OpenClaw Heartbeat Check Completed ===
/Users/clawdia/.openclaw/workspace/scripts/heartbeat-check.sh: line 277: /Users/clawdia/.openclaw/workspace/logs/alerts-20260228.log: No such file or directory
[0;34m[INFO][0m Log file: /Users/clawdia/.openclaw/workspace/logs/heartbeat-20260228.log (     448 lines)
[0;34m[INFO][0m Alert file: /Users/clawdia/.openclaw/workspace/logs/alerts-20260228.log (0 lines)
[0;34m[INFO][0m === OpenClaw Heartbeat Check Started ===
[0;34m[INFO][0m Timestamp: Sat Feb 28 07:30:00 WAT 2026
[0;34m[INFO][0m Workspace: /Users/clawdia/.openclaw/workspace
[0;34m[INFO][0m HEARTBEAT.md file exists
[0;34m[INFO][0m Checking system health...
[0;34m[INFO][0m Disk usage: 36%
[0;34m[INFO][0m OpenClaw gateway check skipped (requires gateway monitoring)
[0;32m[SUCCESS][0m System health check completed
[0;34m[INFO][0m Checking urgent escalation triggers...
/Users/clawdia/.openclaw/workspace/scripts/heartbeat-check.sh: line 78: [: too many arguments
/Users/clawdia/.openclaw/workspace/scripts/heartbeat-check.sh: line 86: [: too many arguments
[0;32m[SUCCESS][0m No urgent escalation triggers found
[0;34m[INFO][0m Running daily checks...
[0;34m[INFO][0m Email triage check skipped (requires email client integration)
[0;34m[INFO][0m Calendar check skipped (requires calendar integration)
/Users/clawdia/.openclaw/workspace/scripts/heartbeat-check.sh: line 116: [: too many arguments
[0;32m[SUCCESS][0m Daily checks completed
[0;34m[INFO][0m Currently in quiet hours (23:00-08:00)
[0;34m[INFO][0m Checking HEARTBEAT_OK conditions...
/Users/clawdia/.openclaw/workspace/scripts/heartbeat-check.sh: line 78: [: too many arguments
/Users/clawdia/.openclaw/workspace/scripts/heartbeat-check.sh: line 86: [: too many arguments
[0;34m[INFO][0m Blocked tasks check skipped (requires task system integration)
[0;34m[INFO][0m Deadline risks check skipped (requires deadline tracking)
[0;34m[INFO][0m Meeting prep check skipped (requires calendar integration)
[0;34m[INFO][0m Thread resolution check skipped (requires communication integration)
[0;32m[SUCCESS][0m HEARTBEAT_OK conditions met
HEARTBEAT_OK
[0;34m[INFO][0m Checking recent alerts...
[0;34m[INFO][0m No alert file found
[0;34m[INFO][0m Cleaning up old logs...
[0;32m[SUCCESS][0m Old logs cleaned up
[0;34m[INFO][0m === OpenClaw Heartbeat Check Completed ===
/Users/clawdia/.openclaw/workspace/scripts/heartbeat-check.sh: line 277: /Users/clawdia/.openclaw/workspace/logs/alerts-20260228.log: No such file or directory
[0;34m[INFO][0m Log file: /Users/clawdia/.openclaw/workspace/logs/heartbeat-20260228.log (     478 lines)
[0;34m[INFO][0m Alert file: /Users/clawdia/.openclaw/workspace/logs/alerts-20260228.log (0 lines)
[0;34m[INFO][0m === OpenClaw Heartbeat Check Started ===
[0;34m[INFO][0m Timestamp: Sat Feb 28 08:00:00 WAT 2026
[0;34m[INFO][0m Workspace: /Users/clawdia/.openclaw/workspace
[0;34m[INFO][0m HEARTBEAT.md file exists
[0;34m[INFO][0m Checking system health...
[0;34m[INFO][0m Disk usage: 36%
[0;34m[INFO][0m OpenClaw gateway check skipped (requires gateway monitoring)
[0;32m[SUCCESS][0m System health check completed
[0;34m[INFO][0m Checking urgent escalation triggers...
/Users/clawdia/.openclaw/workspace/scripts/heartbeat-check.sh: line 78: [: too many arguments
/Users/clawdia/.openclaw/workspace/scripts/heartbeat-check.sh: line 86: [: too many arguments
[0;32m[SUCCESS][0m No urgent escalation triggers found
[0;34m[INFO][0m Running daily checks...
[0;34m[INFO][0m Email triage check skipped (requires email client integration)
[0;34m[INFO][0m Calendar check skipped (requires calendar integration)
/Users/clawdia/.openclaw/workspace/scripts/heartbeat-check.sh: line 116: [: too many arguments
[0;32m[SUCCESS][0m Daily checks completed
/Users/clawdia/.openclaw/workspace/scripts/heartbeat-check.sh: line 135: 08: value too great for base (error token is "08")
[0;34m[INFO][0m === OpenClaw Heartbeat Check Started ===
[0;34m[INFO][0m Timestamp: Sat Feb 28 08:30:00 WAT 2026
[0;34m[INFO][0m Workspace: /Users/clawdia/.openclaw/workspace
[0;34m[INFO][0m HEARTBEAT.md file exists
[0;34m[INFO][0m Checking system health...
[0;34m[INFO][0m Disk usage: 36%
[0;34m[INFO][0m OpenClaw gateway check skipped (requires gateway monitoring)
[0;32m[SUCCESS][0m System health check completed
[0;34m[INFO][0m Checking urgent escalation triggers...
/Users/clawdia/.openclaw/workspace/scripts/heartbeat-check.sh: line 78: [: too many arguments
/Users/clawdia/.openclaw/workspace/scripts/heartbeat-check.sh: line 86: [: too many arguments
[0;32m[SUCCESS][0m No urgent escalation triggers found
[0;34m[INFO][0m Running daily checks...
[0;34m[INFO][0m Email triage check skipped (requires email client integration)
[0;34m[INFO][0m Calendar check skipped (requires calendar integration)
/Users/clawdia/.openclaw/workspace/scripts/heartbeat-check.sh: line 116: [: too many arguments
[0;32m[SUCCESS][0m Daily checks completed
/Users/clawdia/.openclaw/workspace/scripts/heartbeat-check.sh: line 135: 08: value too great for base (error token is "08")
[0;34m[INFO][0m === OpenClaw Heartbeat Check Started ===
[0;34m[INFO][0m Timestamp: Sat Feb 28 09:00:00 WAT 2026
[0;34m[INFO][0m Workspace: /Users/clawdia/.openclaw/workspace
[0;34m[INFO][0m HEARTBEAT.md file exists
[0;34m[INFO][0m Checking system health...
[0;34m[INFO][0m Disk usage: 36%
[0;34m[INFO][0m OpenClaw gateway check skipped (requires gateway monitoring)
[0;32m[SUCCESS][0m System health check completed
[0;34m[INFO][0m Checking urgent escalation triggers...
/Users/clawdia/.openclaw/workspace/scripts/heartbeat-check.sh: line 78: [: too many arguments
/Users/clawdia/.openclaw/workspace/scripts/heartbeat-check.sh: line 86: [: too many arguments
[0;32m[SUCCESS][0m No urgent escalation triggers found
[0;34m[INFO][0m Running daily checks...
[0;34m[INFO][0m Email triage check skipped (requires email client integration)
[0;34m[INFO][0m Calendar check skipped (requires calendar integration)
/Users/clawdia/.openclaw/workspace/scripts/heartbeat-check.sh: line 116: [: too many arguments
[0;32m[SUCCESS][0m Daily checks completed
/Users/clawdia/.openclaw/workspace/scripts/heartbeat-check.sh: line 135: 09: value too great for base (error token is "09")
[0;34m[INFO][0m === OpenClaw Heartbeat Check Started ===
[0;34m[INFO][0m Timestamp: Sat Feb 28 09:30:00 WAT 2026
[0;34m[INFO][0m Workspace: /Users/clawdia/.openclaw/workspace
[0;34m[INFO][0m HEARTBEAT.md file exists
[0;34m[INFO][0m Checking system health...
[0;34m[INFO][0m Disk usage: 36%
[0;34m[INFO][0m OpenClaw gateway check skipped (requires gateway monitoring)
[0;32m[SUCCESS][0m System health check completed
[0;34m[INFO][0m Checking urgent escalation triggers...
/Users/clawdia/.openclaw/workspace/scripts/heartbeat-check.sh: line 78: [: too many arguments
/Users/clawdia/.openclaw/workspace/scripts/heartbeat-check.sh: line 86: [: too many arguments
[0;32m[SUCCESS][0m No urgent escalation triggers found
[0;34m[INFO][0m Running daily checks...
[0;34m[INFO][0m Email triage check skipped (requires email client integration)
[0;34m[INFO][0m Calendar check skipped (requires calendar integration)
/Users/clawdia/.openclaw/workspace/scripts/heartbeat-check.sh: line 116: [: too many arguments
[0;32m[SUCCESS][0m Daily checks completed
/Users/clawdia/.openclaw/workspace/scripts/heartbeat-check.sh: line 135: 09: value too great for base (error token is "09")
[0;34m[INFO][0m === OpenClaw Heartbeat Check Started ===
[0;34m[INFO][0m Timestamp: Sat Feb 28 10:00:00 WAT 2026
[0;34m[INFO][0m Workspace: /Users/clawdia/.openclaw/workspace
[0;34m[INFO][0m HEARTBEAT.md file exists
[0;34m[INFO][0m Checking system health...
[0;34m[INFO][0m Disk usage: 36%
[0;34m[INFO][0m OpenClaw gateway check skipped (requires gateway monitoring)
[0;32m[SUCCESS][0m System health check completed
[0;34m[INFO][0m Checking urgent escalation triggers...
/Users/clawdia/.openclaw/workspace/scripts/heartbeat-check.sh: line 78: [: too many arguments
/Users/clawdia/.openclaw/workspace/scripts/heartbeat-check.sh: line 86: [: too many arguments
[0;32m[SUCCESS][0m No urgent escalation triggers found
[0;34m[INFO][0m Running daily checks...
[0;34m[INFO][0m Email triage check skipped (requires email client integration)
[0;34m[INFO][0m Calendar check skipped (requires calendar integration)
/Users/clawdia/.openclaw/workspace/scripts/heartbeat-check.sh: line 116: [: too many arguments
[0;32m[SUCCESS][0m Daily checks completed
[0;34m[INFO][0m Outside quiet hours
[0;34m[INFO][0m === OpenClaw Heartbeat Check Started ===
[0;34m[INFO][0m Timestamp: Sat Feb 28 10:30:00 WAT 2026
[0;34m[INFO][0m Workspace: /Users/clawdia/.openclaw/workspace
[0;34m[INFO][0m HEARTBEAT.md file exists
[0;34m[INFO][0m Checking system health...
[0;34m[INFO][0m Disk usage: 36%
[0;34m[INFO][0m OpenClaw gateway check skipped (requires gateway monitoring)
[0;32m[SUCCESS][0m System health check completed
[0;34m[INFO][0m Checking urgent escalation triggers...
/Users/clawdia/.openclaw/workspace/scripts/heartbeat-check.sh: line 78: [: too many arguments
/Users/clawdia/.openclaw/workspace/scripts/heartbeat-check.sh: line 86: [: too many arguments
[0;32m[SUCCESS][0m No urgent escalation triggers found
[0;34m[INFO][0m Running daily checks...
[0;34m[INFO][0m Email triage check skipped (requires email client integration)
[0;34m[INFO][0m Calendar check skipped (requires calendar integration)
/Users/clawdia/.openclaw/workspace/scripts/heartbeat-check.sh: line 116: [: too many arguments
[0;32m[SUCCESS][0m Daily checks completed
[0;34m[INFO][0m Outside quiet hours
[0;34m[INFO][0m === OpenClaw Heartbeat Check Started ===
[0;34m[INFO][0m Timestamp: Sat Feb 28 11:00:00 WAT 2026
[0;34m[INFO][0m Workspace: /Users/clawdia/.openclaw/workspace
[0;34m[INFO][0m HEARTBEAT.md file exists
[0;34m[INFO][0m Checking system health...
[0;34m[INFO][0m Disk usage: 36%
[0;34m[INFO][0m OpenClaw gateway check skipped (requires gateway monitoring)
[0;32m[SUCCESS][0m System health check completed
[0;34m[INFO][0m Checking urgent escalation triggers...
/Users/clawdia/.openclaw/workspace/scripts/heartbeat-check.sh: line 78: [: too many arguments
/Users/clawdia/.openclaw/workspace/scripts/heartbeat-check.sh: line 86: [: too many arguments
[0;32m[SUCCESS][0m No urgent escalation triggers found
[0;34m[INFO][0m Running daily checks...
[0;34m[INFO][0m Email triage check skipped (requires email client integration)
[0;34m[INFO][0m Calendar check skipped (requires calendar integration)
/Users/clawdia/.openclaw/workspace/scripts/heartbeat-check.sh: line 116: [: too many arguments
[0;32m[SUCCESS][0m Daily checks completed
[0;34m[INFO][0m Outside quiet hours
[0;34m[INFO][0m === OpenClaw Heartbeat Check Started ===
[0;34m[INFO][0m Timestamp: Sat Feb 28 11:30:00 WAT 2026
[0;34m[INFO][0m Workspace: /Users/clawdia/.openclaw/workspace
[0;34m[INFO][0m HEARTBEAT.md file exists
[0;34m[INFO][0m Checking system health...
[0;34m[INFO][0m Disk usage: 36%
[0;34m[INFO][0m OpenClaw gateway check skipped (requires gateway monitoring)
[0;32m[SUCCESS][0m System health check completed
[0;34m[INFO][0m Checking urgent escalation triggers...
/Users/clawdia/.openclaw/workspace/scripts/heartbeat-check.sh: line 78: [: too many arguments
/Users/clawdia/.openclaw/workspace/scripts/heartbeat-check.sh: line 86: [: too many arguments
[0;32m[SUCCESS][0m No urgent escalation triggers found
[0;34m[INFO][0m Running daily checks...
[0;34m[INFO][0m Email triage check skipped (requires email client integration)
[0;34m[INFO][0m Calendar check skipped (requires calendar integration)
/Users/clawdia/.openclaw/workspace/scripts/heartbeat-check.sh: line 116: [: too many arguments
[0;32m[SUCCESS][0m Daily checks completed
[0;34m[INFO][0m Outside quiet hours
[0;34m[INFO][0m === OpenClaw Heartbeat Check Started ===
[0;34m[INFO][0m Timestamp: Sat Feb 28 12:00:00 WAT 2026
[0;34m[INFO][0m Workspace: /Users/clawdia/.openclaw/workspace
[0;34m[INFO][0m HEARTBEAT.md file exists
[0;34m[INFO][0m Checking system health...
[0;34m[INFO][0m Disk usage: 36%
[0;34m[INFO][0m OpenClaw gateway check skipped (requires gateway monitoring)
[0;32m[SUCCESS][0m System health check completed
[0;34m[INFO][0m Checking urgent escalation triggers...
/Users/clawdia/.openclaw/workspace/scripts/heartbeat-check.sh: line 78: [: too many arguments
/Users/clawdia/.openclaw/workspace/scripts/heartbeat-check.sh: line 86: [: too many arguments
[0;32m[SUCCESS][0m No urgent escalation triggers found
[0;34m[INFO][0m Running daily checks...
[0;34m[INFO][0m Email triage check skipped (requires email client integration)
[0;34m[INFO][0m Calendar check skipped (requires calendar integration)
/Users/clawdia/.openclaw/workspace/scripts/heartbeat-check.sh: line 116: [: too many arguments
[0;32m[SUCCESS][0m Daily checks completed
[0;34m[INFO][0m Outside quiet hours
[0;34m[INFO][0m === OpenClaw Heartbeat Check Started ===
[0;34m[INFO][0m Timestamp: Sat Feb 28 12:30:00 WAT 2026
[0;34m[INFO][0m Workspace: /Users/clawdia/.openclaw/workspace
[0;34m[INFO][0m HEARTBEAT.md file exists
[0;34m[INFO][0m Checking system health...
[0;34m[INFO][0m Disk usage: 36%
[0;34m[INFO][0m OpenClaw gateway check skipped (requires gateway monitoring)
[0;32m[SUCCESS][0m System health check completed
[0;34m[INFO][0m Checking urgent escalation triggers...
/Users/clawdia/.openclaw/workspace/scripts/heartbeat-check.sh: line 78: [: too many arguments
/Users/clawdia/.openclaw/workspace/scripts/heartbeat-check.sh: line 86: [: too many arguments
[0;32m[SUCCESS][0m No urgent escalation triggers found
[0;34m[INFO][0m Running daily checks...
[0;34m[INFO][0m Email triage check skipped (requires email client integration)
[0;34m[INFO][0m Calendar check skipped (requires calendar integration)
/Users/clawdia/.openclaw/workspace/scripts/heartbeat-check.sh: line 116: [: too many arguments
[0;32m[SUCCESS][0m Daily checks completed
[0;34m[INFO][0m Outside quiet hours
[0;34m[INFO][0m === OpenClaw Heartbeat Check Started ===
[0;34m[INFO][0m Timestamp: Sat Feb 28 13:00:00 WAT 2026
[0;34m[INFO][0m Workspace: /Users/clawdia/.openclaw/workspace
[0;34m[INFO][0m HEARTBEAT.md file exists
[0;34m[INFO][0m Checking system health...
[0;34m[INFO][0m Disk usage: 36%
[0;34m[INFO][0m OpenClaw gateway check skipped (requires gateway monitoring)
[0;32m[SUCCESS][0m System health check completed
[0;34m[INFO][0m Checking urgent escalation triggers...
/Users/clawdia/.openclaw/workspace/scripts/heartbeat-check.sh: line 78: [: too many arguments
/Users/clawdia/.openclaw/workspace/scripts/heartbeat-check.sh: line 86: [: too many arguments
[0;32m[SUCCESS][0m No urgent escalation triggers found
[0;34m[INFO][0m Running daily checks...
[0;34m[INFO][0m Email triage check skipped (requires email client integration)
[0;34m[INFO][0m Calendar check skipped (requires calendar integration)
/Users/clawdia/.openclaw/workspace/scripts/heartbeat-check.sh: line 116: [: too many arguments
[0;32m[SUCCESS][0m Daily checks completed
[0;34m[INFO][0m Outside quiet hours
[0;34m[INFO][0m === OpenClaw Heartbeat Check Started ===
[0;34m[INFO][0m Timestamp: Sat Feb 28 13:30:00 WAT 2026
[0;34m[INFO][0m Workspace: /Users/clawdia/.openclaw/workspace
[0;34m[INFO][0m HEARTBEAT.md file exists
[0;34m[INFO][0m Checking system health...
[0;34m[INFO][0m Disk usage: 36%
[0;34m[INFO][0m OpenClaw gateway check skipped (requires gateway monitoring)
[0;32m[SUCCESS][0m System health check completed
[0;34m[INFO][0m Checking urgent escalation triggers...
/Users/clawdia/.openclaw/workspace/scripts/heartbeat-check.sh: line 78: [: too many arguments
/Users/clawdia/.openclaw/workspace/scripts/heartbeat-check.sh: line 86: [: too many arguments
[0;32m[SUCCESS][0m No urgent escalation triggers found
[0;34m[INFO][0m Running daily checks...
[0;34m[INFO][0m Email triage check skipped (requires email client integration)
[0;34m[INFO][0m Calendar check skipped (requires calendar integration)
/Users/clawdia/.openclaw/workspace/scripts/heartbeat-check.sh: line 116: [: too many arguments
[0;32m[SUCCESS][0m Daily checks completed
[0;34m[INFO][0m Outside quiet hours
[0;34m[INFO][0m === OpenClaw Heartbeat Check Started ===
[0;34m[INFO][0m Timestamp: Sat Feb 28 14:00:01 WAT 2026
[0;34m[INFO][0m Workspace: /Users/clawdia/.openclaw/workspace
[0;34m[INFO][0m HEARTBEAT.md file exists
[0;34m[INFO][0m Checking system health...
[0;34m[INFO][0m Disk usage: 36%
[0;34m[INFO][0m OpenClaw gateway check skipped (requires gateway monitoring)
[0;32m[SUCCESS][0m System health check completed
[0;34m[INFO][0m Checking urgent escalation triggers...
/Users/clawdia/.openclaw/workspace/scripts/heartbeat-check.sh: line 78: [: too many arguments
/Users/clawdia/.openclaw/workspace/scripts/heartbeat-check.sh: line 86: [: too many arguments
[0;32m[SUCCESS][0m No urgent escalation triggers found
[0;34m[INFO][0m Running daily checks...
[0;34m[INFO][0m Email triage check skipped (requires email client integration)
[0;34m[INFO][0m Calendar check skipped (requires calendar integration)
/Users/clawdia/.openclaw/workspace/scripts/heartbeat-check.sh: line 116: [: too many arguments
[0;32m[SUCCESS][0m Daily checks completed
[0;34m[INFO][0m Outside quiet hours
[0;34m[INFO][0m === OpenClaw Heartbeat Check Started ===
[0;34m[INFO][0m Timestamp: Sat Feb 28 14:30:00 WAT 2026
[0;34m[INFO][0m Workspace: /Users/clawdia/.openclaw/workspace
[0;34m[INFO][0m HEARTBEAT.md file exists
[0;34m[INFO][0m Checking system health...
[0;34m[INFO][0m Disk usage: 36%
[0;34m[INFO][0m OpenClaw gateway check skipped (requires gateway monitoring)
[0;32m[SUCCESS][0m System health check completed
[0;34m[INFO][0m Checking urgent escalation triggers...
/Users/clawdia/.openclaw/workspace/scripts/heartbeat-check.sh: line 78: [: too many arguments
/Users/clawdia/.openclaw/workspace/scripts/heartbeat-check.sh: line 86: [: too many arguments
[0;32m[SUCCESS][0m No urgent escalation triggers found
[0;34m[INFO][0m Running daily checks...
[0;34m[INFO][0m Email triage check skipped (requires email client integration)
[0;34m[INFO][0m Calendar check skipped (requires calendar integration)
/Users/clawdia/.openclaw/workspace/scripts/heartbeat-check.sh: line 116: [: too many arguments
[0;32m[SUCCESS][0m Daily checks completed
[0;34m[INFO][0m Outside quiet hours
[0;34m[INFO][0m === OpenClaw Heartbeat Check Started ===
[0;34m[INFO][0m Timestamp: Sat Feb 28 15:00:00 WAT 2026
[0;34m[INFO][0m Workspace: /Users/clawdia/.openclaw/workspace
[0;34m[INFO][0m HEARTBEAT.md file exists
[0;34m[INFO][0m Checking system health...
[0;34m[INFO][0m Disk usage: 36%
[0;34m[INFO][0m OpenClaw gateway check skipped (requires gateway monitoring)
[0;32m[SUCCESS][0m System health check completed
[0;34m[INFO][0m Checking urgent escalation triggers...
/Users/clawdia/.openclaw/workspace/scripts/heartbeat-check.sh: line 78: [: too many arguments
/Users/clawdia/.openclaw/workspace/scripts/heartbeat-check.sh: line 86: [: too many arguments
[0;32m[SUCCESS][0m No urgent escalation triggers found
[0;34m[INFO][0m Running daily checks...
[0;34m[INFO][0m Email triage check skipped (requires email client integration)
[0;34m[INFO][0m Calendar check skipped (requires calendar integration)
/Users/clawdia/.openclaw/workspace/scripts/heartbeat-check.sh: line 116: [: too many arguments
[0;32m[SUCCESS][0m Daily checks completed
[0;34m[INFO][0m Outside quiet hours
[0;34m[INFO][0m === OpenClaw Heartbeat Check Started ===
[0;34m[INFO][0m Timestamp: Sat Feb 28 15:30:00 WAT 2026
[0;34m[INFO][0m Workspace: /Users/clawdia/.openclaw/workspace
[0;34m[INFO][0m HEARTBEAT.md file exists
[0;34m[INFO][0m Checking system health...
[0;34m[INFO][0m Disk usage: 36%
[0;34m[INFO][0m OpenClaw gateway check skipped (requires gateway monitoring)
[0;32m[SUCCESS][0m System health check completed
[0;34m[INFO][0m Checking urgent escalation triggers...
/Users/clawdia/.openclaw/workspace/scripts/heartbeat-check.sh: line 78: [: too many arguments
/Users/clawdia/.openclaw/workspace/scripts/heartbeat-check.sh: line 86: [: too many arguments
[0;32m[SUCCESS][0m No urgent escalation triggers found
[0;34m[INFO][0m Running daily checks...
[0;34m[INFO][0m Email triage check skipped (requires email client integration)
[0;34m[INFO][0m Calendar check skipped (requires calendar integration)
/Users/clawdia/.openclaw/workspace/scripts/heartbeat-check.sh: line 116: [: too many arguments
[0;32m[SUCCESS][0m Daily checks completed
[0;34m[INFO][0m Outside quiet hours
[0;34m[INFO][0m === OpenClaw Heartbeat Check Started ===
[0;34m[INFO][0m Timestamp: Sat Feb 28 16:00:00 WAT 2026
[0;34m[INFO][0m Workspace: /Users/clawdia/.openclaw/workspace
[0;34m[INFO][0m HEARTBEAT.md file exists
[0;34m[INFO][0m Checking system health...
[0;34m[INFO][0m Disk usage: 36%
[0;34m[INFO][0m OpenClaw gateway check skipped (requires gateway monitoring)
[0;32m[SUCCESS][0m System health check completed
[0;34m[INFO][0m Checking urgent escalation triggers...
/Users/clawdia/.openclaw/workspace/scripts/heartbeat-check.sh: line 78: [: too many arguments
/Users/clawdia/.openclaw/workspace/scripts/heartbeat-check.sh: line 86: [: too many arguments
[0;32m[SUCCESS][0m No urgent escalation triggers found
[0;34m[INFO][0m Running daily checks...
[0;34m[INFO][0m Email triage check skipped (requires email client integration)
[0;34m[INFO][0m Calendar check skipped (requires calendar integration)
/Users/clawdia/.openclaw/workspace/scripts/heartbeat-check.sh: line 116: [: too many arguments
[0;32m[SUCCESS][0m Daily checks completed
[0;34m[INFO][0m Outside quiet hours
[0;34m[INFO][0m === OpenClaw Heartbeat Check Started ===
[0;34m[INFO][0m Timestamp: Sat Feb 28 16:30:00 WAT 2026
[0;34m[INFO][0m Workspace: /Users/clawdia/.openclaw/workspace
[0;34m[INFO][0m HEARTBEAT.md file exists
[0;34m[INFO][0m Checking system health...
[0;34m[INFO][0m Disk usage: 36%
[0;34m[INFO][0m OpenClaw gateway check skipped (requires gateway monitoring)
[0;32m[SUCCESS][0m System health check completed
[0;34m[INFO][0m Checking urgent escalation triggers...
/Users/clawdia/.openclaw/workspace/scripts/heartbeat-check.sh: line 78: [: too many arguments
/Users/clawdia/.openclaw/workspace/scripts/heartbeat-check.sh: line 86: [: too many arguments
[0;32m[SUCCESS][0m No urgent escalation triggers found
[0;34m[INFO][0m Running daily checks...
[0;34m[INFO][0m Email triage check skipped (requires email client integration)
[0;34m[INFO][0m Calendar check skipped (requires calendar integration)
/Users/clawdia/.openclaw/workspace/scripts/heartbeat-check.sh: line 116: [: too many arguments
[0;32m[SUCCESS][0m Daily checks completed
[0;34m[INFO][0m Outside quiet hours
[0;34m[INFO][0m === OpenClaw Heartbeat Check Started ===
[0;34m[INFO][0m Timestamp: Sat Feb 28 17:00:00 WAT 2026
[0;34m[INFO][0m Workspace: /Users/clawdia/.openclaw/workspace
[0;34m[INFO][0m HEARTBEAT.md file exists
[0;34m[INFO][0m Checking system health...
[0;34m[INFO][0m Disk usage: 36%
[0;34m[INFO][0m OpenClaw gateway check skipped (requires gateway monitoring)
[0;32m[SUCCESS][0m System health check completed
[0;34m[INFO][0m Checking urgent escalation triggers...
/Users/clawdia/.openclaw/workspace/scripts/heartbeat-check.sh: line 78: [: too many arguments
/Users/clawdia/.openclaw/workspace/scripts/heartbeat-check.sh: line 86: [: too many arguments
[0;32m[SUCCESS][0m No urgent escalation triggers found
[0;34m[INFO][0m Running daily checks...
[0;34m[INFO][0m Email triage check skipped (requires email client integration)
[0;34m[INFO][0m Calendar check skipped (requires calendar integration)
/Users/clawdia/.openclaw/workspace/scripts/heartbeat-check.sh: line 116: [: too many arguments
[0;32m[SUCCESS][0m Daily checks completed
[0;34m[INFO][0m Outside quiet hours
[0;34m[INFO][0m === OpenClaw Heartbeat Check Started ===
[0;34m[INFO][0m Timestamp: Sat Feb 28 17:30:00 WAT 2026
[0;34m[INFO][0m Workspace: /Users/clawdia/.openclaw/workspace
[0;34m[INFO][0m HEARTBEAT.md file exists
[0;34m[INFO][0m Checking system health...
[0;34m[INFO][0m Disk usage: 36%
[0;34m[INFO][0m OpenClaw gateway check skipped (requires gateway monitoring)
[0;32m[SUCCESS][0m System health check completed
[0;34m[INFO][0m Checking urgent escalation triggers...
/Users/clawdia/.openclaw/workspace/scripts/heartbeat-check.sh: line 78: [: too many arguments
/Users/clawdia/.openclaw/workspace/scripts/heartbeat-check.sh: line 86: [: too many arguments
[0;32m[SUCCESS][0m No urgent escalation triggers found
[0;34m[INFO][0m Running daily checks...
[0;34m[INFO][0m Email triage check skipped (requires email client integration)
[0;34m[INFO][0m Calendar check skipped (requires calendar integration)
/Users/clawdia/.openclaw/workspace/scripts/heartbeat-check.sh: line 116: [: too many arguments
[0;32m[SUCCESS][0m Daily checks completed
[0;34m[INFO][0m Outside quiet hours
[0;34m[INFO][0m === OpenClaw Heartbeat Check Started ===
[0;34m[INFO][0m Timestamp: Sat Feb 28 18:00:01 WAT 2026
[0;34m[INFO][0m Workspace: /Users/clawdia/.openclaw/workspace
[0;34m[INFO][0m HEARTBEAT.md file exists
[0;34m[INFO][0m Checking system health...
[0;34m[INFO][0m Disk usage: 36%
[0;34m[INFO][0m OpenClaw gateway check skipped (requires gateway monitoring)
[0;32m[SUCCESS][0m System health check completed
[0;34m[INFO][0m Checking urgent escalation triggers...
/Users/clawdia/.openclaw/workspace/scripts/heartbeat-check.sh: line 78: [: too many arguments
/Users/clawdia/.openclaw/workspace/scripts/heartbeat-check.sh: line 86: [: too many arguments
[0;32m[SUCCESS][0m No urgent escalation triggers found
[0;34m[INFO][0m Running daily checks...
[0;34m[INFO][0m Email triage check skipped (requires email client integration)
[0;34m[INFO][0m Calendar check skipped (requires calendar integration)
/Users/clawdia/.openclaw/workspace/scripts/heartbeat-check.sh: line 116: [: too many arguments
[0;32m[SUCCESS][0m Daily checks completed
[0;34m[INFO][0m Outside quiet hours
[0;34m[INFO][0m === OpenClaw Heartbeat Check Started ===
[0;34m[INFO][0m Timestamp: Sat Feb 28 18:30:01 WAT 2026
[0;34m[INFO][0m Workspace: /Users/clawdia/.openclaw/workspace
[0;34m[INFO][0m HEARTBEAT.md file exists
[0;34m[INFO][0m Checking system health...
[0;34m[INFO][0m Disk usage: 36%
[0;34m[INFO][0m OpenClaw gateway check skipped (requires gateway monitoring)
[0;32m[SUCCESS][0m System health check completed
[0;34m[INFO][0m Checking urgent escalation triggers...
/Users/clawdia/.openclaw/workspace/scripts/heartbeat-check.sh: line 78: [: too many arguments
/Users/clawdia/.openclaw/workspace/scripts/heartbeat-check.sh: line 86: [: too many arguments
[0;32m[SUCCESS][0m No urgent escalation triggers found
[0;34m[INFO][0m Running daily checks...
[0;34m[INFO][0m Email triage check skipped (requires email client integration)
[0;34m[INFO][0m Calendar check skipped (requires calendar integration)
/Users/clawdia/.openclaw/workspace/scripts/heartbeat-check.sh: line 116: [: too many arguments
[0;32m[SUCCESS][0m Daily checks completed
[0;34m[INFO][0m Outside quiet hours
[0;34m[INFO][0m === OpenClaw Heartbeat Check Started ===
[0;34m[INFO][0m Timestamp: Sat Feb 28 19:00:00 WAT 2026
[0;34m[INFO][0m Workspace: /Users/clawdia/.openclaw/workspace
[0;34m[INFO][0m HEARTBEAT.md file exists
[0;34m[INFO][0m Checking system health...
[0;34m[INFO][0m Disk usage: 36%
[0;34m[INFO][0m OpenClaw gateway check skipped (requires gateway monitoring)
[0;32m[SUCCESS][0m System health check completed
[0;34m[INFO][0m Checking urgent escalation triggers...
/Users/clawdia/.openclaw/workspace/scripts/heartbeat-check.sh: line 78: [: too many arguments
/Users/clawdia/.openclaw/workspace/scripts/heartbeat-check.sh: line 86: [: too many arguments
[0;32m[SUCCESS][0m No urgent escalation triggers found
[0;34m[INFO][0m Running daily checks...
[0;34m[INFO][0m Email triage check skipped (requires email client integration)
[0;34m[INFO][0m Calendar check skipped (requires calendar integration)
/Users/clawdia/.openclaw/workspace/scripts/heartbeat-check.sh: line 116: [: too many arguments
[0;32m[SUCCESS][0m Daily checks completed
[0;34m[INFO][0m Outside quiet hours
[0;34m[INFO][0m === OpenClaw Heartbeat Check Started ===
[0;34m[INFO][0m Timestamp: Sat Feb 28 19:30:00 WAT 2026
[0;34m[INFO][0m Workspace: /Users/clawdia/.openclaw/workspace
[0;34m[INFO][0m HEARTBEAT.md file exists
[0;34m[INFO][0m Checking system health...
[0;34m[INFO][0m Disk usage: 36%
[0;34m[INFO][0m OpenClaw gateway check skipped (requires gateway monitoring)
[0;32m[SUCCESS][0m System health check completed
[0;34m[INFO][0m Checking urgent escalation triggers...
/Users/clawdia/.openclaw/workspace/scripts/heartbeat-check.sh: line 78: [: too many arguments
/Users/clawdia/.openclaw/workspace/scripts/heartbeat-check.sh: line 86: [: too many arguments
[0;32m[SUCCESS][0m No urgent escalation triggers found
[0;34m[INFO][0m Running daily checks...
[0;34m[INFO][0m Email triage check skipped (requires email client integration)
[0;34m[INFO][0m Calendar check skipped (requires calendar integration)
/Users/clawdia/.openclaw/workspace/scripts/heartbeat-check.sh: line 116: [: too many arguments
[0;32m[SUCCESS][0m Daily checks completed
[0;34m[INFO][0m Outside quiet hours
[0;34m[INFO][0m === OpenClaw Heartbeat Check Started ===
[0;34m[INFO][0m Timestamp: Sat Feb 28 20:00:01 WAT 2026
[0;34m[INFO][0m Workspace: /Users/clawdia/.openclaw/workspace
[0;34m[INFO][0m HEARTBEAT.md file exists
[0;34m[INFO][0m Checking system health...
[0;34m[INFO][0m Disk usage: 36%
[0;34m[INFO][0m OpenClaw gateway check skipped (requires gateway monitoring)
[0;32m[SUCCESS][0m System health check completed
[0;34m[INFO][0m Checking urgent escalation triggers...
/Users/clawdia/.openclaw/workspace/scripts/heartbeat-check.sh: line 78: [: too many arguments
/Users/clawdia/.openclaw/workspace/scripts/heartbeat-check.sh: line 86: [: too many arguments
[0;32m[SUCCESS][0m No urgent escalation triggers found
[0;34m[INFO][0m Running daily checks...
[0;34m[INFO][0m Email triage check skipped (requires email client integration)
[0;34m[INFO][0m Calendar check skipped (requires calendar integration)
/Users/clawdia/.openclaw/workspace/scripts/heartbeat-check.sh: line 116: [: too many arguments
[0;32m[SUCCESS][0m Daily checks completed
[0;34m[INFO][0m Outside quiet hours
[0;34m[INFO][0m === OpenClaw Heartbeat Check Started ===
[0;34m[INFO][0m Timestamp: Sat Feb 28 20:30:00 WAT 2026
[0;34m[INFO][0m Workspace: /Users/clawdia/.openclaw/workspace
[0;34m[INFO][0m HEARTBEAT.md file exists
[0;34m[INFO][0m Checking system health...
[0;34m[INFO][0m Disk usage: 36%
[0;34m[INFO][0m OpenClaw gateway check skipped (requires gateway monitoring)
[0;32m[SUCCESS][0m System health check completed
[0;34m[INFO][0m Checking urgent escalation triggers...
/Users/clawdia/.openclaw/workspace/scripts/heartbeat-check.sh: line 78: [: too many arguments
/Users/clawdia/.openclaw/workspace/scripts/heartbeat-check.sh: line 86: [: too many arguments
[0;32m[SUCCESS][0m No urgent escalation triggers found
[0;34m[INFO][0m Running daily checks...
[0;34m[INFO][0m Email triage check skipped (requires email client integration)
[0;34m[INFO][0m Calendar check skipped (requires calendar integration)
/Users/clawdia/.openclaw/workspace/scripts/heartbeat-check.sh: line 116: [: too many arguments
[0;32m[SUCCESS][0m Daily checks completed
[0;34m[INFO][0m Outside quiet hours
[0;34m[INFO][0m === OpenClaw Heartbeat Check Started ===
[0;34m[INFO][0m Timestamp: Sat Feb 28 21:00:00 WAT 2026
[0;34m[INFO][0m Workspace: /Users/clawdia/.openclaw/workspace
[0;34m[INFO][0m HEARTBEAT.md file exists
[0;34m[INFO][0m Checking system health...
[0;34m[INFO][0m Disk usage: 36%
[0;34m[INFO][0m OpenClaw gateway check skipped (requires gateway monitoring)
[0;32m[SUCCESS][0m System health check completed
[0;34m[INFO][0m Checking urgent escalation triggers...
/Users/clawdia/.openclaw/workspace/scripts/heartbeat-check.sh: line 78: [: too many arguments
/Users/clawdia/.openclaw/workspace/scripts/heartbeat-check.sh: line 86: [: too many arguments
[0;32m[SUCCESS][0m No urgent escalation triggers found
[0;34m[INFO][0m Running daily checks...
[0;34m[INFO][0m Email triage check skipped (requires email client integration)
[0;34m[INFO][0m Calendar check skipped (requires calendar integration)
/Users/clawdia/.openclaw/workspace/scripts/heartbeat-check.sh: line 116: [: too many arguments
[0;32m[SUCCESS][0m Daily checks completed
[0;34m[INFO][0m Outside quiet hours
[0;34m[INFO][0m === OpenClaw Heartbeat Check Started ===
[0;34m[INFO][0m Timestamp: Sat Feb 28 21:30:00 WAT 2026
[0;34m[INFO][0m Workspace: /Users/clawdia/.openclaw/workspace
[0;34m[INFO][0m HEARTBEAT.md file exists
[0;34m[INFO][0m Checking system health...
[0;34m[INFO][0m Disk usage: 36%
[0;34m[INFO][0m OpenClaw gateway check skipped (requires gateway monitoring)
[0;32m[SUCCESS][0m System health check completed
[0;34m[INFO][0m Checking urgent escalation triggers...
/Users/clawdia/.openclaw/workspace/scripts/heartbeat-check.sh: line 78: [: too many arguments
/Users/clawdia/.openclaw/workspace/scripts/heartbeat-check.sh: line 86: [: too many arguments
[0;32m[SUCCESS][0m No urgent escalation triggers found
[0;34m[INFO][0m Running daily checks...
[0;34m[INFO][0m Email triage check skipped (requires email client integration)
[0;34m[INFO][0m Calendar check skipped (requires calendar integration)
/Users/clawdia/.openclaw/workspace/scripts/heartbeat-check.sh: line 116: [: too many arguments
[0;32m[SUCCESS][0m Daily checks completed
[0;34m[INFO][0m Outside quiet hours
[0;34m[INFO][0m === OpenClaw Heartbeat Check Started ===
[0;34m[INFO][0m Timestamp: Sat Feb 28 22:00:00 WAT 2026
[0;34m[INFO][0m Workspace: /Users/clawdia/.openclaw/workspace
[0;34m[INFO][0m HEARTBEAT.md file exists
[0;34m[INFO][0m Checking system health...
[0;34m[INFO][0m Disk usage: 36%
[0;34m[INFO][0m OpenClaw gateway check skipped (requires gateway monitoring)
[0;32m[SUCCESS][0m System health check completed
[0;34m[INFO][0m Checking urgent escalation triggers...
/Users/clawdia/.openclaw/workspace/scripts/heartbeat-check.sh: line 78: [: too many arguments
/Users/clawdia/.openclaw/workspace/scripts/heartbeat-check.sh: line 86: [: too many arguments
[0;32m[SUCCESS][0m No urgent escalation triggers found
[0;34m[INFO][0m Running daily checks...
[0;34m[INFO][0m Email triage check skipped (requires email client integration)
[0;34m[INFO][0m Calendar check skipped (requires calendar integration)
/Users/clawdia/.openclaw/workspace/scripts/heartbeat-check.sh: line 116: [: too many arguments
[0;32m[SUCCESS][0m Daily checks completed
[0;34m[INFO][0m Outside quiet hours
[0;34m[INFO][0m === OpenClaw Heartbeat Check Started ===
[0;34m[INFO][0m Timestamp: Sat Feb 28 22:30:00 WAT 2026
[0;34m[INFO][0m Workspace: /Users/clawdia/.openclaw/workspace
[0;34m[INFO][0m HEARTBEAT.md file exists
[0;34m[INFO][0m Checking system health...
[0;34m[INFO][0m Disk usage: 36%
[0;34m[INFO][0m OpenClaw gateway check skipped (requires gateway monitoring)
[0;32m[SUCCESS][0m System health check completed
[0;34m[INFO][0m Checking urgent escalation triggers...
/Users/clawdia/.openclaw/workspace/scripts/heartbeat-check.sh: line 78: [: too many arguments
/Users/clawdia/.openclaw/workspace/scripts/heartbeat-check.sh: line 86: [: too many arguments
[0;32m[SUCCESS][0m No urgent escalation triggers found
[0;34m[INFO][0m Running daily checks...
[0;34m[INFO][0m Email triage check skipped (requires email client integration)
[0;34m[INFO][0m Calendar check skipped (requires calendar integration)
/Users/clawdia/.openclaw/workspace/scripts/heartbeat-check.sh: line 116: [: too many arguments
[0;32m[SUCCESS][0m Daily checks completed
[0;34m[INFO][0m Outside quiet hours
[0;34m[INFO][0m === OpenClaw Heartbeat Check Started ===
[0;34m[INFO][0m Timestamp: Sat Feb 28 23:00:00 WAT 2026
[0;34m[INFO][0m Workspace: /Users/clawdia/.openclaw/workspace
[0;34m[INFO][0m HEARTBEAT.md file exists
[0;34m[INFO][0m Checking system health...
[0;34m[INFO][0m Disk usage: 36%
[0;34m[INFO][0m OpenClaw gateway check skipped (requires gateway monitoring)
[0;32m[SUCCESS][0m System health check completed
[0;34m[INFO][0m Checking urgent escalation triggers...
/Users/clawdia/.openclaw/workspace/scripts/heartbeat-check.sh: line 78: [: too many arguments
/Users/clawdia/.openclaw/workspace/scripts/heartbeat-check.sh: line 86: [: too many arguments
[0;32m[SUCCESS][0m No urgent escalation triggers found
[0;34m[INFO][0m Running daily checks...
[0;34m[INFO][0m Email triage check skipped (requires email client integration)
[0;34m[INFO][0m Calendar check skipped (requires calendar integration)
/Users/clawdia/.openclaw/workspace/scripts/heartbeat-check.sh: line 116: [: too many arguments
[0;32m[SUCCESS][0m Daily checks completed
[0;34m[INFO][0m Currently in quiet hours (23:00-08:00)
[0;34m[INFO][0m Checking HEARTBEAT_OK conditions...
/Users/clawdia/.openclaw/workspace/scripts/heartbeat-check.sh: line 78: [: too many arguments
/Users/clawdia/.openclaw/workspace/scripts/heartbeat-check.sh: line 86: [: too many arguments
[0;34m[INFO][0m Blocked tasks check skipped (requires task system integration)
[0;34m[INFO][0m Deadline risks check skipped (requires deadline tracking)
[0;34m[INFO][0m Meeting prep check skipped (requires calendar integration)
[0;34m[INFO][0m Thread resolution check skipped (requires communication integration)
[0;32m[SUCCESS][0m HEARTBEAT_OK conditions met
HEARTBEAT_OK
[0;34m[INFO][0m Checking recent alerts...
[0;34m[INFO][0m No alert file found
[0;34m[INFO][0m Cleaning up old logs...
[0;32m[SUCCESS][0m Old logs cleaned up
[0;34m[INFO][0m === OpenClaw Heartbeat Check Completed ===
/Users/clawdia/.openclaw/workspace/scripts/heartbeat-check.sh: line 277: /Users/clawdia/.openclaw/workspace/logs/alerts-20260228.log: No such file or directory
[0;34m[INFO][0m Log file: /Users/clawdia/.openclaw/workspace/logs/heartbeat-20260228.log (     954 lines)
[0;34m[INFO][0m Alert file: /Users/clawdia/.openclaw/workspace/logs/alerts-20260228.log (0 lines)
[0;34m[INFO][0m === OpenClaw Heartbeat Check Started ===
[0;34m[INFO][0m Timestamp: Sat Feb 28 23:30:00 WAT 2026
[0;34m[INFO][0m Workspace: /Users/clawdia/.openclaw/workspace
[0;34m[INFO][0m HEARTBEAT.md file exists
[0;34m[INFO][0m Checking system health...
[0;34m[INFO][0m Disk usage: 36%
[0;34m[INFO][0m OpenClaw gateway check skipped (requires gateway monitoring)
[0;32m[SUCCESS][0m System health check completed
[0;34m[INFO][0m Checking urgent escalation triggers...
/Users/clawdia/.openclaw/workspace/scripts/heartbeat-check.sh: line 78: [: too many arguments
/Users/clawdia/.openclaw/workspace/scripts/heartbeat-check.sh: line 86: [: too many arguments
[0;32m[SUCCESS][0m No urgent escalation triggers found
[0;34m[INFO][0m Running daily checks...
[0;34m[INFO][0m Email triage check skipped (requires email client integration)
[0;34m[INFO][0m Calendar check skipped (requires calendar integration)
/Users/clawdia/.openclaw/workspace/scripts/heartbeat-check.sh: line 116: [: too many arguments
[0;32m[SUCCESS][0m Daily checks completed
[0;34m[INFO][0m Currently in quiet hours (23:00-08:00)
[0;34m[INFO][0m Checking HEARTBEAT_OK conditions...
/Users/clawdia/.openclaw/workspace/scripts/heartbeat-check.sh: line 78: [: too many arguments
/Users/clawdia/.openclaw/workspace/scripts/heartbeat-check.sh: line 86: [: too many arguments
[0;34m[INFO][0m Blocked tasks check skipped (requires task system integration)
[0;34m[INFO][0m Deadline risks check skipped (requires deadline tracking)
[0;34m[INFO][0m Meeting prep check skipped (requires calendar integration)
[0;34m[INFO][0m Thread resolution check skipped (requires communication integration)
[0;32m[SUCCESS][0m HEARTBEAT_OK conditions met
HEARTBEAT_OK
[0;34m[INFO][0m Checking recent alerts...
[0;34m[INFO][0m No alert file found
[0;34m[INFO][0m Cleaning up old logs...
[0;32m[SUCCESS][0m Old logs cleaned up
[0;34m[INFO][0m === OpenClaw Heartbeat Check Completed ===
/Users/clawdia/.openclaw/workspace/scripts/heartbeat-check.sh: line 277: /Users/clawdia/.openclaw/workspace/logs/alerts-20260228.log: No such file or directory
[0;34m[INFO][0m Log file: /Users/clawdia/.openclaw/workspace/logs/heartbeat-20260228.log (     984 lines)
[0;34m[INFO][0m Alert file: /Users/clawdia/.openclaw/workspace/logs/alerts-20260228.log (0 lines)
[0;34m[INFO][0m === OpenClaw Heartbeat Check Started ===
[0;34m[INFO][0m Timestamp: Sun Mar  1 00:00:00 WAT 2026
[0;34m[INFO][0m Workspace: /Users/clawdia/.openclaw/workspace
[0;34m[INFO][0m HEARTBEAT.md file exists
[0;34m[INFO][0m Checking system health...
[0;34m[INFO][0m Disk usage: 36%
[0;34m[INFO][0m OpenClaw gateway check skipped (requires gateway monitoring)
[0;32m[SUCCESS][0m System health check completed
[0;34m[INFO][0m Checking urgent escalation triggers...
/Users/clawdia/.openclaw/workspace/scripts/heartbeat-check.sh: line 78: [: too many arguments
/Users/clawdia/.openclaw/workspace/scripts/heartbeat-check.sh: line 86: [: too many arguments
[0;32m[SUCCESS][0m No urgent escalation triggers found
[0;34m[INFO][0m Running daily checks...
[0;34m[INFO][0m Email triage check skipped (requires email client integration)
[0;34m[INFO][0m Calendar check skipped (requires calendar integration)
/Users/clawdia/.openclaw/workspace/scripts/heartbeat-check.sh: line 116: [: too many arguments
[0;32m[SUCCESS][0m Daily checks completed
[0;34m[INFO][0m Currently in quiet hours (23:00-08:00)
[0;34m[INFO][0m Checking HEARTBEAT_OK conditions...
/Users/clawdia/.openclaw/workspace/scripts/heartbeat-check.sh: line 78: [: too many arguments
/Users/clawdia/.openclaw/workspace/scripts/heartbeat-check.sh: line 86: [: too many arguments
[0;34m[INFO][0m Blocked tasks check skipped (requires task system integration)
[0;34m[INFO][0m Deadline risks check skipped (requires deadline tracking)
[0;34m[INFO][0m Meeting prep check skipped (requires calendar integration)
[0;34m[INFO][0m Thread resolution check skipped (requires communication integration)
[0;32m[SUCCESS][0m HEARTBEAT_OK conditions met
HEARTBEAT_OK
[0;34m[INFO][0m Checking recent alerts...
[0;34m[INFO][0m No alert file found
[0;34m[INFO][0m Cleaning up old logs...
[0;32m[SUCCESS][0m Old logs cleaned up
[0;34m[INFO][0m === OpenClaw Heartbeat Check Completed ===
/Users/clawdia/.openclaw/workspace/scripts/heartbeat-check.sh: line 277: /Users/clawdia/.openclaw/workspace/logs/alerts-20260301.log: No such file or directory
[0;34m[INFO][0m Log file: /Users/clawdia/.openclaw/workspace/logs/heartbeat-20260301.log (      28 lines)
[0;34m[INFO][0m Alert file: /Users/clawdia/.openclaw/workspace/logs/alerts-20260301.log (0 lines)
[0;34m[INFO][0m === OpenClaw Heartbeat Check Started ===
[0;34m[INFO][0m Timestamp: Sun Mar  1 00:30:00 WAT 2026
[0;34m[INFO][0m Workspace: /Users/clawdia/.openclaw/workspace
[0;34m[INFO][0m HEARTBEAT.md file exists
[0;34m[INFO][0m Checking system health...
[0;34m[INFO][0m Disk usage: 36%
[0;34m[INFO][0m OpenClaw gateway check skipped (requires gateway monitoring)
[0;32m[SUCCESS][0m System health check completed
[0;34m[INFO][0m Checking urgent escalation triggers...
/Users/clawdia/.openclaw/workspace/scripts/heartbeat-check.sh: line 78: [: too many arguments
/Users/clawdia/.openclaw/workspace/scripts/heartbeat-check.sh: line 86: [: too many arguments
[0;32m[SUCCESS][0m No urgent escalation triggers found
[0;34m[INFO][0m Running daily checks...
[0;34m[INFO][0m Email triage check skipped (requires email client integration)
[0;34m[INFO][0m Calendar check skipped (requires calendar integration)
/Users/clawdia/.openclaw/workspace/scripts/heartbeat-check.sh: line 116: [: too many arguments
[0;32m[SUCCESS][0m Daily checks completed
[0;34m[INFO][0m Currently in quiet hours (23:00-08:00)
[0;34m[INFO][0m Checking HEARTBEAT_OK conditions...
/Users/clawdia/.openclaw/workspace/scripts/heartbeat-check.sh: line 78: [: too many arguments
/Users/clawdia/.openclaw/workspace/scripts/heartbeat-check.sh: line 86: [: too many arguments
[0;34m[INFO][0m Blocked tasks check skipped (requires task system integration)
[0;34m[INFO][0m Deadline risks check skipped (requires deadline tracking)
[0;34m[INFO][0m Meeting prep check skipped (requires calendar integration)
[0;34m[INFO][0m Thread resolution check skipped (requires communication integration)
[0;32m[SUCCESS][0m HEARTBEAT_OK conditions met
HEARTBEAT_OK
[0;34m[INFO][0m Checking recent alerts...
[0;34m[INFO][0m No alert file found
[0;34m[INFO][0m Cleaning up old logs...
[0;32m[SUCCESS][0m Old logs cleaned up
[0;34m[INFO][0m === OpenClaw Heartbeat Check Completed ===
/Users/clawdia/.openclaw/workspace/scripts/heartbeat-check.sh: line 277: /Users/clawdia/.openclaw/workspace/logs/alerts-20260301.log: No such file or directory
[0;34m[INFO][0m Log file: /Users/clawdia/.openclaw/workspace/logs/heartbeat-20260301.log (      58 lines)
[0;34m[INFO][0m Alert file: /Users/clawdia/.openclaw/workspace/logs/alerts-20260301.log (0 lines)
[0;34m[INFO][0m === OpenClaw Heartbeat Check Started ===
[0;34m[INFO][0m Timestamp: Sun Mar  1 01:00:00 WAT 2026
[0;34m[INFO][0m Workspace: /Users/clawdia/.openclaw/workspace
[0;34m[INFO][0m HEARTBEAT.md file exists
[0;34m[INFO][0m Checking system health...
[0;34m[INFO][0m Disk usage: 36%
[0;34m[INFO][0m OpenClaw gateway check skipped (requires gateway monitoring)
[0;32m[SUCCESS][0m System health check completed
[0;34m[INFO][0m Checking urgent escalation triggers...
/Users/clawdia/.openclaw/workspace/scripts/heartbeat-check.sh: line 78: [: too many arguments
/Users/clawdia/.openclaw/workspace/scripts/heartbeat-check.sh: line 86: [: too many arguments
[0;32m[SUCCESS][0m No urgent escalation triggers found
[0;34m[INFO][0m Running daily checks...
[0;34m[INFO][0m Email triage check skipped (requires email client integration)
[0;34m[INFO][0m Calendar check skipped (requires calendar integration)
/Users/clawdia/.openclaw/workspace/scripts/heartbeat-check.sh: line 116: [: too many arguments
[0;32m[SUCCESS][0m Daily checks completed
[0;34m[INFO][0m Currently in quiet hours (23:00-08:00)
[0;34m[INFO][0m Checking HEARTBEAT_OK conditions...
/Users/clawdia/.openclaw/workspace/scripts/heartbeat-check.sh: line 78: [: too many arguments
/Users/clawdia/.openclaw/workspace/scripts/heartbeat-check.sh: line 86: [: too many arguments
[0;34m[INFO][0m Blocked tasks check skipped (requires task system integration)
[0;34m[INFO][0m Deadline risks check skipped (requires deadline tracking)
[0;34m[INFO][0m Meeting prep check skipped (requires calendar integration)
[0;34m[INFO][0m Thread resolution check skipped (requires communication integration)
[0;32m[SUCCESS][0m HEARTBEAT_OK conditions met
HEARTBEAT_OK
[0;34m[INFO][0m Checking recent alerts...
[0;34m[INFO][0m No alert file found
[0;34m[INFO][0m Cleaning up old logs...
[0;32m[SUCCESS][0m Old logs cleaned up
[0;34m[INFO][0m === OpenClaw Heartbeat Check Completed ===
/Users/clawdia/.openclaw/workspace/scripts/heartbeat-check.sh: line 277: /Users/clawdia/.openclaw/workspace/logs/alerts-20260301.log: No such file or directory
[0;34m[INFO][0m Log file: /Users/clawdia/.openclaw/workspace/logs/heartbeat-20260301.log (      88 lines)
[0;34m[INFO][0m Alert file: /Users/clawdia/.openclaw/workspace/logs/alerts-20260301.log (0 lines)
[0;34m[INFO][0m === OpenClaw Heartbeat Check Started ===
[0;34m[INFO][0m Timestamp: Sun Mar  1 01:30:01 WAT 2026
[0;34m[INFO][0m Workspace: /Users/clawdia/.openclaw/workspace
[0;34m[INFO][0m HEARTBEAT.md file exists
[0;34m[INFO][0m Checking system health...
[0;34m[INFO][0m Disk usage: 36%
[0;34m[INFO][0m OpenClaw gateway check skipped (requires gateway monitoring)
[0;32m[SUCCESS][0m System health check completed
[0;34m[INFO][0m Checking urgent escalation triggers...
/Users/clawdia/.openclaw/workspace/scripts/heartbeat-check.sh: line 78: [: too many arguments
/Users/clawdia/.openclaw/workspace/scripts/heartbeat-check.sh: line 86: [: too many arguments
[0;32m[SUCCESS][0m No urgent escalation triggers found
[0;34m[INFO][0m Running daily checks...
[0;34m[INFO][0m Email triage check skipped (requires email client integration)
[0;34m[INFO][0m Calendar check skipped (requires calendar integration)
/Users/clawdia/.openclaw/workspace/scripts/heartbeat-check.sh: line 116: [: too many arguments
[0;32m[SUCCESS][0m Daily checks completed
[0;34m[INFO][0m Currently in quiet hours (23:00-08:00)
[0;34m[INFO][0m Checking HEARTBEAT_OK conditions...
/Users/clawdia/.openclaw/workspace/scripts/heartbeat-check.sh: line 78: [: too many arguments
/Users/clawdia/.openclaw/workspace/scripts/heartbeat-check.sh: line 86: [: too many arguments
[0;34m[INFO][0m Blocked tasks check skipped (requires task system integration)
[0;34m[INFO][0m Deadline risks check skipped (requires deadline tracking)
[0;34m[INFO][0m Meeting prep check skipped (requires calendar integration)
[0;34m[INFO][0m Thread resolution check skipped (requires communication integration)
[0;32m[SUCCESS][0m HEARTBEAT_OK conditions met
HEARTBEAT_OK
[0;34m[INFO][0m Checking recent alerts...
[0;34m[INFO][0m No alert file found
[0;34m[INFO][0m Cleaning up old logs...
[0;32m[SUCCESS][0m Old logs cleaned up
[0;34m[INFO][0m === OpenClaw Heartbeat Check Completed ===
/Users/clawdia/.openclaw/workspace/scripts/heartbeat-check.sh: line 277: /Users/clawdia/.openclaw/workspace/logs/alerts-20260301.log: No such file or directory
[0;34m[INFO][0m Log file: /Users/clawdia/.openclaw/workspace/logs/heartbeat-20260301.log (     118 lines)
[0;34m[INFO][0m Alert file: /Users/clawdia/.openclaw/workspace/logs/alerts-20260301.log (0 lines)
[0;34m[INFO][0m === OpenClaw Heartbeat Check Started ===
[0;34m[INFO][0m Timestamp: Sun Mar  1 02:00:00 WAT 2026
[0;34m[INFO][0m Workspace: /Users/clawdia/.openclaw/workspace
[0;34m[INFO][0m HEARTBEAT.md file exists
[0;34m[INFO][0m Checking system health...
[0;34m[INFO][0m Disk usage: 36%
[0;34m[INFO][0m OpenClaw gateway check skipped (requires gateway monitoring)
[0;32m[SUCCESS][0m System health check completed
[0;34m[INFO][0m Checking urgent escalation triggers...
/Users/clawdia/.openclaw/workspace/scripts/heartbeat-check.sh: line 78: [: too many arguments
/Users/clawdia/.openclaw/workspace/scripts/heartbeat-check.sh: line 86: [: too many arguments
[0;32m[SUCCESS][0m No urgent escalation triggers found
[0;34m[INFO][0m Running daily checks...
[0;34m[INFO][0m Email triage check skipped (requires email client integration)
[0;34m[INFO][0m Calendar check skipped (requires calendar integration)
/Users/clawdia/.openclaw/workspace/scripts/heartbeat-check.sh: line 116: [: too many arguments
[0;32m[SUCCESS][0m Daily checks completed
[0;34m[INFO][0m Currently in quiet hours (23:00-08:00)
[0;34m[INFO][0m Checking HEARTBEAT_OK conditions...
/Users/clawdia/.openclaw/workspace/scripts/heartbeat-check.sh: line 78: [: too many arguments
/Users/clawdia/.openclaw/workspace/scripts/heartbeat-check.sh: line 86: [: too many arguments
[0;34m[INFO][0m Blocked tasks check skipped (requires task system integration)
[0;34m[INFO][0m Deadline risks check skipped (requires deadline tracking)
[0;34m[INFO][0m Meeting prep check skipped (requires calendar integration)
[0;34m[INFO][0m Thread resolution check skipped (requires communication integration)
[0;32m[SUCCESS][0m HEARTBEAT_OK conditions met
HEARTBEAT_OK
[0;34m[INFO][0m Checking recent alerts...
[0;34m[INFO][0m No alert file found
[0;34m[INFO][0m Cleaning up old logs...
[0;32m[SUCCESS][0m Old logs cleaned up
[0;34m[INFO][0m === OpenClaw Heartbeat Check Completed ===
/Users/clawdia/.openclaw/workspace/scripts/heartbeat-check.sh: line 277: /Users/clawdia/.openclaw/workspace/logs/alerts-20260301.log: No such file or directory
[0;34m[INFO][0m Log file: /Users/clawdia/.openclaw/workspace/logs/heartbeat-20260301.log (     148 lines)
[0;34m[INFO][0m Alert file: /Users/clawdia/.openclaw/workspace/logs/alerts-20260301.log (0 lines)
[0;34m[INFO][0m === OpenClaw Heartbeat Check Started ===
[0;34m[INFO][0m Timestamp: Sun Mar  1 02:30:00 WAT 2026
[0;34m[INFO][0m Workspace: /Users/clawdia/.openclaw/workspace
[0;34m[INFO][0m HEARTBEAT.md file exists
[0;34m[INFO][0m Checking system health...
[0;34m[INFO][0m Disk usage: 37%
[0;34m[INFO][0m OpenClaw gateway check skipped (requires gateway monitoring)
[0;32m[SUCCESS][0m System health check completed
[0;34m[INFO][0m Checking urgent escalation triggers...
/Users/clawdia/.openclaw/workspace/scripts/heartbeat-check.sh: line 78: [: too many arguments
/Users/clawdia/.openclaw/workspace/scripts/heartbeat-check.sh: line 86: [: too many arguments
[0;32m[SUCCESS][0m No urgent escalation triggers found
[0;34m[INFO][0m Running daily checks...
[0;34m[INFO][0m Email triage check skipped (requires email client integration)
[0;34m[INFO][0m Calendar check skipped (requires calendar integration)
/Users/clawdia/.openclaw/workspace/scripts/heartbeat-check.sh: line 116: [: too many arguments
[0;32m[SUCCESS][0m Daily checks completed
[0;34m[INFO][0m Currently in quiet hours (23:00-08:00)
[0;34m[INFO][0m Checking HEARTBEAT_OK conditions...
/Users/clawdia/.openclaw/workspace/scripts/heartbeat-check.sh: line 78: [: too many arguments
/Users/clawdia/.openclaw/workspace/scripts/heartbeat-check.sh: line 86: [: too many arguments
[0;34m[INFO][0m Blocked tasks check skipped (requires task system integration)
[0;34m[INFO][0m Deadline risks check skipped (requires deadline tracking)
[0;34m[INFO][0m Meeting prep check skipped (requires calendar integration)
[0;34m[INFO][0m Thread resolution check skipped (requires communication integration)
[0;32m[SUCCESS][0m HEARTBEAT_OK conditions met
HEARTBEAT_OK
[0;34m[INFO][0m Checking recent alerts...
[0;34m[INFO][0m No alert file found
[0;34m[INFO][0m Cleaning up old logs...
[0;32m[SUCCESS][0m Old logs cleaned up
[0;34m[INFO][0m === OpenClaw Heartbeat Check Completed ===
/Users/clawdia/.openclaw/workspace/scripts/heartbeat-check.sh: line 277: /Users/clawdia/.openclaw/workspace/logs/alerts-20260301.log: No such file or directory
[0;34m[INFO][0m Log file: /Users/clawdia/.openclaw/workspace/logs/heartbeat-20260301.log (     178 lines)
[0;34m[INFO][0m Alert file: /Users/clawdia/.openclaw/workspace/logs/alerts-20260301.log (0 lines)
[0;34m[INFO][0m === OpenClaw Heartbeat Check Started ===
[0;34m[INFO][0m Timestamp: Sun Mar  1 03:00:00 WAT 2026
[0;34m[INFO][0m Workspace: /Users/clawdia/.openclaw/workspace
[0;34m[INFO][0m HEARTBEAT.md file exists
[0;34m[INFO][0m Checking system health...
[0;34m[INFO][0m Disk usage: 36%
[0;34m[INFO][0m OpenClaw gateway check skipped (requires gateway monitoring)
[0;32m[SUCCESS][0m System health check completed
[0;34m[INFO][0m Checking urgent escalation triggers...
/Users/clawdia/.openclaw/workspace/scripts/heartbeat-check.sh: line 78: [: too many arguments
/Users/clawdia/.openclaw/workspace/scripts/heartbeat-check.sh: line 86: [: too many arguments
[0;32m[SUCCESS][0m No urgent escalation triggers found
[0;34m[INFO][0m Running daily checks...
[0;34m[INFO][0m Email triage check skipped (requires email client integration)
[0;34m[INFO][0m Calendar check skipped (requires calendar integration)
/Users/clawdia/.openclaw/workspace/scripts/heartbeat-check.sh: line 116: [: too many arguments
[0;32m[SUCCESS][0m Daily checks completed
[0;34m[INFO][0m Currently in quiet hours (23:00-08:00)
[0;34m[INFO][0m Checking HEARTBEAT_OK conditions...
/Users/clawdia/.openclaw/workspace/scripts/heartbeat-check.sh: line 78: [: too many arguments
/Users/clawdia/.openclaw/workspace/scripts/heartbeat-check.sh: line 86: [: too many arguments
[0;34m[INFO][0m Blocked tasks check skipped (requires task system integration)
[0;34m[INFO][0m Deadline risks check skipped (requires deadline tracking)
[0;34m[INFO][0m Meeting prep check skipped (requires calendar integration)
[0;34m[INFO][0m Thread resolution check skipped (requires communication integration)
[0;32m[SUCCESS][0m HEARTBEAT_OK conditions met
HEARTBEAT_OK
[0;34m[INFO][0m Checking recent alerts...
[0;34m[INFO][0m No alert file found
[0;34m[INFO][0m Cleaning up old logs...
[0;32m[SUCCESS][0m Old logs cleaned up
[0;34m[INFO][0m === OpenClaw Heartbeat Check Completed ===
/Users/clawdia/.openclaw/workspace/scripts/heartbeat-check.sh: line 277: /Users/clawdia/.openclaw/workspace/logs/alerts-20260301.log: No such file or directory
[0;34m[INFO][0m Log file: /Users/clawdia/.openclaw/workspace/logs/heartbeat-20260301.log (     208 lines)
[0;34m[INFO][0m Alert file: /Users/clawdia/.openclaw/workspace/logs/alerts-20260301.log (0 lines)
[0;34m[INFO][0m === OpenClaw Heartbeat Check Started ===
[0;34m[INFO][0m Timestamp: Sun Mar  1 03:30:00 WAT 2026
[0;34m[INFO][0m Workspace: /Users/clawdia/.openclaw/workspace
[0;34m[INFO][0m HEARTBEAT.md file exists
[0;34m[INFO][0m Checking system health...
[0;34m[INFO][0m Disk usage: 36%
[0;34m[INFO][0m OpenClaw gateway check skipped (requires gateway monitoring)
[0;32m[SUCCESS][0m System health check completed
[0;34m[INFO][0m Checking urgent escalation triggers...
/Users/clawdia/.openclaw/workspace/scripts/heartbeat-check.sh: line 78: [: too many arguments
/Users/clawdia/.openclaw/workspace/scripts/heartbeat-check.sh: line 86: [: too many arguments
[0;32m[SUCCESS][0m No urgent escalation triggers found
[0;34m[INFO][0m Running daily checks...
[0;34m[INFO][0m Email triage check skipped (requires email client integration)
[0;34m[INFO][0m Calendar check skipped (requires calendar integration)
/Users/clawdia/.openclaw/workspace/scripts/heartbeat-check.sh: line 116: [: too many arguments
[0;32m[SUCCESS][0m Daily checks completed
[0;34m[INFO][0m Currently in quiet hours (23:00-08:00)
[0;34m[INFO][0m Checking HEARTBEAT_OK conditions...
/Users/clawdia/.openclaw/workspace/scripts/heartbeat-check.sh: line 78: [: too many arguments
/Users/clawdia/.openclaw/workspace/scripts/heartbeat-check.sh: line 86: [: too many arguments
[0;34m[INFO][0m Blocked tasks check skipped (requires task system integration)
[0;34m[INFO][0m Deadline risks check skipped (requires deadline tracking)
[0;34m[INFO][0m Meeting prep check skipped (requires calendar integration)
[0;34m[INFO][0m Thread resolution check skipped (requires communication integration)
[0;32m[SUCCESS][0m HEARTBEAT_OK conditions met
HEARTBEAT_OK
[0;34m[INFO][0m Checking recent alerts...
[0;34m[INFO][0m No alert file found
[0;34m[INFO][0m Cleaning up old logs...
[0;32m[SUCCESS][0m Old logs cleaned up
[0;34m[INFO][0m === OpenClaw Heartbeat Check Completed ===
/Users/clawdia/.openclaw/workspace/scripts/heartbeat-check.sh: line 277: /Users/clawdia/.openclaw/workspace/logs/alerts-20260301.log: No such file or directory
[0;34m[INFO][0m Log file: /Users/clawdia/.openclaw/workspace/logs/heartbeat-20260301.log (     238 lines)
[0;34m[INFO][0m Alert file: /Users/clawdia/.openclaw/workspace/logs/alerts-20260301.log (0 lines)
[0;34m[INFO][0m === OpenClaw Heartbeat Check Started ===
[0;34m[INFO][0m Timestamp: Sun Mar  1 04:00:00 WAT 2026
[0;34m[INFO][0m Workspace: /Users/clawdia/.openclaw/workspace
[0;34m[INFO][0m HEARTBEAT.md file exists
[0;34m[INFO][0m Checking system health...
[0;34m[INFO][0m Disk usage: 36%
[0;34m[INFO][0m OpenClaw gateway check skipped (requires gateway monitoring)
[0;32m[SUCCESS][0m System health check completed
[0;34m[INFO][0m Checking urgent escalation triggers...
[1;33m[WARN][0m ALERT: Potential IHS Towers urgent email detected
[1;33m[WARN][0m ALERT: Financial/contract exposure detected
[1;33m[WARN][0m Found 2 urgent escalation trigger(s)
[0;34m[INFO][0m === OpenClaw Heartbeat Check Started ===
[0;34m[INFO][0m Timestamp: Sun Mar  1 04:30:00 WAT 2026
[0;34m[INFO][0m Workspace: /Users/clawdia/.openclaw/workspace
[0;34m[INFO][0m HEARTBEAT.md file exists
[0;34m[INFO][0m Checking system health...
[0;34m[INFO][0m Disk usage: 36%
[0;34m[INFO][0m OpenClaw gateway check skipped (requires gateway monitoring)
[0;32m[SUCCESS][0m System health check completed
[0;34m[INFO][0m Checking urgent escalation triggers...
[1;33m[WARN][0m ALERT: Potential IHS Towers urgent email detected
[1;33m[WARN][0m ALERT: Financial/contract exposure detected
[1;33m[WARN][0m Found 2 urgent escalation trigger(s)
[0;34m[INFO][0m === OpenClaw Heartbeat Check Started ===
[0;34m[INFO][0m Timestamp: Sun Mar  1 05:00:00 WAT 2026
[0;34m[INFO][0m Workspace: /Users/clawdia/.openclaw/workspace
[0;34m[INFO][0m HEARTBEAT.md file exists
[0;34m[INFO][0m Checking system health...
[0;34m[INFO][0m Disk usage: 37%
[0;34m[INFO][0m OpenClaw gateway check skipped (requires gateway monitoring)
[0;32m[SUCCESS][0m System health check completed
[0;34m[INFO][0m Checking urgent escalation triggers...
[1;33m[WARN][0m ALERT: Potential IHS Towers urgent email detected
[1;33m[WARN][0m ALERT: Financial/contract exposure detected
[1;33m[WARN][0m Found 2 urgent escalation trigger(s)
[0;32m[2026-03-01 05:30:01] INFO: === Starting Heartbeat + Maintenance ===[0m
[0;32m[2026-03-01 05:30:01] INFO: Quiet hours (23:00-08:00), running minimal checks only[0m
[0;32m[2026-03-01 05:30:01] INFO: Checking HEARTBEAT conditions...[0m
[1;33m[2026-03-01 05:30:01] WARN: Alert triggered: IHS Towers email detected - URGENT[0m
[1;33m[2026-03-01 05:30:01] WARN: Alert triggered: WhatsApp VIP alert - URGENT[0m
[1;33m[2026-03-01 05:30:01] WARN: Alert triggered: Deadline within 24 hours[0m
[0;34m[2026-03-01 05:30:01] DEBUG: Checking calendar for next 48 hours...[0m
[0;34m[2026-03-01 05:30:01] DEBUG: Checking IHS Towers follow-ups...[0m
[1;33m[2026-03-01 05:30:01] WARN: Found 3 urgent item(s) requiring attention[0m
[0;32m[2026-03-01 06:00:00] INFO: === Starting Heartbeat + Maintenance ===[0m
[0;32m[2026-03-01 06:00:00] INFO: Quiet hours (23:00-08:00), running minimal checks only[0m
[0;32m[2026-03-01 06:00:00] INFO: Checking HEARTBEAT conditions...[0m
[1;33m[2026-03-01 06:00:00] WARN: Alert triggered: IHS Towers email detected - URGENT[0m
[1;33m[2026-03-01 06:00:00] WARN: Alert triggered: WhatsApp VIP alert - URGENT[0m
[1;33m[2026-03-01 06:00:00] WARN: Alert triggered: Deadline within 24 hours[0m
[0;34m[2026-03-01 06:00:00] DEBUG: Checking calendar for next 48 hours...[0m
[0;34m[2026-03-01 06:00:00] DEBUG: Checking IHS Towers follow-ups...[0m
[1;33m[2026-03-01 06:00:00] WARN: Found 3 urgent item(s) requiring attention[0m
[0;32m[2026-03-01 06:30:00] INFO: === Starting Heartbeat + Maintenance ===[0m
[0;32m[2026-03-01 06:30:00] INFO: Quiet hours (23:00-08:00), running minimal checks only[0m
[0;32m[2026-03-01 06:30:00] INFO: Checking HEARTBEAT conditions...[0m
[1;33m[2026-03-01 06:30:00] WARN: Alert triggered: IHS Towers email detected - URGENT[0m
[1;33m[2026-03-01 06:30:00] WARN: Alert triggered: WhatsApp VIP alert - URGENT[0m
[1;33m[2026-03-01 06:30:00] WARN: Alert triggered: Deadline within 24 hours[0m
[0;34m[2026-03-01 06:30:00] DEBUG: Checking calendar for next 48 hours...[0m
[0;34m[2026-03-01 06:30:00] DEBUG: Checking IHS Towers follow-ups...[0m
[1;33m[2026-03-01 06:30:00] WARN: Found 3 urgent item(s) requiring attention[0m
[0;32m[2026-03-01 07:00:00] INFO: === Starting Heartbeat + Maintenance ===[0m
[0;32m[2026-03-01 07:00:00] INFO: Quiet hours (23:00-08:00), running minimal checks only[0m
[0;32m[2026-03-01 07:00:00] INFO: Checking HEARTBEAT conditions...[0m
[1;33m[2026-03-01 07:00:00] WARN: Alert triggered: IHS Towers email detected - URGENT[0m
[1;33m[2026-03-01 07:00:00] WARN: Alert triggered: WhatsApp VIP alert - URGENT[0m
[1;33m[2026-03-01 07:00:00] WARN: Alert triggered: Deadline within 24 hours[0m
[0;34m[2026-03-01 07:00:00] DEBUG: Checking calendar for next 48 hours...[0m
[0;34m[2026-03-01 07:00:00] DEBUG: Checking IHS Towers follow-ups...[0m
[1;33m[2026-03-01 07:00:00] WARN: Found 3 urgent item(s) requiring attention[0m
[0;32m[2026-03-01 07:30:00] INFO: === Starting Heartbeat + Maintenance ===[0m
[0;32m[2026-03-01 07:30:00] INFO: Quiet hours (23:00-08:00), running minimal checks only[0m
[0;32m[2026-03-01 07:30:00] INFO: Checking HEARTBEAT conditions...[0m
[1;33m[2026-03-01 07:30:00] WARN: Alert triggered: IHS Towers email detected - URGENT[0m
[1;33m[2026-03-01 07:30:00] WARN: Alert triggered: WhatsApp VIP alert - URGENT[0m
[1;33m[2026-03-01 07:30:00] WARN: Alert triggered: Deadline within 24 hours[0m
[0;34m[2026-03-01 07:30:00] DEBUG: Checking calendar for next 48 hours...[0m
[0;34m[2026-03-01 07:30:00] DEBUG: Checking IHS Towers follow-ups...[0m
[1;33m[2026-03-01 07:30:00] WARN: Found 3 urgent item(s) requiring attention[0m
[0;32m[2026-03-01 08:00:00] INFO: === Starting Heartbeat + Maintenance ===[0m
[0;32m[2026-03-01 08:00:00] INFO: Checking HEARTBEAT conditions...[0m
[1;33m[2026-03-01 08:00:00] WARN: Alert triggered: IHS Towers email detected - URGENT[0m
[1;33m[2026-03-01 08:00:01] WARN: Alert triggered: WhatsApp VIP alert - URGENT[0m
[1;33m[2026-03-01 08:00:01] WARN: Alert triggered: Deadline within 24 hours[0m
[0;34m[2026-03-01 08:00:01] DEBUG: Checking calendar for next 48 hours...[0m
[0;34m[2026-03-01 08:00:01] DEBUG: Checking IHS Towers follow-ups...[0m
[1;33m[2026-03-01 08:00:01] WARN: Found 3 urgent item(s) requiring attention[0m
[0;32m[2026-03-01 08:30:00] INFO: === Starting Heartbeat + Maintenance ===[0m
[0;32m[2026-03-01 08:30:00] INFO: Checking HEARTBEAT conditions...[0m
[1;33m[2026-03-01 08:30:00] WARN: Alert triggered: IHS Towers email detected - URGENT[0m
[1;33m[2026-03-01 08:30:00] WARN: Alert triggered: WhatsApp VIP alert - URGENT[0m
[1;33m[2026-03-01 08:30:00] WARN: Alert triggered: Deadline within 24 hours[0m
[0;34m[2026-03-01 08:30:00] DEBUG: Checking calendar for next 48 hours...[0m
[0;34m[2026-03-01 08:30:00] DEBUG: Checking IHS Towers follow-ups...[0m
[1;33m[2026-03-01 08:30:00] WARN: Found 3 urgent item(s) requiring attention[0m
[0;32m[2026-03-01 09:00:00] INFO: === Starting Heartbeat + Maintenance ===[0m
[0;32m[2026-03-01 09:00:00] INFO: Checking HEARTBEAT conditions...[0m
[1;33m[2026-03-01 09:00:00] WARN: Alert triggered: IHS Towers email detected - URGENT[0m
[1;33m[2026-03-01 09:00:00] WARN: Alert triggered: WhatsApp VIP alert - URGENT[0m
[1;33m[2026-03-01 09:00:00] WARN: Alert triggered: Deadline within 24 hours[0m
[0;34m[2026-03-01 09:00:00] DEBUG: Checking calendar for next 48 hours...[0m
[0;32m[2026-03-01 09:00:00] INFO: Found 1 upcoming event(s) in next 48 hours[0m
[1;33m[2026-03-01 09:00:00] WARN: Meeting preparation may be needed for upcoming events[0m
[0;32m[2026-03-01 09:30:00] INFO: === Starting Heartbeat + Maintenance ===[0m
[0;32m[2026-03-01 09:30:00] INFO: Checking HEARTBEAT conditions...[0m
[1;33m[2026-03-01 09:30:00] WARN: Alert triggered: IHS Towers email detected - URGENT[0m
[1;33m[2026-03-01 09:30:00] WARN: Alert triggered: WhatsApp VIP alert - URGENT[0m
[1;33m[2026-03-01 09:30:00] WARN: Alert triggered: Deadline within 24 hours[0m
[0;34m[2026-03-01 09:30:00] DEBUG: Checking calendar for next 48 hours...[0m
[0;34m[2026-03-01 09:30:00] DEBUG: Checking IHS Towers follow-ups...[0m
[1;33m[2026-03-01 09:30:00] WARN: Found 3 urgent item(s) requiring attention[0m
[0;32m[2026-03-01 10:00:00] INFO: === Starting Heartbeat + Maintenance ===[0m
[0;32m[2026-03-01 10:00:00] INFO: Checking HEARTBEAT conditions...[0m
[1;33m[2026-03-01 10:00:00] WARN: Alert triggered: IHS Towers email detected - URGENT[0m
[1;33m[2026-03-01 10:00:00] WARN: Alert triggered: WhatsApp VIP alert - URGENT[0m
[1;33m[2026-03-01 10:00:00] WARN: Alert triggered: Deadline within 24 hours[0m
[0;34m[2026-03-01 10:00:00] DEBUG: Checking calendar for next 48 hours...[0m
[0;34m[2026-03-01 10:00:00] DEBUG: Checking IHS Towers follow-ups...[0m
[1;33m[2026-03-01 10:00:00] WARN: Found 3 urgent item(s) requiring attention[0m
[0;32m[2026-03-01 10:30:00] INFO: === Starting Heartbeat + Maintenance ===[0m
[0;32m[2026-03-01 10:30:00] INFO: Checking HEARTBEAT conditions...[0m
[1;33m[2026-03-01 10:30:00] WARN: Alert triggered: IHS Towers email detected - URGENT[0m
[1;33m[2026-03-01 10:30:00] WARN: Alert triggered: WhatsApp VIP alert - URGENT[0m
[1;33m[2026-03-01 10:30:00] WARN: Alert triggered: Deadline within 24 hours[0m
[0;34m[2026-03-01 10:30:00] DEBUG: Checking calendar for next 48 hours...[0m
[0;34m[2026-03-01 10:30:00] DEBUG: Checking IHS Towers follow-ups...[0m
[1;33m[2026-03-01 10:30:00] WARN: Found 3 urgent item(s) requiring attention[0m
[0;32m[2026-03-01 11:00:00] INFO: === Starting Heartbeat + Maintenance ===[0m
[0;32m[2026-03-01 11:00:00] INFO: Checking HEARTBEAT conditions...[0m
[1;33m[2026-03-01 11:00:00] WARN: Alert triggered: IHS Towers email detected - URGENT[0m
[1;33m[2026-03-01 11:00:00] WARN: Alert triggered: WhatsApp VIP alert - URGENT[0m
[1;33m[2026-03-01 11:00:00] WARN: Alert triggered: Deadline within 24 hours[0m
[0;34m[2026-03-01 11:00:00] DEBUG: Checking calendar for next 48 hours...[0m
[0;34m[2026-03-01 11:00:00] DEBUG: Checking IHS Towers follow-ups...[0m
[1;33m[2026-03-01 11:00:00] WARN: Found 3 urgent item(s) requiring attention[0m
[0;32m[2026-03-01 11:30:00] INFO: === Starting Heartbeat + Maintenance ===[0m
[0;32m[2026-03-01 11:30:00] INFO: Checking HEARTBEAT conditions...[0m
[1;33m[2026-03-01 11:30:00] WARN: Alert triggered: IHS Towers email detected - URGENT[0m
[1;33m[2026-03-01 11:30:00] WARN: Alert triggered: WhatsApp VIP alert - URGENT[0m
[1;33m[2026-03-01 11:30:00] WARN: Alert triggered: Deadline within 24 hours[0m
[0;34m[2026-03-01 11:30:00] DEBUG: Checking calendar for next 48 hours...[0m
[0;34m[2026-03-01 11:30:00] DEBUG: Checking IHS Towers follow-ups...[0m
[1;33m[2026-03-01 11:30:00] WARN: Found 3 urgent item(s) requiring attention[0m
[0;32m[2026-03-01 12:00:00] INFO: === Starting Heartbeat + Maintenance ===[0m
[0;32m[2026-03-01 12:00:00] INFO: Checking HEARTBEAT conditions...[0m
[1;33m[2026-03-01 12:00:00] WARN: Alert triggered: IHS Towers email detected - URGENT[0m
[1;33m[2026-03-01 12:00:00] WARN: Alert triggered: WhatsApp VIP alert - URGENT[0m
[1;33m[2026-03-01 12:00:00] WARN: Alert triggered: Deadline within 24 hours[0m
[0;34m[2026-03-01 12:00:00] DEBUG: Checking calendar for next 48 hours...[0m
[0;34m[2026-03-01 12:00:00] DEBUG: Checking IHS Towers follow-ups...[0m
[1;33m[2026-03-01 12:00:00] WARN: Found 3 urgent item(s) requiring attention[0m
[0;32m[2026-03-01 12:30:00] INFO: === Starting Heartbeat + Maintenance ===[0m
[0;32m[2026-03-01 12:30:00] INFO: Checking HEARTBEAT conditions...[0m
[1;33m[2026-03-01 12:30:00] WARN: Alert triggered: IHS Towers email detected - URGENT[0m
[1;33m[2026-03-01 12:30:00] WARN: Alert triggered: WhatsApp VIP alert - URGENT[0m
[1;33m[2026-03-01 12:30:00] WARN: Alert triggered: Deadline within 24 hours[0m
[0;34m[2026-03-01 12:30:00] DEBUG: Checking calendar for next 48 hours...[0m
[0;32m[2026-03-01 12:30:00] INFO: Found 3 upcoming event(s) in next 48 hours[0m
[0;32m[2026-03-01 13:00:00] INFO: === Starting Heartbeat + Maintenance ===[0m
[0;32m[2026-03-01 13:00:00] INFO: Checking HEARTBEAT conditions...[0m
[1;33m[2026-03-01 13:00:00] WARN: Alert triggered: IHS Towers email detected - URGENT[0m
[1;33m[2026-03-01 13:00:00] WARN: Alert triggered: WhatsApp VIP alert - URGENT[0m
[1;33m[2026-03-01 13:00:00] WARN: Alert triggered: Deadline within 24 hours[0m
[0;34m[2026-03-01 13:00:00] DEBUG: Checking calendar for next 48 hours...[0m
[0;34m[2026-03-01 13:00:00] DEBUG: Checking IHS Towers follow-ups...[0m
[1;33m[2026-03-01 13:00:00] WARN: Found 3 urgent item(s) requiring attention[0m
[0;32m[2026-03-01 13:30:00] INFO: === Starting Heartbeat + Maintenance ===[0m
[0;32m[2026-03-01 13:30:00] INFO: Checking HEARTBEAT conditions...[0m
[1;33m[2026-03-01 13:30:00] WARN: Alert triggered: IHS Towers email detected - URGENT[0m
[1;33m[2026-03-01 13:30:00] WARN: Alert triggered: WhatsApp VIP alert - URGENT[0m
[1;33m[2026-03-01 13:30:00] WARN: Alert triggered: Deadline within 24 hours[0m
[0;34m[2026-03-01 13:30:00] DEBUG: Checking calendar for next 48 hours...[0m
[0;34m[2026-03-01 13:30:00] DEBUG: Checking IHS Towers follow-ups...[0m
[1;33m[2026-03-01 13:30:00] WARN: Found 3 urgent item(s) requiring attention[0m
[0;32m[2026-03-01 14:00:00] INFO: === Starting Heartbeat + Maintenance ===[0m
[0;32m[2026-03-01 14:00:00] INFO: Checking HEARTBEAT conditions...[0m
[1;33m[2026-03-01 14:00:00] WARN: Alert triggered: IHS Towers email detected - URGENT[0m
[1;33m[2026-03-01 14:00:00] WARN: Alert triggered: WhatsApp VIP alert - URGENT[0m
[1;33m[2026-03-01 14:00:00] WARN: Alert triggered: Deadline within 24 hours[0m
[0;34m[2026-03-01 14:00:00] DEBUG: Checking calendar for next 48 hours...[0m
[0;34m[2026-03-01 14:00:00] DEBUG: Checking IHS Towers follow-ups...[0m
[1;33m[2026-03-01 14:00:00] WARN: Found 3 urgent item(s) requiring attention[0m
[0;32m[2026-03-01 14:30:00] INFO: === Starting Heartbeat + Maintenance ===[0m
[0;32m[2026-03-01 14:30:00] INFO: Checking HEARTBEAT conditions...[0m
[1;33m[2026-03-01 14:30:00] WARN: Alert triggered: IHS Towers email detected - URGENT[0m
[1;33m[2026-03-01 14:30:00] WARN: Alert triggered: WhatsApp VIP alert - URGENT[0m
[1;33m[2026-03-01 14:30:00] WARN: Alert triggered: Deadline within 24 hours[0m
[0;34m[2026-03-01 14:30:00] DEBUG: Checking calendar for next 48 hours...[0m
[0;34m[2026-03-01 14:30:00] DEBUG: Checking IHS Towers follow-ups...[0m
[1;33m[2026-03-01 14:30:00] WARN: Found 3 urgent item(s) requiring attention[0m
[0;32m[2026-03-01 15:00:01] INFO: === Starting Heartbeat + Maintenance ===[0m
[0;32m[2026-03-01 15:00:01] INFO: Checking HEARTBEAT conditions...[0m
[1;33m[2026-03-01 15:00:01] WARN: Alert triggered: IHS Towers email detected - URGENT[0m
[1;33m[2026-03-01 15:00:01] WARN: Alert triggered: WhatsApp VIP alert - URGENT[0m
[1;33m[2026-03-01 15:00:01] WARN: Alert triggered: Deadline within 24 hours[0m
[0;34m[2026-03-01 15:00:01] DEBUG: Checking calendar for next 48 hours...[0m
[0;34m[2026-03-01 15:00:01] DEBUG: Checking IHS Towers follow-ups...[0m
[1;33m[2026-03-01 15:00:01] WARN: Found 3 urgent item(s) requiring attention[0m
[0;32m[2026-03-01 15:30:01] INFO: === Starting Heartbeat + Maintenance ===[0m
[0;32m[2026-03-01 15:30:01] INFO: Checking HEARTBEAT conditions...[0m
[1;33m[2026-03-01 15:30:01] WARN: Alert triggered: IHS Towers email detected - URGENT[0m
[1;33m[2026-03-01 15:30:01] WARN: Alert triggered: WhatsApp VIP alert - URGENT[0m
[1;33m[2026-03-01 15:30:01] WARN: Alert triggered: Deadline within 24 hours[0m
[0;34m[2026-03-01 15:30:01] DEBUG: Checking calendar for next 48 hours...[0m
[0;34m[2026-03-01 15:30:01] DEBUG: Checking IHS Towers follow-ups...[0m
[1;33m[2026-03-01 15:30:01] WARN: Found 3 urgent item(s) requiring attention[0m
[0;32m[2026-03-01 16:00:00] INFO: === Starting Heartbeat + Maintenance ===[0m
[0;32m[2026-03-01 16:00:00] INFO: Checking HEARTBEAT conditions...[0m
[1;33m[2026-03-01 16:00:00] WARN: Alert triggered: IHS Towers email detected - URGENT[0m
[1;33m[2026-03-01 16:00:00] WARN: Alert triggered: WhatsApp VIP alert - URGENT[0m
[1;33m[2026-03-01 16:00:00] WARN: Alert triggered: Deadline within 24 hours[0m
[0;34m[2026-03-01 16:00:00] DEBUG: Checking calendar for next 48 hours...[0m
[0;32m[2026-03-01 16:00:00] INFO: Found 3 upcoming event(s) in next 48 hours[0m
[0;32m[2026-03-01 16:30:01] INFO: === Starting Heartbeat + Maintenance ===[0m
[0;32m[2026-03-01 16:30:01] INFO: Checking HEARTBEAT conditions...[0m
[1;33m[2026-03-01 16:30:01] WARN: Alert triggered: IHS Towers email detected - URGENT[0m
[1;33m[2026-03-01 16:30:01] WARN: Alert triggered: WhatsApp VIP alert - URGENT[0m
[1;33m[2026-03-01 16:30:01] WARN: Alert triggered: Deadline within 24 hours[0m
[0;34m[2026-03-01 16:30:01] DEBUG: Checking calendar for next 48 hours...[0m
[0;34m[2026-03-01 16:30:01] DEBUG: Checking IHS Towers follow-ups...[0m
[1;33m[2026-03-01 16:30:01] WARN: Found 3 urgent item(s) requiring attention[0m
[0;32m[2026-03-01 17:00:01] INFO: === Starting Heartbeat + Maintenance ===[0m
[0;32m[2026-03-01 17:00:01] INFO: Checking HEARTBEAT conditions...[0m
[1;33m[2026-03-01 17:00:01] WARN: Alert triggered: IHS Towers email detected - URGENT[0m
[1;33m[2026-03-01 17:00:01] WARN: Alert triggered: WhatsApp VIP alert - URGENT[0m
[1;33m[2026-03-01 17:00:01] WARN: Alert triggered: Deadline within 24 hours[0m
[0;34m[2026-03-01 17:00:01] DEBUG: Checking calendar for next 48 hours...[0m
[0;34m[2026-03-01 17:00:01] DEBUG: Checking IHS Towers follow-ups...[0m
[1;33m[2026-03-01 17:00:01] WARN: Found 3 urgent item(s) requiring attention[0m
[0;32m[2026-03-01 17:30:00] INFO: === Starting Heartbeat + Maintenance ===[0m
[0;32m[2026-03-01 17:30:00] INFO: Checking HEARTBEAT conditions...[0m
[1;33m[2026-03-01 17:30:00] WARN: Alert triggered: IHS Towers email detected - URGENT[0m
[1;33m[2026-03-01 17:30:00] WARN: Alert triggered: WhatsApp VIP alert - URGENT[0m
[1;33m[2026-03-01 17:30:00] WARN: Alert triggered: Deadline within 24 hours[0m
[0;34m[2026-03-01 17:30:00] DEBUG: Checking calendar for next 48 hours...[0m
[0;34m[2026-03-01 17:30:00] DEBUG: Checking IHS Towers follow-ups...[0m
[1;33m[2026-03-01 17:30:00] WARN: Found 3 urgent item(s) requiring attention[0m
[0;32m[2026-03-01 18:00:00] INFO: === Starting Heartbeat + Maintenance ===[0m
[0;32m[2026-03-01 18:00:00] INFO: Checking HEARTBEAT conditions...[0m
[1;33m[2026-03-01 18:00:00] WARN: Alert triggered: IHS Towers email detected - URGENT[0m
[1;33m[2026-03-01 18:00:00] WARN: Alert triggered: WhatsApp VIP alert - URGENT[0m
[1;33m[2026-03-01 18:00:00] WARN: Alert triggered: Deadline within 24 hours[0m
[0;34m[2026-03-01 18:00:00] DEBUG: Checking calendar for next 48 hours...[0m
[0;34m[2026-03-01 18:00:00] DEBUG: Checking IHS Towers follow-ups...[0m
[1;33m[2026-03-01 18:00:00] WARN: Found 3 urgent item(s) requiring attention[0m
[0;32m[2026-03-01 18:30:00] INFO: === Starting Heartbeat + Maintenance ===[0m
[0;32m[2026-03-01 18:30:00] INFO: Checking HEARTBEAT conditions...[0m
[1;33m[2026-03-01 18:30:00] WARN: Alert triggered: IHS Towers email detected - URGENT[0m
[1;33m[2026-03-01 18:30:00] WARN: Alert triggered: WhatsApp VIP alert - URGENT[0m
[1;33m[2026-03-01 18:30:00] WARN: Alert triggered: Deadline within 24 hours[0m
[0;34m[2026-03-01 18:30:00] DEBUG: Checking calendar for next 48 hours...[0m
[0;34m[2026-03-01 18:30:00] DEBUG: Checking IHS Towers follow-ups...[0m
[1;33m[2026-03-01 18:30:00] WARN: Found 3 urgent item(s) requiring attention[0m
[0;32m[2026-03-01 19:00:00] INFO: === Starting Heartbeat + Maintenance ===[0m
[0;32m[2026-03-01 19:00:00] INFO: Checking HEARTBEAT conditions...[0m
[1;33m[2026-03-01 19:00:00] WARN: Alert triggered: IHS Towers email detected - URGENT[0m
[1;33m[2026-03-01 19:00:00] WARN: Alert triggered: WhatsApp VIP alert - URGENT[0m
[1;33m[2026-03-01 19:00:00] WARN: Alert triggered: Deadline within 24 hours[0m
[0;34m[2026-03-01 19:00:00] DEBUG: Checking calendar for next 48 hours...[0m
[0;34m[2026-03-01 19:00:00] DEBUG: Checking IHS Towers follow-ups...[0m
[1;33m[2026-03-01 19:00:00] WARN: Found 3 urgent item(s) requiring attention[0m
[0;32m[2026-03-01 19:30:00] INFO: === Starting Heartbeat + Maintenance ===[0m
[0;32m[2026-03-01 19:30:00] INFO: Checking HEARTBEAT conditions...[0m
[1;33m[2026-03-01 19:30:00] WARN: Alert triggered: IHS Towers email detected - URGENT[0m
[1;33m[2026-03-01 19:30:00] WARN: Alert triggered: WhatsApp VIP alert - URGENT[0m
[1;33m[2026-03-01 19:30:00] WARN: Alert triggered: Deadline within 24 hours[0m
[0;34m[2026-03-01 19:30:00] DEBUG: Checking calendar for next 48 hours...[0m
[0;34m[2026-03-01 19:30:00] DEBUG: Checking IHS Towers follow-ups...[0m
[1;33m[2026-03-01 19:30:00] WARN: Found 3 urgent item(s) requiring attention[0m
[0;32m[2026-03-01 20:00:00] INFO: === Starting Heartbeat + Maintenance ===[0m
[0;32m[2026-03-01 20:00:00] INFO: Checking HEARTBEAT conditions...[0m
[1;33m[2026-03-01 20:00:00] WARN: Alert triggered: IHS Towers email detected - URGENT[0m
[1;33m[2026-03-01 20:00:00] WARN: Alert triggered: WhatsApp VIP alert - URGENT[0m
[1;33m[2026-03-01 20:00:00] WARN: Alert triggered: Deadline within 24 hours[0m
[0;34m[2026-03-01 20:00:00] DEBUG: Checking calendar for next 48 hours...[0m
[0;34m[2026-03-01 20:00:00] DEBUG: Checking IHS Towers follow-ups...[0m
[1;33m[2026-03-01 20:00:00] WARN: Found 3 urgent item(s) requiring attention[0m
[0;32m[2026-03-01 20:30:00] INFO: === Starting Heartbeat + Maintenance ===[0m
[0;32m[2026-03-01 20:30:00] INFO: Checking HEARTBEAT conditions...[0m
[1;33m[2026-03-01 20:30:00] WARN: Alert triggered: IHS Towers email detected - URGENT[0m
[1;33m[2026-03-01 20:30:00] WARN: Alert triggered: WhatsApp VIP alert - URGENT[0m
[1;33m[2026-03-01 20:30:00] WARN: Alert triggered: Deadline within 24 hours[0m
[0;34m[2026-03-01 20:30:00] DEBUG: Checking calendar for next 48 hours...[0m
[0;34m[2026-03-01 20:30:00] DEBUG: Checking IHS Towers follow-ups...[0m
[1;33m[2026-03-01 20:30:00] WARN: Found 3 urgent item(s) requiring attention[0m
[0;32m[2026-03-01 21:00:00] INFO: === Starting Heartbeat + Maintenance ===[0m
[0;32m[2026-03-01 21:00:00] INFO: Checking HEARTBEAT conditions...[0m
[1;33m[2026-03-01 21:00:00] WARN: Alert triggered: IHS Towers email detected - URGENT[0m
[1;33m[2026-03-01 21:00:00] WARN: Alert triggered: WhatsApp VIP alert - URGENT[0m
[1;33m[2026-03-01 21:00:00] WARN: Alert triggered: Deadline within 24 hours[0m
[0;34m[2026-03-01 21:00:00] DEBUG: Checking calendar for next 48 hours...[0m
[0;34m[2026-03-01 21:00:00] DEBUG: Checking IHS Towers follow-ups...[0m
[1;33m[2026-03-01 21:00:00] WARN: Found 3 urgent item(s) requiring attention[0m
[0;32m[2026-03-01 21:30:01] INFO: === Starting Heartbeat + Maintenance ===[0m
[0;32m[2026-03-01 21:30:01] INFO: Checking HEARTBEAT conditions...[0m
[1;33m[2026-03-01 21:30:01] WARN: Alert triggered: IHS Towers email detected - URGENT[0m
[1;33m[2026-03-01 21:30:01] WARN: Alert triggered: WhatsApp VIP alert - URGENT[0m
[1;33m[2026-03-01 21:30:01] WARN: Alert triggered: Deadline within 24 hours[0m
[0;34m[2026-03-01 21:30:01] DEBUG: Checking calendar for next 48 hours...[0m
[0;34m[2026-03-01 21:30:01] DEBUG: Checking IHS Towers follow-ups...[0m
[1;33m[2026-03-01 21:30:01] WARN: Found 3 urgent item(s) requiring attention[0m
[0;32m[2026-03-01 22:00:00] INFO: === Starting Heartbeat + Maintenance ===[0m
[0;32m[2026-03-01 22:00:00] INFO: Checking HEARTBEAT conditions...[0m
[1;33m[2026-03-01 22:00:00] WARN: Alert triggered: IHS Towers email detected - URGENT[0m
[1;33m[2026-03-01 22:00:00] WARN: Alert triggered: WhatsApp VIP alert - URGENT[0m
[1;33m[2026-03-01 22:00:00] WARN: Alert triggered: Deadline within 24 hours[0m
[0;34m[2026-03-01 22:00:00] DEBUG: Checking calendar for next 48 hours...[0m
[0;34m[2026-03-01 22:00:00] DEBUG: Checking IHS Towers follow-ups...[0m
[1;33m[2026-03-01 22:00:00] WARN: Found 3 urgent item(s) requiring attention[0m
[0;32m[2026-03-01 22:30:00] INFO: === Starting Heartbeat + Maintenance ===[0m
[0;32m[2026-03-01 22:30:00] INFO: Checking HEARTBEAT conditions...[0m
[1;33m[2026-03-01 22:30:00] WARN: Alert triggered: IHS Towers email detected - URGENT[0m
[1;33m[2026-03-01 22:30:00] WARN: Alert triggered: WhatsApp VIP alert - URGENT[0m
[1;33m[2026-03-01 22:30:00] WARN: Alert triggered: Deadline within 24 hours[0m
[0;34m[2026-03-01 22:30:00] DEBUG: Checking calendar for next 48 hours...[0m
[0;32m[2026-03-01 22:30:00] INFO: Found 1 upcoming event(s) in next 48 hours[0m
[0;32m[2026-03-01 23:00:00] INFO: === Starting Heartbeat + Maintenance ===[0m
[0;32m[2026-03-01 23:00:00] INFO: Quiet hours (23:00-08:00), running minimal checks only[0m
[0;32m[2026-03-01 23:00:00] INFO: Checking HEARTBEAT conditions...[0m
[1;33m[2026-03-01 23:00:00] WARN: Alert triggered: IHS Towers email detected - URGENT[0m
[1;33m[2026-03-01 23:00:00] WARN: Alert triggered: WhatsApp VIP alert - URGENT[0m
[1;33m[2026-03-01 23:00:00] WARN: Alert triggered: Deadline within 24 hours[0m
[0;34m[2026-03-01 23:00:00] DEBUG: Checking calendar for next 48 hours...[0m
[0;34m[2026-03-01 23:00:00] DEBUG: Checking IHS Towers follow-ups...[0m
[1;33m[2026-03-01 23:00:00] WARN: Found 3 urgent item(s) requiring attention[0m
[0;32m[2026-03-01 23:30:00] INFO: === Starting Heartbeat + Maintenance ===[0m
[0;32m[2026-03-01 23:30:00] INFO: Quiet hours (23:00-08:00), running minimal checks only[0m
[0;32m[2026-03-01 23:30:00] INFO: Checking HEARTBEAT conditions...[0m
[1;33m[2026-03-01 23:30:00] WARN: Alert triggered: IHS Towers email detected - URGENT[0m
[1;33m[2026-03-01 23:30:00] WARN: Alert triggered: WhatsApp VIP alert - URGENT[0m
[1;33m[2026-03-01 23:30:00] WARN: Alert triggered: Deadline within 24 hours[0m
[0;34m[2026-03-01 23:30:00] DEBUG: Checking calendar for next 48 hours...[0m
[0;34m[2026-03-01 23:30:00] DEBUG: Checking IHS Towers follow-ups...[0m
[1;33m[2026-03-01 23:30:00] WARN: Found 3 urgent item(s) requiring attention[0m
[0;32m[2026-03-02 00:00:00] INFO: === Starting Heartbeat + Maintenance ===[0m
[0;32m[2026-03-02 00:00:00] INFO: Quiet hours (23:00-08:00), running minimal checks only[0m
[0;32m[2026-03-02 00:00:00] INFO: Checking HEARTBEAT conditions...[0m
[1;33m[2026-03-02 00:00:00] WARN: Alert triggered: IHS Towers email detected - URGENT[0m
[1;33m[2026-03-02 00:00:00] WARN: Alert triggered: WhatsApp VIP alert - URGENT[0m
[1;33m[2026-03-02 00:00:00] WARN: Alert triggered: Deadline within 24 hours[0m
[0;34m[2026-03-02 00:00:00] DEBUG: Checking calendar for next 48 hours...[0m
[0;34m[2026-03-02 00:00:00] DEBUG: Checking IHS Towers follow-ups...[0m
[1;33m[2026-03-02 00:00:00] WARN: Found 3 urgent item(s) requiring attention[0m
[0;32m[2026-03-02 00:30:00] INFO: === Starting Heartbeat + Maintenance ===[0m
[0;32m[2026-03-02 00:30:00] INFO: Quiet hours (23:00-08:00), running minimal checks only[0m
[0;32m[2026-03-02 00:30:00] INFO: Checking HEARTBEAT conditions...[0m
[1;33m[2026-03-02 00:30:00] WARN: Alert triggered: IHS Towers email detected - URGENT[0m
[1;33m[2026-03-02 00:30:00] WARN: Alert triggered: WhatsApp VIP alert - URGENT[0m
[1;33m[2026-03-02 00:30:00] WARN: Alert triggered: Deadline within 24 hours[0m
[0;34m[2026-03-02 00:30:00] DEBUG: Checking calendar for next 48 hours...[0m
[0;34m[2026-03-02 00:30:00] DEBUG: Checking IHS Towers follow-ups...[0m
[1;33m[2026-03-02 00:30:00] WARN: Found 3 urgent item(s) requiring attention[0m
[0;32m[2026-03-02 01:00:00] INFO: === Starting Heartbeat + Maintenance ===[0m
[0;32m[2026-03-02 01:00:00] INFO: Quiet hours (23:00-08:00), running minimal checks only[0m
[0;32m[2026-03-02 01:00:00] INFO: Checking HEARTBEAT conditions...[0m
[1;33m[2026-03-02 01:00:00] WARN: Alert triggered: IHS Towers email detected - URGENT[0m
[1;33m[2026-03-02 01:00:00] WARN: Alert triggered: WhatsApp VIP alert - URGENT[0m
[1;33m[2026-03-02 01:00:00] WARN: Alert triggered: Deadline within 24 hours[0m
[0;34m[2026-03-02 01:00:00] DEBUG: Checking calendar for next 48 hours...[0m
[0;34m[2026-03-02 01:00:00] DEBUG: Checking IHS Towers follow-ups...[0m
[1;33m[2026-03-02 01:00:00] WARN: Found 3 urgent item(s) requiring attention[0m
[0;32m[2026-03-02 01:30:00] INFO: === Starting Heartbeat + Maintenance ===[0m
[0;32m[2026-03-02 01:30:00] INFO: Quiet hours (23:00-08:00), running minimal checks only[0m
[0;32m[2026-03-02 01:30:00] INFO: Checking HEARTBEAT conditions...[0m
[1;33m[2026-03-02 01:30:00] WARN: Alert triggered: IHS Towers email detected - URGENT[0m
[1;33m[2026-03-02 01:30:00] WARN: Alert triggered: WhatsApp VIP alert - URGENT[0m
[1;33m[2026-03-02 01:30:00] WARN: Alert triggered: Deadline within 24 hours[0m
[0;34m[2026-03-02 01:30:00] DEBUG: Checking calendar for next 48 hours...[0m
[0;34m[2026-03-02 01:30:00] DEBUG: Checking IHS Towers follow-ups...[0m
[1;33m[2026-03-02 01:30:00] WARN: Found 3 urgent item(s) requiring attention[0m
[0;32m[2026-03-02 02:00:00] INFO: === Starting Heartbeat + Maintenance ===[0m
[0;32m[2026-03-02 02:00:00] INFO: Quiet hours (23:00-08:00), running minimal checks only[0m
[0;32m[2026-03-02 02:00:00] INFO: Checking HEARTBEAT conditions...[0m
[1;33m[2026-03-02 02:00:00] WARN: Alert triggered: IHS Towers email detected - URGENT[0m
[1;33m[2026-03-02 02:00:00] WARN: Alert triggered: WhatsApp VIP alert - URGENT[0m
[1;33m[2026-03-02 02:00:00] WARN: Alert triggered: Deadline within 24 hours[0m
[0;34m[2026-03-02 02:00:00] DEBUG: Checking calendar for next 48 hours...[0m
[0;34m[2026-03-02 02:00:00] DEBUG: Checking IHS Towers follow-ups...[0m
[1;33m[2026-03-02 02:00:00] WARN: Found 3 urgent item(s) requiring attention[0m
[0;32m[2026-03-02 02:30:00] INFO: === Starting Heartbeat + Maintenance ===[0m
[0;32m[2026-03-02 02:30:00] INFO: Quiet hours (23:00-08:00), running minimal checks only[0m
[0;32m[2026-03-02 02:30:00] INFO: Checking HEARTBEAT conditions...[0m
[1;33m[2026-03-02 02:30:00] WARN: Alert triggered: IHS Towers email detected - URGENT[0m
[1;33m[2026-03-02 02:30:00] WARN: Alert triggered: WhatsApp VIP alert - URGENT[0m
[1;33m[2026-03-02 02:30:00] WARN: Alert triggered: Deadline within 24 hours[0m
[0;34m[2026-03-02 02:30:00] DEBUG: Checking calendar for next 48 hours...[0m
[0;34m[2026-03-02 02:30:00] DEBUG: Checking IHS Towers follow-ups...[0m
[1;33m[2026-03-02 02:30:00] WARN: Found 3 urgent item(s) requiring attention[0m
[0;32m[2026-03-02 03:00:00] INFO: === Starting Heartbeat + Maintenance ===[0m
[0;32m[2026-03-02 03:00:00] INFO: Quiet hours (23:00-08:00), running minimal checks only[0m
[0;32m[2026-03-02 03:00:00] INFO: Checking HEARTBEAT conditions...[0m
[1;33m[2026-03-02 03:00:00] WARN: Alert triggered: IHS Towers email detected - URGENT[0m
[1;33m[2026-03-02 03:00:00] WARN: Alert triggered: WhatsApp VIP alert - URGENT[0m
[1;33m[2026-03-02 03:00:00] WARN: Alert triggered: Deadline within 24 hours[0m
[0;34m[2026-03-02 03:00:00] DEBUG: Checking calendar for next 48 hours...[0m
[0;34m[2026-03-02 03:00:00] DEBUG: Checking IHS Towers follow-ups...[0m
[1;33m[2026-03-02 03:00:00] WARN: Found 3 urgent item(s) requiring attention[0m
[0;32m[2026-03-02 03:30:00] INFO: === Starting Heartbeat + Maintenance ===[0m
[0;32m[2026-03-02 03:30:00] INFO: Quiet hours (23:00-08:00), running minimal checks only[0m
[0;32m[2026-03-02 03:30:00] INFO: Checking HEARTBEAT conditions...[0m
[1;33m[2026-03-02 03:30:00] WARN: Alert triggered: IHS Towers email detected - URGENT[0m
[1;33m[2026-03-02 03:30:00] WARN: Alert triggered: WhatsApp VIP alert - URGENT[0m
[1;33m[2026-03-02 03:30:00] WARN: Alert triggered: Deadline within 24 hours[0m
[0;34m[2026-03-02 03:30:00] DEBUG: Checking calendar for next 48 hours...[0m
[0;34m[2026-03-02 03:30:00] DEBUG: Checking IHS Towers follow-ups...[0m
[1;33m[2026-03-02 03:30:00] WARN: Found 3 urgent item(s) requiring attention[0m
[0;32m[2026-03-02 04:00:00] INFO: === Starting Heartbeat + Maintenance ===[0m
[0;32m[2026-03-02 04:00:00] INFO: Quiet hours (23:00-08:00), running minimal checks only[0m
[0;32m[2026-03-02 04:00:00] INFO: Checking HEARTBEAT conditions...[0m
[1;33m[2026-03-02 04:00:00] WARN: Alert triggered: IHS Towers email detected - URGENT[0m
[1;33m[2026-03-02 04:00:00] WARN: Alert triggered: WhatsApp VIP alert - URGENT[0m
[1;33m[2026-03-02 04:00:00] WARN: Alert triggered: Deadline within 24 hours[0m
[0;34m[2026-03-02 04:00:00] DEBUG: Checking calendar for next 48 hours...[0m
[0;34m[2026-03-02 04:00:00] DEBUG: Checking IHS Towers follow-ups...[0m
[1;33m[2026-03-02 04:00:00] WARN: Found 3 urgent item(s) requiring attention[0m
[0;32m[2026-03-02 04:30:00] INFO: === Starting Heartbeat + Maintenance ===[0m
[0;32m[2026-03-02 04:30:00] INFO: Quiet hours (23:00-08:00), running minimal checks only[0m
[0;32m[2026-03-02 04:30:00] INFO: Checking HEARTBEAT conditions...[0m
[1;33m[2026-03-02 04:30:00] WARN: Alert triggered: IHS Towers email detected - URGENT[0m
[1;33m[2026-03-02 04:30:00] WARN: Alert triggered: Deadline within 24 hours[0m
[0;34m[2026-03-02 04:30:00] DEBUG: Checking calendar for next 48 hours...[0m
[0;34m[2026-03-02 04:30:00] DEBUG: Checking IHS Towers follow-ups...[0m
[1;33m[2026-03-02 04:30:00] WARN: Found 2 urgent item(s) requiring attention[0m
[0;32m[2026-03-02 05:00:00] INFO: === Starting Heartbeat + Maintenance ===[0m
[0;32m[2026-03-02 05:00:00] INFO: Quiet hours (23:00-08:00), running minimal checks only[0m
[0;32m[2026-03-02 05:00:00] INFO: Checking HEARTBEAT conditions...[0m
[1;33m[2026-03-02 05:00:00] WARN: Alert triggered: IHS Towers email detected - URGENT[0m
[1;33m[2026-03-02 05:00:00] WARN: Alert triggered: Deadline within 24 hours[0m
[0;34m[2026-03-02 05:00:00] DEBUG: Checking calendar for next 48 hours...[0m
[0;34m[2026-03-02 05:00:00] DEBUG: Checking IHS Towers follow-ups...[0m
[1;33m[2026-03-02 05:00:00] WARN: Found 2 urgent item(s) requiring attention[0m
[0;32m[2026-03-02 05:30:00] INFO: === Starting Heartbeat + Maintenance ===[0m
[0;32m[2026-03-02 05:30:00] INFO: Quiet hours (23:00-08:00), running minimal checks only[0m
[0;32m[2026-03-02 05:30:00] INFO: Checking HEARTBEAT conditions...[0m
[1;33m[2026-03-02 05:30:00] WARN: Alert triggered: IHS Towers email detected - URGENT[0m
[1;33m[2026-03-02 05:30:00] WARN: Alert triggered: Deadline within 24 hours[0m
[0;34m[2026-03-02 05:30:00] DEBUG: Checking calendar for next 48 hours...[0m
[0;32m[2026-03-02 05:30:00] INFO: Found 1 upcoming event(s) in next 48 hours[0m
[0;32m[2026-03-02 06:00:00] INFO: === Starting Heartbeat + Maintenance ===[0m
[0;32m[2026-03-02 06:00:00] INFO: Quiet hours (23:00-08:00), running minimal checks only[0m
[0;32m[2026-03-02 06:00:00] INFO: Checking HEARTBEAT conditions...[0m
[1;33m[2026-03-02 06:00:00] WARN: Alert triggered: IHS Towers email detected - URGENT[0m
[1;33m[2026-03-02 06:00:00] WARN: Alert triggered: Deadline within 24 hours[0m
[0;34m[2026-03-02 06:00:00] DEBUG: Checking calendar for next 48 hours...[0m
[0;34m[2026-03-02 06:00:00] DEBUG: Checking IHS Towers follow-ups...[0m
[1;33m[2026-03-02 06:00:00] WARN: Found 2 urgent item(s) requiring attention[0m
[0;32m[2026-03-02 06:30:00] INFO: === Starting Heartbeat + Maintenance ===[0m
[0;32m[2026-03-02 06:30:00] INFO: Quiet hours (23:00-08:00), running minimal checks only[0m
[0;32m[2026-03-02 06:30:00] INFO: Checking HEARTBEAT conditions...[0m
[1;33m[2026-03-02 06:30:00] WARN: Alert triggered: IHS Towers email detected - URGENT[0m
[1;33m[2026-03-02 06:30:00] WARN: Alert triggered: Deadline within 24 hours[0m
[0;34m[2026-03-02 06:30:00] DEBUG: Checking calendar for next 48 hours...[0m
[0;34m[2026-03-02 06:30:00] DEBUG: Checking IHS Towers follow-ups...[0m
[1;33m[2026-03-02 06:30:00] WARN: Found 2 urgent item(s) requiring attention[0m
[0;32m[2026-03-02 07:00:00] INFO: === Starting Heartbeat + Maintenance ===[0m
[0;32m[2026-03-02 07:00:00] INFO: Quiet hours (23:00-08:00), running minimal checks only[0m
[0;32m[2026-03-02 07:00:00] INFO: Checking HEARTBEAT conditions...[0m
[1;33m[2026-03-02 07:00:00] WARN: Alert triggered: IHS Towers email detected - URGENT[0m
[1;33m[2026-03-02 07:00:00] WARN: Alert triggered: Deadline within 24 hours[0m
[0;34m[2026-03-02 07:00:00] DEBUG: Checking calendar for next 48 hours...[0m
[0;34m[2026-03-02 07:00:00] DEBUG: Checking IHS Towers follow-ups...[0m
[1;33m[2026-03-02 07:00:00] WARN: IHS Towers follow-up may be needed[0m
[0;32m[2026-03-02 07:30:00] INFO: === Starting Heartbeat + Maintenance ===[0m
[0;32m[2026-03-02 07:30:00] INFO: Quiet hours (23:00-08:00), running minimal checks only[0m
[0;32m[2026-03-02 07:30:00] INFO: Checking HEARTBEAT conditions...[0m
[1;33m[2026-03-02 07:30:00] WARN: Alert triggered: IHS Towers email detected - URGENT[0m
[1;33m[2026-03-02 07:30:00] WARN: Alert triggered: Deadline within 24 hours[0m
[0;34m[2026-03-02 07:30:00] DEBUG: Checking calendar for next 48 hours...[0m
[0;34m[2026-03-02 07:30:00] DEBUG: Checking IHS Towers follow-ups...[0m
[1;33m[2026-03-02 07:30:00] WARN: Found 2 urgent item(s) requiring attention[0m
[0;32m[2026-03-02 08:00:00] INFO: === Starting Heartbeat + Maintenance ===[0m
[0;32m[2026-03-02 08:00:00] INFO: Checking HEARTBEAT conditions...[0m
[1;33m[2026-03-02 08:00:00] WARN: Alert triggered: IHS Towers email detected - URGENT[0m
[1;33m[2026-03-02 08:00:00] WARN: Alert triggered: Deadline within 24 hours[0m
[0;34m[2026-03-02 08:00:00] DEBUG: Checking calendar for next 48 hours...[0m
[0;34m[2026-03-02 08:00:00] DEBUG: Checking IHS Towers follow-ups...[0m
[1;33m[2026-03-02 08:00:00] WARN: Found 2 urgent item(s) requiring attention[0m
[0;32m[2026-03-02 08:30:00] INFO: === Starting Heartbeat + Maintenance ===[0m
[0;32m[2026-03-02 08:30:00] INFO: Checking HEARTBEAT conditions...[0m
[1;33m[2026-03-02 08:30:00] WARN: Alert triggered: IHS Towers email detected - URGENT[0m
[1;33m[2026-03-02 08:30:00] WARN: Alert triggered: Deadline within 24 hours[0m
[0;34m[2026-03-02 08:30:00] DEBUG: Checking calendar for next 48 hours...[0m
[0;34m[2026-03-02 08:30:00] DEBUG: Checking IHS Towers follow-ups...[0m
[1;33m[2026-03-02 08:30:00] WARN: Found 2 urgent item(s) requiring attention[0m
[0;32m[2026-03-02 09:00:00] INFO: === Starting Heartbeat + Maintenance ===[0m
[0;32m[2026-03-02 09:00:00] INFO: Checking HEARTBEAT conditions...[0m
[1;33m[2026-03-02 09:00:00] WARN: Alert triggered: IHS Towers email detected - URGENT[0m
[1;33m[2026-03-02 09:00:00] WARN: Alert triggered: Deadline within 24 hours[0m
[0;34m[2026-03-02 09:00:00] DEBUG: Checking calendar for next 48 hours...[0m
[0;34m[2026-03-02 09:00:00] DEBUG: Checking IHS Towers follow-ups...[0m
[1;33m[2026-03-02 09:00:00] WARN: Found 2 urgent item(s) requiring attention[0m
[0;32m[2026-03-02 09:30:01] INFO: === Starting Heartbeat + Maintenance ===[0m
[0;32m[2026-03-02 09:30:01] INFO: Checking HEARTBEAT conditions...[0m
[1;33m[2026-03-02 09:30:01] WARN: Alert triggered: IHS Towers email detected - URGENT[0m
[1;33m[2026-03-02 09:30:01] WARN: Alert triggered: Deadline within 24 hours[0m
[0;34m[2026-03-02 09:30:01] DEBUG: Checking calendar for next 48 hours...[0m
[0;32m[2026-03-02 09:30:01] INFO: Found 1 upcoming event(s) in next 48 hours[0m
[0;32m[2026-03-02 10:00:00] INFO: === Starting Heartbeat + Maintenance ===[0m
[0;32m[2026-03-02 10:00:00] INFO: Checking HEARTBEAT conditions...[0m
[1;33m[2026-03-02 10:00:00] WARN: Alert triggered: IHS Towers email detected - URGENT[0m
[1;33m[2026-03-02 10:00:00] WARN: Alert triggered: Deadline within 24 hours[0m
[0;34m[2026-03-02 10:00:00] DEBUG: Checking calendar for next 48 hours...[0m
[0;34m[2026-03-02 10:00:00] DEBUG: Checking IHS Towers follow-ups...[0m
[1;33m[2026-03-02 10:00:00] WARN: Found 2 urgent item(s) requiring attention[0m
[0;32m[2026-03-02 10:30:01] INFO: === Starting Heartbeat + Maintenance ===[0m
[0;32m[2026-03-02 10:30:01] INFO: Checking HEARTBEAT conditions...[0m
[1;33m[2026-03-02 10:30:01] WARN: Alert triggered: IHS Towers email detected - URGENT[0m
[1;33m[2026-03-02 10:30:01] WARN: Alert triggered: Deadline within 24 hours[0m
[0;34m[2026-03-02 10:30:01] DEBUG: Checking calendar for next 48 hours...[0m
[0;34m[2026-03-02 10:30:01] DEBUG: Checking IHS Towers follow-ups...[0m
[1;33m[2026-03-02 10:30:01] WARN: Found 2 urgent item(s) requiring attention[0m
[0;32m[2026-03-02 11:00:00] INFO: === Starting Heartbeat + Maintenance ===[0m
[0;32m[2026-03-02 11:00:00] INFO: Checking HEARTBEAT conditions...[0m
[1;33m[2026-03-02 11:00:00] WARN: Alert triggered: IHS Towers email detected - URGENT[0m
[1;33m[2026-03-02 11:00:01] WARN: Alert triggered: Deadline within 24 hours[0m
[0;34m[2026-03-02 11:00:01] DEBUG: Checking calendar for next 48 hours...[0m
[0;32m[2026-03-02 11:00:01] INFO: Found 1 upcoming event(s) in next 48 hours[0m
[0;32m[2026-03-02 11:30:01] INFO: === Starting Heartbeat + Maintenance ===[0m
[0;32m[2026-03-02 11:30:01] INFO: Checking HEARTBEAT conditions...[0m
[1;33m[2026-03-02 11:30:01] WARN: Alert triggered: IHS Towers email detected - URGENT[0m
[1;33m[2026-03-02 11:30:01] WARN: Alert triggered: Deadline within 24 hours[0m
[0;34m[2026-03-02 11:30:01] DEBUG: Checking calendar for next 48 hours...[0m
[0;34m[2026-03-02 11:30:01] DEBUG: Checking IHS Towers follow-ups...[0m
[1;33m[2026-03-02 11:30:01] WARN: Found 2 urgent item(s) requiring attention[0m
[0;32m[2026-03-02 12:00:00] INFO: === Starting Heartbeat + Maintenance ===[0m
[0;32m[2026-03-02 12:00:00] INFO: Checking HEARTBEAT conditions...[0m
[1;33m[2026-03-02 12:00:01] WARN: Alert triggered: IHS Towers email detected - URGENT[0m
[1;33m[2026-03-02 12:00:01] WARN: Alert triggered: Deadline within 24 hours[0m
[0;34m[2026-03-02 12:00:01] DEBUG: Checking calendar for next 48 hours...[0m
[0;34m[2026-03-02 12:00:01] DEBUG: Checking IHS Towers follow-ups...[0m
[1;33m[2026-03-02 12:00:01] WARN: Found 2 urgent item(s) requiring attention[0m
[0;32m[2026-03-02 12:30:00] INFO: === Starting Heartbeat + Maintenance ===[0m
[0;32m[2026-03-02 12:30:00] INFO: Checking HEARTBEAT conditions...[0m
[1;33m[2026-03-02 12:30:00] WARN: Alert triggered: IHS Towers email detected - URGENT[0m
[1;33m[2026-03-02 12:30:01] WARN: Alert triggered: Deadline within 24 hours[0m
[0;34m[2026-03-02 12:30:01] DEBUG: Checking calendar for next 48 hours...[0m
[0;34m[2026-03-02 12:30:01] DEBUG: Checking IHS Towers follow-ups...[0m
[1;33m[2026-03-02 12:30:01] WARN: Found 2 urgent item(s) requiring attention[0m
[0;32m[2026-03-02 13:00:00] INFO: === Starting Heartbeat + Maintenance ===[0m
[0;32m[2026-03-02 13:00:00] INFO: Checking HEARTBEAT conditions...[0m
[1;33m[2026-03-02 13:00:00] WARN: Alert triggered: IHS Towers email detected - URGENT[0m
[1;33m[2026-03-02 13:00:00] WARN: Alert triggered: Deadline within 24 hours[0m
[0;34m[2026-03-02 13:00:00] DEBUG: Checking calendar for next 48 hours...[0m
[0;34m[2026-03-02 13:00:00] DEBUG: Checking IHS Towers follow-ups...[0m
[1;33m[2026-03-02 13:00:00] WARN: Found 2 urgent item(s) requiring attention[0m
[0;32m[2026-03-02 13:30:00] INFO: === Starting Heartbeat + Maintenance ===[0m
[0;32m[2026-03-02 13:30:00] INFO: Checking HEARTBEAT conditions...[0m
[1;33m[2026-03-02 13:30:00] WARN: Alert triggered: IHS Towers email detected - URGENT[0m
[1;33m[2026-03-02 13:30:00] WARN: Alert triggered: Deadline within 24 hours[0m
[0;34m[2026-03-02 13:30:00] DEBUG: Checking calendar for next 48 hours...[0m
[0;34m[2026-03-02 13:30:00] DEBUG: Checking IHS Towers follow-ups...[0m
[1;33m[2026-03-02 13:30:00] WARN: Found 2 urgent item(s) requiring attention[0m
[0;32m[2026-03-02 14:00:00] INFO: === Starting Heartbeat + Maintenance ===[0m
[0;32m[2026-03-02 14:00:00] INFO: Checking HEARTBEAT conditions...[0m
[1;33m[2026-03-02 14:00:00] WARN: Alert triggered: IHS Towers email detected - URGENT[0m
[1;33m[2026-03-02 14:00:00] WARN: Alert triggered: Deadline within 24 hours[0m
[0;34m[2026-03-02 14:00:00] DEBUG: Checking calendar for next 48 hours...[0m
[0;34m[2026-03-02 14:00:00] DEBUG: Checking IHS Towers follow-ups...[0m
[1;33m[2026-03-02 14:00:00] WARN: Found 2 urgent item(s) requiring attention[0m
[0;32m[2026-03-02 14:30:00] INFO: === Starting Heartbeat + Maintenance ===[0m
[0;32m[2026-03-02 14:30:00] INFO: Checking HEARTBEAT conditions...[0m
[1;33m[2026-03-02 14:30:00] WARN: Alert triggered: IHS Towers email detected - URGENT[0m
[1;33m[2026-03-02 14:30:00] WARN: Alert triggered: Deadline within 24 hours[0m
[0;34m[2026-03-02 14:30:00] DEBUG: Checking calendar for next 48 hours...[0m
[0;34m[2026-03-02 14:30:00] DEBUG: Checking IHS Towers follow-ups...[0m
[1;33m[2026-03-02 14:30:00] WARN: Found 2 urgent item(s) requiring attention[0m
[0;32m[2026-03-02 15:00:00] INFO: === Starting Heartbeat + Maintenance ===[0m
[0;32m[2026-03-02 15:00:00] INFO: Checking HEARTBEAT conditions...[0m
[1;33m[2026-03-02 15:00:00] WARN: Alert triggered: IHS Towers email detected - URGENT[0m
[1;33m[2026-03-02 15:00:00] WARN: Alert triggered: Deadline within 24 hours[0m
[0;34m[2026-03-02 15:00:00] DEBUG: Checking calendar for next 48 hours...[0m
[0;34m[2026-03-02 15:00:00] DEBUG: Checking IHS Towers follow-ups...[0m
[1;33m[2026-03-02 15:00:00] WARN: Found 2 urgent item(s) requiring attention[0m
[0;32m[2026-03-02 15:30:01] INFO: === Starting Heartbeat + Maintenance ===[0m
[0;32m[2026-03-02 15:30:01] INFO: Checking HEARTBEAT conditions...[0m
[1;33m[2026-03-02 15:30:01] WARN: Alert triggered: IHS Towers email detected - URGENT[0m
[1;33m[2026-03-02 15:30:01] WARN: Alert triggered: Deadline within 24 hours[0m
[0;34m[2026-03-02 15:30:01] DEBUG: Checking calendar for next 48 hours...[0m
[0;32m[2026-03-02 15:30:01] INFO: Found 2 upcoming event(s) in next 48 hours[0m
[1;33m[2026-03-02 15:30:01] WARN: Meeting preparation may be needed for upcoming events[0m
[0;32m[2026-03-02 16:00:01] INFO: === Starting Heartbeat + Maintenance ===[0m
[0;32m[2026-03-02 16:00:01] INFO: Checking HEARTBEAT conditions...[0m
[1;33m[2026-03-02 16:00:01] WARN: Alert triggered: IHS Towers email detected - URGENT[0m
[1;33m[2026-03-02 16:00:01] WARN: Alert triggered: Deadline within 24 hours[0m
[0;34m[2026-03-02 16:00:01] DEBUG: Checking calendar for next 48 hours...[0m
[0;34m[2026-03-02 16:00:01] DEBUG: Checking IHS Towers follow-ups...[0m
[1;33m[2026-03-02 16:00:01] WARN: Found 2 urgent item(s) requiring attention[0m
[0;32m[2026-03-02 16:30:00] INFO: === Starting Heartbeat + Maintenance ===[0m
[0;32m[2026-03-02 16:30:00] INFO: Checking HEARTBEAT conditions...[0m
[1;33m[2026-03-02 16:30:00] WARN: Alert triggered: IHS Towers email detected - URGENT[0m
[1;33m[2026-03-02 16:30:00] WARN: Alert triggered: Deadline within 24 hours[0m
[0;34m[2026-03-02 16:30:00] DEBUG: Checking calendar for next 48 hours...[0m
[0;34m[2026-03-02 16:30:00] DEBUG: Checking IHS Towers follow-ups...[0m
[1;33m[2026-03-02 16:30:00] WARN: Found 2 urgent item(s) requiring attention[0m
[0;32m[2026-03-02 17:00:00] INFO: === Starting Heartbeat + Maintenance ===[0m
[0;32m[2026-03-02 17:00:00] INFO: Checking HEARTBEAT conditions...[0m
[1;33m[2026-03-02 17:00:00] WARN: Alert triggered: IHS Towers email detected - URGENT[0m
[1;33m[2026-03-02 17:00:00] WARN: Alert triggered: Deadline within 24 hours[0m
[0;34m[2026-03-02 17:00:00] DEBUG: Checking calendar for next 48 hours...[0m
[0;34m[2026-03-02 17:00:00] DEBUG: Checking IHS Towers follow-ups...[0m
[1;33m[2026-03-02 17:00:00] WARN: Found 2 urgent item(s) requiring attention[0m
[0;32m[2026-03-02 17:30:00] INFO: === Starting Heartbeat + Maintenance ===[0m
[0;32m[2026-03-02 17:30:00] INFO: Checking HEARTBEAT conditions...[0m
[1;33m[2026-03-02 17:30:00] WARN: Alert triggered: IHS Towers email detected - URGENT[0m
[1;33m[2026-03-02 17:30:00] WARN: Alert triggered: Deadline within 24 hours[0m
[0;34m[2026-03-02 17:30:00] DEBUG: Checking calendar for next 48 hours...[0m
[0;34m[2026-03-02 17:30:00] DEBUG: Checking IHS Towers follow-ups...[0m
[1;33m[2026-03-02 17:30:00] WARN: Found 2 urgent item(s) requiring attention[0m
[0;32m[2026-03-02 18:00:01] INFO: === Starting Heartbeat + Maintenance ===[0m
[0;32m[2026-03-02 18:00:01] INFO: Checking HEARTBEAT conditions...[0m
[1;33m[2026-03-02 18:00:01] WARN: Alert triggered: IHS Towers email detected - URGENT[0m
[1;33m[2026-03-02 18:00:01] WARN: Alert triggered: Deadline within 24 hours[0m
[0;34m[2026-03-02 18:00:01] DEBUG: Checking calendar for next 48 hours...[0m
[0;34m[2026-03-02 18:00:01] DEBUG: Checking IHS Towers follow-ups...[0m
[1;33m[2026-03-02 18:00:01] WARN: Found 2 urgent item(s) requiring attention[0m
[0;32m[2026-03-02 18:30:00] INFO: === Starting Heartbeat + Maintenance ===[0m
[0;32m[2026-03-02 18:30:00] INFO: Checking HEARTBEAT conditions...[0m
[1;33m[2026-03-02 18:30:00] WARN: Alert triggered: IHS Towers email detected - URGENT[0m
[1;33m[2026-03-02 18:30:01] WARN: Alert triggered: Deadline within 24 hours[0m
[0;34m[2026-03-02 18:30:01] DEBUG: Checking calendar for next 48 hours...[0m
[0;34m[2026-03-02 18:30:01] DEBUG: Checking IHS Towers follow-ups...[0m
[1;33m[2026-03-02 18:30:01] WARN: Found 2 urgent item(s) requiring attention[0m
[0;32m[2026-03-02 19:00:00] INFO: === Starting Heartbeat + Maintenance ===[0m
[0;32m[2026-03-02 19:00:00] INFO: Checking HEARTBEAT conditions...[0m
[1;33m[2026-03-02 19:00:00] WARN: Alert triggered: IHS Towers email detected - URGENT[0m
[1;33m[2026-03-02 19:00:00] WARN: Alert triggered: Deadline within 24 hours[0m
[0;34m[2026-03-02 19:00:00] DEBUG: Checking calendar for next 48 hours...[0m
[0;34m[2026-03-02 19:00:00] DEBUG: Checking IHS Towers follow-ups...[0m
[1;33m[2026-03-02 19:00:00] WARN: Found 2 urgent item(s) requiring attention[0m
[0;32m[2026-03-02 19:30:01] INFO: === Starting Heartbeat + Maintenance ===[0m
[0;32m[2026-03-02 19:30:01] INFO: Checking HEARTBEAT conditions...[0m
[1;33m[2026-03-02 19:30:01] WARN: Alert triggered: IHS Towers email detected - URGENT[0m
[1;33m[2026-03-02 19:30:01] WARN: Alert triggered: Deadline within 24 hours[0m
[0;34m[2026-03-02 19:30:01] DEBUG: Checking calendar for next 48 hours...[0m
[0;34m[2026-03-02 19:30:01] DEBUG: Checking IHS Towers follow-ups...[0m
[1;33m[2026-03-02 19:30:01] WARN: Found 2 urgent item(s) requiring attention[0m
[0;32m[2026-03-02 20:00:00] INFO: === Starting Heartbeat + Maintenance ===[0m
[0;32m[2026-03-02 20:00:00] INFO: Checking HEARTBEAT conditions...[0m
[1;33m[2026-03-02 20:00:00] WARN: Alert triggered: IHS Towers email detected - URGENT[0m
[1;33m[2026-03-02 20:00:00] WARN: Alert triggered: Deadline within 24 hours[0m
[0;34m[2026-03-02 20:00:00] DEBUG: Checking calendar for next 48 hours...[0m
[0;34m[2026-03-02 20:00:00] DEBUG: Checking IHS Towers follow-ups...[0m
[1;33m[2026-03-02 20:00:00] WARN: Found 2 urgent item(s) requiring attention[0m
[0;32m[2026-03-02 20:30:01] INFO: === Starting Heartbeat + Maintenance ===[0m
[0;32m[2026-03-02 20:30:01] INFO: Checking HEARTBEAT conditions...[0m
[1;33m[2026-03-02 20:30:01] WARN: Alert triggered: IHS Towers email detected - URGENT[0m
[1;33m[2026-03-02 20:30:01] WARN: Alert triggered: Deadline within 24 hours[0m
[0;34m[2026-03-02 20:30:01] DEBUG: Checking calendar for next 48 hours...[0m
[0;34m[2026-03-02 20:30:01] DEBUG: Checking IHS Towers follow-ups...[0m
[1;33m[2026-03-02 20:30:01] WARN: Found 2 urgent item(s) requiring attention[0m
[0;32m[2026-03-02 21:00:00] INFO: === Starting Heartbeat + Maintenance ===[0m
[0;32m[2026-03-02 21:00:00] INFO: Checking HEARTBEAT conditions...[0m
[1;33m[2026-03-02 21:00:00] WARN: Alert triggered: IHS Towers email detected - URGENT[0m
[1;33m[2026-03-02 21:00:00] WARN: Alert triggered: Deadline within 24 hours[0m
[0;34m[2026-03-02 21:00:00] DEBUG: Checking calendar for next 48 hours...[0m
[0;32m[2026-03-02 21:00:00] INFO: Found 2 upcoming event(s) in next 48 hours[0m
[0;32m[2026-03-02 21:30:00] INFO: === Starting Heartbeat + Maintenance ===[0m
[0;32m[2026-03-02 21:30:00] INFO: Checking HEARTBEAT conditions...[0m
[1;33m[2026-03-02 21:30:00] WARN: Alert triggered: IHS Towers email detected - URGENT[0m
[1;33m[2026-03-02 21:30:00] WARN: Alert triggered: Deadline within 24 hours[0m
[0;34m[2026-03-02 21:30:00] DEBUG: Checking calendar for next 48 hours...[0m
[0;34m[2026-03-02 21:30:00] DEBUG: Checking IHS Towers follow-ups...[0m
[1;33m[2026-03-02 21:30:00] WARN: Found 2 urgent item(s) requiring attention[0m
[0;32m[2026-03-03 09:00:00] INFO: === Starting Heartbeat + Maintenance ===[0m
[0;32m[2026-03-03 09:00:00] INFO: Checking HEARTBEAT conditions...[0m
[1;33m[2026-03-03 09:00:00] WARN: Alert triggered: IHS Towers email detected - URGENT[0m
[1;33m[2026-03-03 09:00:00] WARN: Alert triggered: Deadline within 24 hours[0m
[0;34m[2026-03-03 09:00:00] DEBUG: Checking calendar for next 48 hours...[0m
[0;34m[2026-03-03 09:00:00] DEBUG: Checking IHS Towers follow-ups...[0m
[1;33m[2026-03-03 09:00:00] WARN: Found 2 urgent item(s) requiring attention[0m
[0;32m[2026-03-03 09:30:00] INFO: === Starting Heartbeat + Maintenance ===[0m
[0;32m[2026-03-03 09:30:00] INFO: Checking HEARTBEAT conditions...[0m
[1;33m[2026-03-03 09:30:00] WARN: Alert triggered: IHS Towers email detected - URGENT[0m
[1;33m[2026-03-03 09:30:00] WARN: Alert triggered: Deadline within 24 hours[0m
[0;34m[2026-03-03 09:30:00] DEBUG: Checking calendar for next 48 hours...[0m
[0;34m[2026-03-03 09:30:00] DEBUG: Checking IHS Towers follow-ups...[0m
[1;33m[2026-03-03 09:30:00] WARN: Found 2 urgent item(s) requiring attention[0m
[0;32m[2026-03-03 10:00:00] INFO: === Starting Heartbeat + Maintenance ===[0m
[0;32m[2026-03-03 10:00:00] INFO: Checking HEARTBEAT conditions...[0m
[1;33m[2026-03-03 10:00:00] WARN: Alert triggered: IHS Towers email detected - URGENT[0m
[1;33m[2026-03-03 10:00:00] WARN: Alert triggered: Deadline within 24 hours[0m
[0;34m[2026-03-03 10:00:00] DEBUG: Checking calendar for next 48 hours...[0m
[0;34m[2026-03-03 10:00:00] DEBUG: Checking IHS Towers follow-ups...[0m
[1;33m[2026-03-03 10:00:00] WARN: Found 2 urgent item(s) requiring attention[0m
[0;32m[2026-03-03 10:30:00] INFO: === Starting Heartbeat + Maintenance ===[0m
[0;32m[2026-03-03 10:30:00] INFO: Checking HEARTBEAT conditions...[0m
[1;33m[2026-03-03 10:30:00] WARN: Alert triggered: IHS Towers email detected - URGENT[0m
[1;33m[2026-03-03 10:30:00] WARN: Alert triggered: Deadline within 24 hours[0m
[0;34m[2026-03-03 10:30:00] DEBUG: Checking calendar for next 48 hours...[0m
[0;34m[2026-03-03 10:30:00] DEBUG: Checking IHS Towers follow-ups...[0m
[1;33m[2026-03-03 10:30:00] WARN: Found 2 urgent item(s) requiring attention[0m
[0;32m[2026-03-03 11:00:01] INFO: === Starting Heartbeat + Maintenance ===[0m
[0;32m[2026-03-03 11:00:01] INFO: Checking HEARTBEAT conditions...[0m
[1;33m[2026-03-03 11:00:01] WARN: Alert triggered: IHS Towers email detected - URGENT[0m
[1;33m[2026-03-03 11:00:01] WARN: Alert triggered: Deadline within 24 hours[0m
[0;34m[2026-03-03 11:00:01] DEBUG: Checking calendar for next 48 hours...[0m
[0;34m[2026-03-03 11:00:01] DEBUG: Checking IHS Towers follow-ups...[0m
[1;33m[2026-03-03 11:00:01] WARN: Found 2 urgent item(s) requiring attention[0m
[0;32m[2026-03-03 11:30:00] INFO: === Starting Heartbeat + Maintenance ===[0m
[0;32m[2026-03-03 11:30:00] INFO: Checking HEARTBEAT conditions...[0m
[1;33m[2026-03-03 11:30:00] WARN: Alert triggered: IHS Towers email detected - URGENT[0m
[1;33m[2026-03-03 11:30:00] WARN: Alert triggered: Deadline within 24 hours[0m
[0;34m[2026-03-03 11:30:00] DEBUG: Checking calendar for next 48 hours...[0m
[0;34m[2026-03-03 11:30:00] DEBUG: Checking IHS Towers follow-ups...[0m
[1;33m[2026-03-03 11:30:00] WARN: Found 2 urgent item(s) requiring attention[0m
[0;32m[2026-03-03 12:00:00] INFO: === Starting Heartbeat + Maintenance ===[0m
[0;32m[2026-03-03 12:00:00] INFO: Checking HEARTBEAT conditions...[0m
[1;33m[2026-03-03 12:00:01] WARN: Alert triggered: IHS Towers email detected - URGENT[0m
[1;33m[2026-03-03 12:00:01] WARN: Alert triggered: Deadline within 24 hours[0m
[0;34m[2026-03-03 12:00:01] DEBUG: Checking calendar for next 48 hours...[0m
[0;34m[2026-03-03 12:00:01] DEBUG: Checking IHS Towers follow-ups...[0m
[1;33m[2026-03-03 12:00:01] WARN: Found 2 urgent item(s) requiring attention[0m
[0;32m[2026-03-03 12:30:00] INFO: === Starting Heartbeat + Maintenance ===[0m
[0;32m[2026-03-03 12:30:00] INFO: Checking HEARTBEAT conditions...[0m
[1;33m[2026-03-03 12:30:00] WARN: Alert triggered: IHS Towers email detected - URGENT[0m
[1;33m[2026-03-03 12:30:00] WARN: Alert triggered: Deadline within 24 hours[0m
[0;34m[2026-03-03 12:30:00] DEBUG: Checking calendar for next 48 hours...[0m
[0;34m[2026-03-03 12:30:00] DEBUG: Checking IHS Towers follow-ups...[0m
[1;33m[2026-03-03 12:30:00] WARN: Found 2 urgent item(s) requiring attention[0m
[0;32m[2026-03-03 13:00:01] INFO: === Starting Heartbeat + Maintenance ===[0m
[0;32m[2026-03-03 13:00:01] INFO: Checking HEARTBEAT conditions...[0m
[1;33m[2026-03-03 13:00:01] WARN: Alert triggered: IHS Towers email detected - URGENT[0m
[1;33m[2026-03-03 13:00:01] WARN: Alert triggered: Deadline within 24 hours[0m
[0;34m[2026-03-03 13:00:01] DEBUG: Checking calendar for next 48 hours...[0m
[0;34m[2026-03-03 13:00:01] DEBUG: Checking IHS Towers follow-ups...[0m
[1;33m[2026-03-03 13:00:01] WARN: Found 2 urgent item(s) requiring attention[0m
[0;32m[2026-03-03 13:30:00] INFO: === Starting Heartbeat + Maintenance ===[0m
[0;32m[2026-03-03 13:30:00] INFO: Checking HEARTBEAT conditions...[0m
[1;33m[2026-03-03 13:30:00] WARN: Alert triggered: IHS Towers email detected - URGENT[0m
[1;33m[2026-03-03 13:30:00] WARN: Alert triggered: Deadline within 24 hours[0m
[0;34m[2026-03-03 13:30:00] DEBUG: Checking calendar for next 48 hours...[0m
[0;34m[2026-03-03 13:30:00] DEBUG: Checking IHS Towers follow-ups...[0m
[1;33m[2026-03-03 13:30:00] WARN: Found 2 urgent item(s) requiring attention[0m
[0;32m[2026-03-03 14:00:00] INFO: === Starting Heartbeat + Maintenance ===[0m
[0;32m[2026-03-03 14:00:00] INFO: Checking HEARTBEAT conditions...[0m
[1;33m[2026-03-03 14:00:00] WARN: Alert triggered: IHS Towers email detected - URGENT[0m
[1;33m[2026-03-03 14:00:00] WARN: Alert triggered: Deadline within 24 hours[0m
[0;34m[2026-03-03 14:00:00] DEBUG: Checking calendar for next 48 hours...[0m
[0;34m[2026-03-03 14:00:00] DEBUG: Checking IHS Towers follow-ups...[0m
[1;33m[2026-03-03 14:00:00] WARN: Found 2 urgent item(s) requiring attention[0m
[0;32m[2026-03-03 14:30:00] INFO: === Starting Heartbeat + Maintenance ===[0m
[0;32m[2026-03-03 14:30:00] INFO: Checking HEARTBEAT conditions...[0m
[1;33m[2026-03-03 14:30:00] WARN: Alert triggered: IHS Towers email detected - URGENT[0m
[1;33m[2026-03-03 14:30:00] WARN: Alert triggered: Deadline within 24 hours[0m
[0;34m[2026-03-03 14:30:00] DEBUG: Checking calendar for next 48 hours...[0m
[0;34m[2026-03-03 14:30:00] DEBUG: Checking IHS Towers follow-ups...[0m
[1;33m[2026-03-03 14:30:00] WARN: Found 2 urgent item(s) requiring attention[0m
[0;32m[2026-03-03 15:00:00] INFO: === Starting Heartbeat + Maintenance ===[0m
[0;32m[2026-03-03 15:00:00] INFO: Checking HEARTBEAT conditions...[0m
[1;33m[2026-03-03 15:00:00] WARN: Alert triggered: IHS Towers email detected - URGENT[0m
[1;33m[2026-03-03 15:00:00] WARN: Alert triggered: Deadline within 24 hours[0m
[0;34m[2026-03-03 15:00:00] DEBUG: Checking calendar for next 48 hours...[0m
[0;34m[2026-03-03 15:00:00] DEBUG: Checking IHS Towers follow-ups...[0m
[1;33m[2026-03-03 15:00:00] WARN: Found 2 urgent item(s) requiring attention[0m
[0;32m[2026-03-03 15:30:00] INFO: === Starting Heartbeat + Maintenance ===[0m
[0;32m[2026-03-03 15:30:00] INFO: Checking HEARTBEAT conditions...[0m
[1;33m[2026-03-03 15:30:00] WARN: Alert triggered: IHS Towers email detected - URGENT[0m
[1;33m[2026-03-03 15:30:00] WARN: Alert triggered: Deadline within 24 hours[0m
[0;34m[2026-03-03 15:30:00] DEBUG: Checking calendar for next 48 hours...[0m
[0;34m[2026-03-03 15:30:00] DEBUG: Checking IHS Towers follow-ups...[0m
[1;33m[2026-03-03 15:30:00] WARN: Found 2 urgent item(s) requiring attention[0m
[0;32m[2026-03-03 16:00:00] INFO: === Starting Heartbeat + Maintenance ===[0m
[0;32m[2026-03-03 16:00:00] INFO: Checking HEARTBEAT conditions...[0m
[1;33m[2026-03-03 16:00:00] WARN: Alert triggered: IHS Towers email detected - URGENT[0m
[1;33m[2026-03-03 16:00:00] WARN: Alert triggered: Deadline within 24 hours[0m
[0;34m[2026-03-03 16:00:00] DEBUG: Checking calendar for next 48 hours...[0m
[0;34m[2026-03-03 16:00:00] DEBUG: Checking IHS Towers follow-ups...[0m
[1;33m[2026-03-03 16:00:00] WARN: Found 2 urgent item(s) requiring attention[0m
[0;32m[2026-03-03 16:30:00] INFO: === Starting Heartbeat + Maintenance ===[0m
[0;32m[2026-03-03 16:30:00] INFO: Checking HEARTBEAT conditions...[0m
[1;33m[2026-03-03 16:30:00] WARN: Alert triggered: IHS Towers email detected - URGENT[0m
[1;33m[2026-03-03 16:30:00] WARN: Alert triggered: Deadline within 24 hours[0m
[0;34m[2026-03-03 16:30:00] DEBUG: Checking calendar for next 48 hours...[0m
[0;34m[2026-03-03 16:30:00] DEBUG: Checking IHS Towers follow-ups...[0m
[1;33m[2026-03-03 16:30:00] WARN: Found 2 urgent item(s) requiring attention[0m
[0;32m[2026-03-03 17:00:00] INFO: === Starting Heartbeat + Maintenance ===[0m
[0;32m[2026-03-03 17:00:00] INFO: Checking HEARTBEAT conditions...[0m
[1;33m[2026-03-03 17:00:00] WARN: Alert triggered: IHS Towers email detected - URGENT[0m
[1;33m[2026-03-03 17:00:00] WARN: Alert triggered: Deadline within 24 hours[0m
[0;34m[2026-03-03 17:00:00] DEBUG: Checking calendar for next 48 hours...[0m
[0;34m[2026-03-03 17:00:00] DEBUG: Checking IHS Towers follow-ups...[0m
[1;33m[2026-03-03 17:00:00] WARN: Found 2 urgent item(s) requiring attention[0m
[0;32m[2026-03-03 17:30:01] INFO: === Starting Heartbeat + Maintenance ===[0m
[0;32m[2026-03-03 17:30:01] INFO: Checking HEARTBEAT conditions...[0m
[1;33m[2026-03-03 17:30:01] WARN: Alert triggered: IHS Towers email detected - URGENT[0m
[1;33m[2026-03-03 17:30:01] WARN: Alert triggered: Deadline within 24 hours[0m
[0;34m[2026-03-03 17:30:01] DEBUG: Checking calendar for next 48 hours...[0m
[0;34m[2026-03-03 17:30:01] DEBUG: Checking IHS Towers follow-ups...[0m
[1;33m[2026-03-03 17:30:01] WARN: Found 2 urgent item(s) requiring attention[0m
[0;32m[2026-03-03 18:00:00] INFO: === Starting Heartbeat + Maintenance ===[0m
[0;32m[2026-03-03 18:00:00] INFO: Checking HEARTBEAT conditions...[0m
[1;33m[2026-03-03 18:00:00] WARN: Alert triggered: IHS Towers email detected - URGENT[0m
[1;33m[2026-03-03 18:00:00] WARN: Alert triggered: Deadline within 24 hours[0m
[0;34m[2026-03-03 18:00:00] DEBUG: Checking calendar for next 48 hours...[0m
[0;34m[2026-03-03 18:00:00] DEBUG: Checking IHS Towers follow-ups...[0m
[1;33m[2026-03-03 18:00:00] WARN: IHS Towers follow-up may be needed[0m
[0;32m[2026-03-03 18:30:00] INFO: === Starting Heartbeat + Maintenance ===[0m
[0;32m[2026-03-03 18:30:00] INFO: Checking HEARTBEAT conditions...[0m
[1;33m[2026-03-03 18:30:00] WARN: Alert triggered: IHS Towers email detected - URGENT[0m
[1;33m[2026-03-03 18:30:00] WARN: Alert triggered: Deadline within 24 hours[0m
[0;34m[2026-03-03 18:30:00] DEBUG: Checking calendar for next 48 hours...[0m
[0;34m[2026-03-03 18:30:00] DEBUG: Checking IHS Towers follow-ups...[0m
[1;33m[2026-03-03 18:30:00] WARN: Found 2 urgent item(s) requiring attention[0m
[0;32m[2026-03-03 19:00:00] INFO: === Starting Heartbeat + Maintenance ===[0m
[0;32m[2026-03-03 19:00:00] INFO: Checking HEARTBEAT conditions...[0m
[1;33m[2026-03-03 19:00:00] WARN: Alert triggered: IHS Towers email detected - URGENT[0m
[1;33m[2026-03-03 19:00:00] WARN: Alert triggered: Deadline within 24 hours[0m
[0;34m[2026-03-03 19:00:00] DEBUG: Checking calendar for next 48 hours...[0m
[0;34m[2026-03-03 19:00:00] DEBUG: Checking IHS Towers follow-ups...[0m
[1;33m[2026-03-03 19:00:00] WARN: Found 2 urgent item(s) requiring attention[0m
[0;32m[2026-03-03 19:30:00] INFO: === Starting Heartbeat + Maintenance ===[0m
[0;32m[2026-03-03 19:30:00] INFO: Checking HEARTBEAT conditions...[0m
[1;33m[2026-03-03 19:30:00] WARN: Alert triggered: IHS Towers email detected - URGENT[0m
[1;33m[2026-03-03 19:30:00] WARN: Alert triggered: Deadline within 24 hours[0m
[0;34m[2026-03-03 19:30:00] DEBUG: Checking calendar for next 48 hours...[0m
[0;34m[2026-03-03 19:30:00] DEBUG: Checking IHS Towers follow-ups...[0m
[1;33m[2026-03-03 19:30:00] WARN: Found 2 urgent item(s) requiring attention[0m
[0;32m[2026-03-03 20:00:00] INFO: === Starting Heartbeat + Maintenance ===[0m
[0;32m[2026-03-03 20:00:00] INFO: Checking HEARTBEAT conditions...[0m
[1;33m[2026-03-03 20:00:00] WARN: Alert triggered: IHS Towers email detected - URGENT[0m
[1;33m[2026-03-03 20:00:00] WARN: Alert triggered: Deadline within 24 hours[0m
[0;34m[2026-03-03 20:00:00] DEBUG: Checking calendar for next 48 hours...[0m
[0;34m[2026-03-03 20:00:00] DEBUG: Checking IHS Towers follow-ups...[0m
[1;33m[2026-03-03 20:00:00] WARN: Found 2 urgent item(s) requiring attention[0m
[0;32m[2026-03-03 20:30:00] INFO: === Starting Heartbeat + Maintenance ===[0m
[0;32m[2026-03-03 20:30:00] INFO: Checking HEARTBEAT conditions...[0m
[1;33m[2026-03-03 20:30:01] WARN: Alert triggered: IHS Towers email detected - URGENT[0m
[1;33m[2026-03-03 20:30:01] WARN: Alert triggered: Deadline within 24 hours[0m
[0;34m[2026-03-03 20:30:01] DEBUG: Checking calendar for next 48 hours...[0m
[0;34m[2026-03-03 20:30:01] DEBUG: Checking IHS Towers follow-ups...[0m
[1;33m[2026-03-03 20:30:01] WARN: IHS Towers follow-up may be needed[0m
[0;32m[2026-03-03 21:00:00] INFO: === Starting Heartbeat + Maintenance ===[0m
[0;32m[2026-03-03 21:00:00] INFO: Checking HEARTBEAT conditions...[0m
[1;33m[2026-03-03 21:00:00] WARN: Alert triggered: IHS Towers email detected - URGENT[0m
[1;33m[2026-03-03 21:00:00] WARN: Alert triggered: Deadline within 24 hours[0m
[0;34m[2026-03-03 21:00:00] DEBUG: Checking calendar for next 48 hours...[0m
[0;34m[2026-03-03 21:00:00] DEBUG: Checking IHS Towers follow-ups...[0m
[1;33m[2026-03-03 21:00:00] WARN: Found 2 urgent item(s) requiring attention[0m
[0;32m[2026-03-03 21:30:00] INFO: === Starting Heartbeat + Maintenance ===[0m
[0;32m[2026-03-03 21:30:00] INFO: Checking HEARTBEAT conditions...[0m
[1;33m[2026-03-03 21:30:00] WARN: Alert triggered: IHS Towers email detected - URGENT[0m
[1;33m[2026-03-03 21:30:00] WARN: Alert triggered: Deadline within 24 hours[0m
[0;34m[2026-03-03 21:30:00] DEBUG: Checking calendar for next 48 hours...[0m
[0;34m[2026-03-03 21:30:00] DEBUG: Checking IHS Towers follow-ups...[0m
[1;33m[2026-03-03 21:30:00] WARN: Found 2 urgent item(s) requiring attention[0m
[0;32m[2026-03-03 22:00:00] INFO: === Starting Heartbeat + Maintenance ===[0m
[0;32m[2026-03-03 22:00:00] INFO: Checking HEARTBEAT conditions...[0m
[1;33m[2026-03-03 22:00:00] WARN: Alert triggered: IHS Towers email detected - URGENT[0m
[1;33m[2026-03-03 22:00:00] WARN: Alert triggered: Deadline within 24 hours[0m
[0;34m[2026-03-03 22:00:00] DEBUG: Checking calendar for next 48 hours...[0m
[0;34m[2026-03-03 22:00:00] DEBUG: Checking IHS Towers follow-ups...[0m
[1;33m[2026-03-03 22:00:00] WARN: IHS Towers follow-up may be needed[0m
[0;32m[2026-03-03 22:30:00] INFO: === Starting Heartbeat + Maintenance ===[0m
[0;32m[2026-03-03 22:30:00] INFO: Checking HEARTBEAT conditions...[0m
[1;33m[2026-03-03 22:30:00] WARN: Alert triggered: IHS Towers email detected - URGENT[0m
[1;33m[2026-03-03 22:30:00] WARN: Alert triggered: Deadline within 24 hours[0m
[0;34m[2026-03-03 22:30:00] DEBUG: Checking calendar for next 48 hours...[0m
[0;34m[2026-03-03 22:30:00] DEBUG: Checking IHS Towers follow-ups...[0m
[1;33m[2026-03-03 22:30:00] WARN: Found 2 urgent item(s) requiring attention[0m
[0;32m[2026-03-03 23:00:00] INFO: === Starting Heartbeat + Maintenance ===[0m
[0;32m[2026-03-03 23:00:00] INFO: Quiet hours (23:00-08:00), running minimal checks only[0m
[0;32m[2026-03-03 23:00:00] INFO: Checking HEARTBEAT conditions...[0m
[1;33m[2026-03-03 23:00:00] WARN: Alert triggered: IHS Towers email detected - URGENT[0m
[1;33m[2026-03-03 23:00:00] WARN: Alert triggered: Deadline within 24 hours[0m
[0;34m[2026-03-03 23:00:00] DEBUG: Checking calendar for next 48 hours...[0m
[0;34m[2026-03-03 23:00:00] DEBUG: Checking IHS Towers follow-ups...[0m
[1;33m[2026-03-03 23:00:00] WARN: Found 2 urgent item(s) requiring attention[0m
[0;32m[2026-03-03 23:30:00] INFO: === Starting Heartbeat + Maintenance ===[0m
[0;32m[2026-03-03 23:30:00] INFO: Quiet hours (23:00-08:00), running minimal checks only[0m
[0;32m[2026-03-03 23:30:00] INFO: Checking HEARTBEAT conditions...[0m
[1;33m[2026-03-03 23:30:00] WARN: Alert triggered: IHS Towers email detected - URGENT[0m
[1;33m[2026-03-03 23:30:00] WARN: Alert triggered: Deadline within 24 hours[0m
[0;34m[2026-03-03 23:30:00] DEBUG: Checking calendar for next 48 hours...[0m
[0;34m[2026-03-03 23:30:00] DEBUG: Checking IHS Towers follow-ups...[0m
[1;33m[2026-03-03 23:30:00] WARN: Found 2 urgent item(s) requiring attention[0m
[0;32m[2026-03-04 00:00:00] INFO: === Starting Heartbeat + Maintenance ===[0m
[0;32m[2026-03-04 00:00:00] INFO: Quiet hours (23:00-08:00), running minimal checks only[0m
[0;32m[2026-03-04 00:00:00] INFO: Checking HEARTBEAT conditions...[0m
[1;33m[2026-03-04 00:00:00] WARN: Alert triggered: IHS Towers email detected - URGENT[0m
[1;33m[2026-03-04 00:00:00] WARN: Alert triggered: Deadline within 24 hours[0m
[0;34m[2026-03-04 00:00:00] DEBUG: Checking calendar for next 48 hours...[0m
[0;32m[2026-03-04 00:00:00] INFO: Found 2 upcoming event(s) in next 48 hours[0m
[0;32m[2026-03-04 00:30:00] INFO: === Starting Heartbeat + Maintenance ===[0m
[0;32m[2026-03-04 00:30:00] INFO: Quiet hours (23:00-08:00), running minimal checks only[0m
[0;32m[2026-03-04 00:30:00] INFO: Checking HEARTBEAT conditions...[0m
[1;33m[2026-03-04 00:30:00] WARN: Alert triggered: IHS Towers email detected - URGENT[0m
[1;33m[2026-03-04 00:30:00] WARN: Alert triggered: Deadline within 24 hours[0m
[0;34m[2026-03-04 00:30:00] DEBUG: Checking calendar for next 48 hours...[0m
[0;34m[2026-03-04 00:30:00] DEBUG: Checking IHS Towers follow-ups...[0m
[1;33m[2026-03-04 00:30:00] WARN: IHS Towers follow-up may be needed[0m
[0;32m[2026-03-04 01:00:00] INFO: === Starting Heartbeat + Maintenance ===[0m
[0;32m[2026-03-04 01:00:00] INFO: Quiet hours (23:00-08:00), running minimal checks only[0m
[0;32m[2026-03-04 01:00:00] INFO: Checking HEARTBEAT conditions...[0m
[1;33m[2026-03-04 01:00:00] WARN: Alert triggered: IHS Towers email detected - URGENT[0m
[1;33m[2026-03-04 01:00:00] WARN: Alert triggered: Deadline within 24 hours[0m
[0;34m[2026-03-04 01:00:00] DEBUG: Checking calendar for next 48 hours...[0m
[0;34m[2026-03-04 01:00:00] DEBUG: Checking IHS Towers follow-ups...[0m
[1;33m[2026-03-04 01:00:00] WARN: Found 2 urgent item(s) requiring attention[0m
[0;32m[2026-03-04 01:30:01] INFO: === Starting Heartbeat + Maintenance ===[0m
[0;32m[2026-03-04 01:30:01] INFO: Quiet hours (23:00-08:00), running minimal checks only[0m
[0;32m[2026-03-04 01:30:01] INFO: Checking HEARTBEAT conditions...[0m
[1;33m[2026-03-04 01:30:01] WARN: Alert triggered: IHS Towers email detected - URGENT[0m
[1;33m[2026-03-04 01:30:01] WARN: Alert triggered: Deadline within 24 hours[0m
[0;34m[2026-03-04 01:30:01] DEBUG: Checking calendar for next 48 hours...[0m
[0;34m[2026-03-04 01:30:01] DEBUG: Checking IHS Towers follow-ups...[0m
[1;33m[2026-03-04 01:30:01] WARN: Found 2 urgent item(s) requiring attention[0m
[0;32m[2026-03-04 02:00:00] INFO: === Starting Heartbeat + Maintenance ===[0m
[0;32m[2026-03-04 02:00:00] INFO: Quiet hours (23:00-08:00), running minimal checks only[0m
[0;32m[2026-03-04 02:00:00] INFO: Checking HEARTBEAT conditions...[0m
[1;33m[2026-03-04 02:00:00] WARN: Alert triggered: IHS Towers email detected - URGENT[0m
[1;33m[2026-03-04 02:00:00] WARN: Alert triggered: Deadline within 24 hours[0m
[0;34m[2026-03-04 02:00:00] DEBUG: Checking calendar for next 48 hours...[0m
[0;34m[2026-03-04 02:00:00] DEBUG: Checking IHS Towers follow-ups...[0m
[1;33m[2026-03-04 02:00:00] WARN: Found 2 urgent item(s) requiring attention[0m
[0;32m[2026-03-04 02:30:00] INFO: === Starting Heartbeat + Maintenance ===[0m
[0;32m[2026-03-04 02:30:00] INFO: Quiet hours (23:00-08:00), running minimal checks only[0m
[0;32m[2026-03-04 02:30:00] INFO: Checking HEARTBEAT conditions...[0m
[1;33m[2026-03-04 02:30:00] WARN: Alert triggered: IHS Towers email detected - URGENT[0m
[1;33m[2026-03-04 02:30:00] WARN: Alert triggered: Deadline within 24 hours[0m
[0;34m[2026-03-04 02:30:00] DEBUG: Checking calendar for next 48 hours...[0m
[0;34m[2026-03-04 02:30:00] DEBUG: Checking IHS Towers follow-ups...[0m
[1;33m[2026-03-04 02:30:00] WARN: Found 2 urgent item(s) requiring attention[0m
[0;32m[2026-03-04 03:00:00] INFO: === Starting Heartbeat + Maintenance ===[0m
[0;32m[2026-03-04 03:00:00] INFO: Quiet hours (23:00-08:00), running minimal checks only[0m
[0;32m[2026-03-04 03:00:00] INFO: Checking HEARTBEAT conditions...[0m
[1;33m[2026-03-04 03:00:00] WARN: Alert triggered: IHS Towers email detected - URGENT[0m
[1;33m[2026-03-04 03:00:00] WARN: Alert triggered: Deadline within 24 hours[0m
[0;34m[2026-03-04 03:00:00] DEBUG: Checking calendar for next 48 hours...[0m
[0;34m[2026-03-04 03:00:00] DEBUG: Checking IHS Towers follow-ups...[0m
[1;33m[2026-03-04 03:00:00] WARN: Found 2 urgent item(s) requiring attention[0m
[0;32m[2026-03-04 13:00:00] INFO: === Starting Heartbeat + Maintenance ===[0m
[0;32m[2026-03-04 13:00:00] INFO: Checking HEARTBEAT conditions...[0m
[1;33m[2026-03-04 13:00:00] WARN: Alert triggered: IHS Towers email detected - URGENT[0m
[1;33m[2026-03-04 13:00:00] WARN: Alert triggered: Deadline within 24 hours[0m
[0;34m[2026-03-04 13:00:00] DEBUG: Checking calendar for next 48 hours...[0m
[0;34m[2026-03-04 13:00:00] DEBUG: Checking IHS Towers follow-ups...[0m
[1;33m[2026-03-04 13:00:00] WARN: Found 2 urgent item(s) requiring attention[0m
[0;32m[2026-03-04 13:30:00] INFO: === Starting Heartbeat + Maintenance ===[0m
[0;32m[2026-03-04 13:30:00] INFO: Checking HEARTBEAT conditions...[0m
[1;33m[2026-03-04 13:30:00] WARN: Alert triggered: IHS Towers email detected - URGENT[0m
[1;33m[2026-03-04 13:30:00] WARN: Alert triggered: Deadline within 24 hours[0m
[0;34m[2026-03-04 13:30:00] DEBUG: Checking calendar for next 48 hours...[0m
[0;34m[2026-03-04 13:30:00] DEBUG: Checking IHS Towers follow-ups...[0m
[1;33m[2026-03-04 13:30:00] WARN: IHS Towers follow-up may be needed[0m
[0;32m[2026-03-04 14:00:00] INFO: === Starting Heartbeat + Maintenance ===[0m
[0;32m[2026-03-04 14:00:00] INFO: Checking HEARTBEAT conditions...[0m
[1;33m[2026-03-04 14:00:00] WARN: Alert triggered: IHS Towers email detected - URGENT[0m
[1;33m[2026-03-04 14:00:00] WARN: Alert triggered: Deadline within 24 hours[0m
[0;34m[2026-03-04 14:00:00] DEBUG: Checking calendar for next 48 hours...[0m
[0;34m[2026-03-04 14:00:00] DEBUG: Checking IHS Towers follow-ups...[0m
[1;33m[2026-03-04 14:00:01] WARN: Found 2 urgent item(s) requiring attention[0m
[0;32m[2026-03-04 14:30:00] INFO: === Starting Heartbeat + Maintenance ===[0m
[0;32m[2026-03-04 14:30:00] INFO: Checking HEARTBEAT conditions...[0m
[1;33m[2026-03-04 14:30:00] WARN: Alert triggered: IHS Towers email detected - URGENT[0m
[1;33m[2026-03-04 14:30:00] WARN: Alert triggered: Deadline within 24 hours[0m
[0;34m[2026-03-04 14:30:00] DEBUG: Checking calendar for next 48 hours...[0m
[0;34m[2026-03-04 14:30:00] DEBUG: Checking IHS Towers follow-ups...[0m
[1;33m[2026-03-04 14:30:00] WARN: Found 2 urgent item(s) requiring attention[0m
[0;32m[2026-03-04 15:00:01] INFO: === Starting Heartbeat + Maintenance ===[0m
[0;32m[2026-03-04 15:00:01] INFO: Checking HEARTBEAT conditions...[0m
[1;33m[2026-03-04 15:00:01] WARN: Alert triggered: IHS Towers email detected - URGENT[0m
[1;33m[2026-03-04 15:00:01] WARN: Alert triggered: Deadline within 24 hours[0m
[0;34m[2026-03-04 15:00:01] DEBUG: Checking calendar for next 48 hours...[0m
[0;34m[2026-03-04 15:00:01] DEBUG: Checking IHS Towers follow-ups...[0m
[1;33m[2026-03-04 15:00:01] WARN: IHS Towers follow-up may be needed[0m
[0;32m[2026-03-04 15:30:00] INFO: === Starting Heartbeat + Maintenance ===[0m
[0;32m[2026-03-04 15:30:00] INFO: Checking HEARTBEAT conditions...[0m
[1;33m[2026-03-04 15:30:00] WARN: Alert triggered: IHS Towers email detected - URGENT[0m
[1;33m[2026-03-04 15:30:00] WARN: Alert triggered: Deadline within 24 hours[0m
[0;34m[2026-03-04 15:30:00] DEBUG: Checking calendar for next 48 hours...[0m
[0;34m[2026-03-04 15:30:00] DEBUG: Checking IHS Towers follow-ups...[0m
[1;33m[2026-03-04 15:30:00] WARN: Found 2 urgent item(s) requiring attention[0m
[0;32m[2026-03-04 16:00:00] INFO: === Starting Heartbeat + Maintenance ===[0m
[0;32m[2026-03-04 16:00:00] INFO: Checking HEARTBEAT conditions...[0m
[1;33m[2026-03-04 16:00:00] WARN: Alert triggered: IHS Towers email detected - URGENT[0m
[1;33m[2026-03-04 16:00:00] WARN: Alert triggered: Deadline within 24 hours[0m
[0;34m[2026-03-04 16:00:00] DEBUG: Checking calendar for next 48 hours...[0m
[0;34m[2026-03-04 16:00:00] DEBUG: Checking IHS Towers follow-ups...[0m
[1;33m[2026-03-04 16:00:00] WARN: Found 2 urgent item(s) requiring attention[0m
[0;32m[2026-03-04 16:30:00] INFO: === Starting Heartbeat + Maintenance ===[0m
[0;32m[2026-03-04 16:30:00] INFO: Checking HEARTBEAT conditions...[0m
[1;33m[2026-03-04 16:30:00] WARN: Alert triggered: IHS Towers email detected - URGENT[0m
[1;33m[2026-03-04 16:30:00] WARN: Alert triggered: Deadline within 24 hours[0m
[0;34m[2026-03-04 16:30:00] DEBUG: Checking calendar for next 48 hours...[0m
[0;34m[2026-03-04 16:30:00] DEBUG: Checking IHS Towers follow-ups...[0m
[1;33m[2026-03-04 16:30:00] WARN: Found 2 urgent item(s) requiring attention[0m
[0;32m[2026-03-04 17:00:00] INFO: === Starting Heartbeat + Maintenance ===[0m
[0;32m[2026-03-04 17:00:00] INFO: Checking HEARTBEAT conditions...[0m
[1;33m[2026-03-04 17:00:00] WARN: Alert triggered: IHS Towers email detected - URGENT[0m
[1;33m[2026-03-04 17:00:00] WARN: Alert triggered: Deadline within 24 hours[0m
[0;34m[2026-03-04 17:00:00] DEBUG: Checking calendar for next 48 hours...[0m
[0;34m[2026-03-04 17:00:00] DEBUG: Checking IHS Towers follow-ups...[0m
[1;33m[2026-03-04 17:00:00] WARN: Found 2 urgent item(s) requiring attention[0m
[0;32m[2026-03-04 17:30:00] INFO: === Starting Heartbeat + Maintenance ===[0m
[0;32m[2026-03-04 17:30:00] INFO: Checking HEARTBEAT conditions...[0m
[1;33m[2026-03-04 17:30:00] WARN: Alert triggered: IHS Towers email detected - URGENT[0m
[1;33m[2026-03-04 17:30:00] WARN: Alert triggered: Deadline within 24 hours[0m
[0;34m[2026-03-04 17:30:00] DEBUG: Checking calendar for next 48 hours...[0m
[0;34m[2026-03-04 17:30:00] DEBUG: Checking IHS Towers follow-ups...[0m
[1;33m[2026-03-04 17:30:00] WARN: Found 2 urgent item(s) requiring attention[0m
[0;32m[2026-03-04 18:00:00] INFO: === Starting Heartbeat + Maintenance ===[0m
[0;32m[2026-03-04 18:00:00] INFO: Checking HEARTBEAT conditions...[0m
[1;33m[2026-03-04 18:00:00] WARN: Alert triggered: IHS Towers email detected - URGENT[0m
[1;33m[2026-03-04 18:00:00] WARN: Alert triggered: Deadline within 24 hours[0m
[0;34m[2026-03-04 18:00:00] DEBUG: Checking calendar for next 48 hours...[0m
[0;34m[2026-03-04 18:00:00] DEBUG: Checking IHS Towers follow-ups...[0m
[1;33m[2026-03-04 18:00:00] WARN: Found 2 urgent item(s) requiring attention[0m
[0;32m[2026-03-04 18:30:00] INFO: === Starting Heartbeat + Maintenance ===[0m
[0;32m[2026-03-04 18:30:00] INFO: Checking HEARTBEAT conditions...[0m
[1;33m[2026-03-04 18:30:00] WARN: Alert triggered: IHS Towers email detected - URGENT[0m
[1;33m[2026-03-04 18:30:00] WARN: Alert triggered: Deadline within 24 hours[0m
[0;34m[2026-03-04 18:30:00] DEBUG: Checking calendar for next 48 hours...[0m
[0;34m[2026-03-04 18:30:00] DEBUG: Checking IHS Towers follow-ups...[0m
[1;33m[2026-03-04 18:30:00] WARN: Found 2 urgent item(s) requiring attention[0m
[0;32m[2026-03-04 19:00:00] INFO: === Starting Heartbeat + Maintenance ===[0m
[0;32m[2026-03-04 19:00:00] INFO: Checking HEARTBEAT conditions...[0m
[1;33m[2026-03-04 19:00:00] WARN: Alert triggered: IHS Towers email detected - URGENT[0m
[1;33m[2026-03-04 19:00:00] WARN: Alert triggered: Deadline within 24 hours[0m
[0;34m[2026-03-04 19:00:00] DEBUG: Checking calendar for next 48 hours...[0m
[0;34m[2026-03-04 19:00:00] DEBUG: Checking IHS Towers follow-ups...[0m
[1;33m[2026-03-04 19:00:00] WARN: Found 2 urgent item(s) requiring attention[0m
[0;32m[2026-03-04 19:30:00] INFO: === Starting Heartbeat + Maintenance ===[0m
[0;32m[2026-03-04 19:30:00] INFO: Checking HEARTBEAT conditions...[0m
[1;33m[2026-03-04 19:30:00] WARN: Alert triggered: IHS Towers email detected - URGENT[0m
[1;33m[2026-03-04 19:30:00] WARN: Alert triggered: Deadline within 24 hours[0m
[0;34m[2026-03-04 19:30:00] DEBUG: Checking calendar for next 48 hours...[0m
[0;32m[2026-03-04 19:30:00] INFO: Found 2 upcoming event(s) in next 48 hours[0m
[0;32m[2026-03-04 20:00:00] INFO: === Starting Heartbeat + Maintenance ===[0m
[0;32m[2026-03-04 20:00:00] INFO: Checking HEARTBEAT conditions...[0m
[1;33m[2026-03-04 20:00:00] WARN: Alert triggered: IHS Towers email detected - URGENT[0m
[1;33m[2026-03-04 20:00:00] WARN: Alert triggered: Deadline within 24 hours[0m
[0;34m[2026-03-04 20:00:00] DEBUG: Checking calendar for next 48 hours...[0m
[0;34m[2026-03-04 20:00:00] DEBUG: Checking IHS Towers follow-ups...[0m
[1;33m[2026-03-04 20:00:00] WARN: Found 2 urgent item(s) requiring attention[0m
[0;32m[2026-03-04 20:30:01] INFO: === Starting Heartbeat + Maintenance ===[0m
[0;32m[2026-03-04 20:30:01] INFO: Checking HEARTBEAT conditions...[0m
[1;33m[2026-03-04 20:30:01] WARN: Alert triggered: IHS Towers email detected - URGENT[0m
[1;33m[2026-03-04 20:30:01] WARN: Alert triggered: Deadline within 24 hours[0m
[0;34m[2026-03-04 20:30:01] DEBUG: Checking calendar for next 48 hours...[0m
[0;34m[2026-03-04 20:30:01] DEBUG: Checking IHS Towers follow-ups...[0m
[1;33m[2026-03-04 20:30:01] WARN: Found 2 urgent item(s) requiring attention[0m
[0;32m[2026-03-04 21:00:00] INFO: === Starting Heartbeat + Maintenance ===[0m
[0;32m[2026-03-04 21:00:00] INFO: Checking HEARTBEAT conditions...[0m
[1;33m[2026-03-04 21:00:00] WARN: Alert triggered: IHS Towers email detected - URGENT[0m
[1;33m[2026-03-04 21:00:00] WARN: Alert triggered: Deadline within 24 hours[0m
[0;34m[2026-03-04 21:00:00] DEBUG: Checking calendar for next 48 hours...[0m
[0;34m[2026-03-04 21:00:00] DEBUG: Checking IHS Towers follow-ups...[0m
[1;33m[2026-03-04 21:00:00] WARN: Found 2 urgent item(s) requiring attention[0m
[0;32m[2026-03-04 21:30:00] INFO: === Starting Heartbeat + Maintenance ===[0m
[0;32m[2026-03-04 21:30:00] INFO: Checking HEARTBEAT conditions...[0m
[1;33m[2026-03-04 21:30:00] WARN: Alert triggered: IHS Towers email detected - URGENT[0m
[1;33m[2026-03-04 21:30:00] WARN: Alert triggered: Deadline within 24 hours[0m
[0;34m[2026-03-04 21:30:00] DEBUG: Checking calendar for next 48 hours...[0m
[0;34m[2026-03-04 21:30:00] DEBUG: Checking IHS Towers follow-ups...[0m
[1;33m[2026-03-04 21:30:00] WARN: Found 2 urgent item(s) requiring attention[0m
[0;32m[2026-03-04 22:00:01] INFO: === Starting Heartbeat + Maintenance ===[0m
[0;32m[2026-03-04 22:00:01] INFO: Checking HEARTBEAT conditions...[0m
[1;33m[2026-03-04 22:00:01] WARN: Alert triggered: IHS Towers email detected - URGENT[0m
[1;33m[2026-03-04 22:00:01] WARN: Alert triggered: Deadline within 24 hours[0m
[0;34m[2026-03-04 22:00:01] DEBUG: Checking calendar for next 48 hours...[0m
[0;34m[2026-03-04 22:00:01] DEBUG: Checking IHS Towers follow-ups...[0m
[1;33m[2026-03-04 22:00:01] WARN: Found 2 urgent item(s) requiring attention[0m
[0;32m[2026-03-04 22:30:00] INFO: === Starting Heartbeat + Maintenance ===[0m
[0;32m[2026-03-04 22:30:00] INFO: Checking HEARTBEAT conditions...[0m
[1;33m[2026-03-04 22:30:00] WARN: Alert triggered: IHS Towers email detected - URGENT[0m
[1;33m[2026-03-04 22:30:01] WARN: Alert triggered: Deadline within 24 hours[0m
[0;34m[2026-03-04 22:30:01] DEBUG: Checking calendar for next 48 hours...[0m
[0;34m[2026-03-04 22:30:01] DEBUG: Checking IHS Towers follow-ups...[0m
[1;33m[2026-03-04 22:30:01] WARN: Found 2 urgent item(s) requiring attention[0m
[0;32m[2026-03-04 23:00:00] INFO: === Starting Heartbeat + Maintenance ===[0m
[0;32m[2026-03-04 23:00:00] INFO: Quiet hours (23:00-08:00), running minimal checks only[0m
[0;32m[2026-03-04 23:00:00] INFO: Checking HEARTBEAT conditions...[0m
[1;33m[2026-03-04 23:00:00] WARN: Alert triggered: IHS Towers email detected - URGENT[0m
[1;33m[2026-03-04 23:00:00] WARN: Alert triggered: Deadline within 24 hours[0m
[0;34m[2026-03-04 23:00:00] DEBUG: Checking calendar for next 48 hours...[0m
[0;34m[2026-03-04 23:00:01] DEBUG: Checking IHS Towers follow-ups...[0m
[1;33m[2026-03-04 23:00:01] WARN: Found 2 urgent item(s) requiring attention[0m
[0;32m[2026-03-04 23:30:00] INFO: === Starting Heartbeat + Maintenance ===[0m
[0;32m[2026-03-04 23:30:00] INFO: Quiet hours (23:00-08:00), running minimal checks only[0m
[0;32m[2026-03-04 23:30:00] INFO: Checking HEARTBEAT conditions...[0m
[1;33m[2026-03-04 23:30:00] WARN: Alert triggered: IHS Towers email detected - URGENT[0m
[1;33m[2026-03-04 23:30:00] WARN: Alert triggered: Deadline within 24 hours[0m
[0;34m[2026-03-04 23:30:00] DEBUG: Checking calendar for next 48 hours...[0m
[0;34m[2026-03-04 23:30:00] DEBUG: Checking IHS Towers follow-ups...[0m
[1;33m[2026-03-04 23:30:00] WARN: Found 2 urgent item(s) requiring attention[0m
[0;32m[2026-03-05 00:00:00] INFO: === Starting Heartbeat + Maintenance ===[0m
[0;32m[2026-03-05 00:00:00] INFO: Quiet hours (23:00-08:00), running minimal checks only[0m
[0;32m[2026-03-05 00:00:00] INFO: Checking HEARTBEAT conditions...[0m
[1;33m[2026-03-05 00:00:01] WARN: Alert triggered: IHS Towers email detected - URGENT[0m
[1;33m[2026-03-05 00:00:01] WARN: Alert triggered: Deadline within 24 hours[0m
[0;34m[2026-03-05 00:00:01] DEBUG: Checking calendar for next 48 hours...[0m
[0;34m[2026-03-05 00:00:01] DEBUG: Checking IHS Towers follow-ups...[0m
[1;33m[2026-03-05 00:00:01] WARN: Found 2 urgent item(s) requiring attention[0m
[0;32m[2026-03-05 00:30:00] INFO: === Starting Heartbeat + Maintenance ===[0m
[0;32m[2026-03-05 00:30:00] INFO: Quiet hours (23:00-08:00), running minimal checks only[0m
[0;32m[2026-03-05 00:30:00] INFO: Checking HEARTBEAT conditions...[0m
[1;33m[2026-03-05 00:30:00] WARN: Alert triggered: IHS Towers email detected - URGENT[0m
[1;33m[2026-03-05 00:30:00] WARN: Alert triggered: Deadline within 24 hours[0m
[0;34m[2026-03-05 00:30:00] DEBUG: Checking calendar for next 48 hours...[0m
[0;34m[2026-03-05 00:30:00] DEBUG: Checking IHS Towers follow-ups...[0m
[1;33m[2026-03-05 00:30:00] WARN: Found 2 urgent item(s) requiring attention[0m
[0;32m[2026-03-05 01:00:00] INFO: === Starting Heartbeat + Maintenance ===[0m
[0;32m[2026-03-05 01:00:00] INFO: Quiet hours (23:00-08:00), running minimal checks only[0m
[0;32m[2026-03-05 01:00:00] INFO: Checking HEARTBEAT conditions...[0m
[1;33m[2026-03-05 01:00:00] WARN: Alert triggered: IHS Towers email detected - URGENT[0m
[1;33m[2026-03-05 01:00:00] WARN: Alert triggered: Deadline within 24 hours[0m
[0;34m[2026-03-05 01:00:00] DEBUG: Checking calendar for next 48 hours...[0m
[0;34m[2026-03-05 01:00:00] DEBUG: Checking IHS Towers follow-ups...[0m
[1;33m[2026-03-05 01:00:00] WARN: Found 2 urgent item(s) requiring attention[0m
[0;32m[2026-03-05 04:30:00] INFO: === Starting Heartbeat + Maintenance ===[0m
[0;32m[2026-03-05 04:30:00] INFO: Quiet hours (23:00-08:00), running minimal checks only[0m
[0;32m[2026-03-05 04:30:00] INFO: Checking HEARTBEAT conditions...[0m
[1;33m[2026-03-05 04:30:00] WARN: Alert triggered: IHS Towers email detected - URGENT[0m
[1;33m[2026-03-05 04:30:00] WARN: Alert triggered: Deadline within 24 hours[0m
[0;34m[2026-03-05 04:30:00] DEBUG: Checking calendar for next 48 hours...[0m
[0;34m[2026-03-05 04:30:00] DEBUG: Checking IHS Towers follow-ups...[0m
[1;33m[2026-03-05 04:30:00] WARN: Found 2 urgent item(s) requiring attention[0m
[0;32m[2026-03-05 05:00:01] INFO: === Starting Heartbeat + Maintenance ===[0m
[0;32m[2026-03-05 05:00:01] INFO: Quiet hours (23:00-08:00), running minimal checks only[0m
[0;32m[2026-03-05 05:00:01] INFO: Checking HEARTBEAT conditions...[0m
[1;33m[2026-03-05 05:00:01] WARN: Alert triggered: IHS Towers email detected - URGENT[0m
[1;33m[2026-03-05 05:00:01] WARN: Alert triggered: Deadline within 24 hours[0m
[0;34m[2026-03-05 05:00:01] DEBUG: Checking calendar for next 48 hours...[0m
[0;34m[2026-03-05 05:00:01] DEBUG: Checking IHS Towers follow-ups...[0m
[1;33m[2026-03-05 05:00:01] WARN: Found 2 urgent item(s) requiring attention[0m
[0;32m[2026-03-05 05:30:00] INFO: === Starting Heartbeat + Maintenance ===[0m
[0;32m[2026-03-05 05:30:00] INFO: Quiet hours (23:00-08:00), running minimal checks only[0m
[0;32m[2026-03-05 05:30:00] INFO: Checking HEARTBEAT conditions...[0m
[1;33m[2026-03-05 05:30:00] WARN: Alert triggered: IHS Towers email detected - URGENT[0m
[1;33m[2026-03-05 05:30:00] WARN: Alert triggered: Deadline within 24 hours[0m
[0;34m[2026-03-05 05:30:00] DEBUG: Checking calendar for next 48 hours...[0m
[0;34m[2026-03-05 05:30:00] DEBUG: Checking IHS Towers follow-ups...[0m
[1;33m[2026-03-05 05:30:00] WARN: Found 2 urgent item(s) requiring attention[0m
[0;32m[2026-03-05 06:00:00] INFO: === Starting Heartbeat + Maintenance ===[0m
[0;32m[2026-03-05 06:00:00] INFO: Quiet hours (23:00-08:00), running minimal checks only[0m
[0;32m[2026-03-05 06:00:00] INFO: Checking HEARTBEAT conditions...[0m
[1;33m[2026-03-05 06:00:00] WARN: Alert triggered: IHS Towers email detected - URGENT[0m
[1;33m[2026-03-05 06:00:00] WARN: Alert triggered: Deadline within 24 hours[0m
[0;34m[2026-03-05 06:00:00] DEBUG: Checking calendar for next 48 hours...[0m
[0;34m[2026-03-05 06:00:00] DEBUG: Checking IHS Towers follow-ups...[0m
[1;33m[2026-03-05 06:00:00] WARN: Found 2 urgent item(s) requiring attention[0m
[0;32m[2026-03-05 06:30:00] INFO: === Starting Heartbeat + Maintenance ===[0m
[0;32m[2026-03-05 06:30:00] INFO: Quiet hours (23:00-08:00), running minimal checks only[0m
[0;32m[2026-03-05 06:30:00] INFO: Checking HEARTBEAT conditions...[0m
[1;33m[2026-03-05 06:30:00] WARN: Alert triggered: IHS Towers email detected - URGENT[0m
[1;33m[2026-03-05 06:30:00] WARN: Alert triggered: Deadline within 24 hours[0m
[0;34m[2026-03-05 06:30:00] DEBUG: Checking calendar for next 48 hours...[0m
[0;34m[2026-03-05 06:30:00] DEBUG: Checking IHS Towers follow-ups...[0m
[1;33m[2026-03-05 06:30:00] WARN: Found 2 urgent item(s) requiring attention[0m
[0;32m[2026-03-05 12:30:00] INFO: === Starting Heartbeat + Maintenance ===[0m
[0;32m[2026-03-05 12:30:00] INFO: Checking HEARTBEAT conditions...[0m
[1;33m[2026-03-05 12:30:00] WARN: Alert triggered: IHS Towers email detected - URGENT[0m
[1;33m[2026-03-05 12:30:00] WARN: Alert triggered: Deadline within 24 hours[0m
[0;34m[2026-03-05 12:30:00] DEBUG: Checking calendar for next 48 hours...[0m
[0;34m[2026-03-05 12:30:00] DEBUG: Checking IHS Towers follow-ups...[0m
[1;33m[2026-03-05 12:30:00] WARN: Found 2 urgent item(s) requiring attention[0m
[0;32m[2026-03-05 13:00:00] INFO: === Starting Heartbeat + Maintenance ===[0m
[0;32m[2026-03-05 13:00:00] INFO: Checking HEARTBEAT conditions...[0m
[1;33m[2026-03-05 13:00:00] WARN: Alert triggered: IHS Towers email detected - URGENT[0m
[1;33m[2026-03-05 13:00:00] WARN: Alert triggered: Deadline within 24 hours[0m
[0;34m[2026-03-05 13:00:00] DEBUG: Checking calendar for next 48 hours...[0m
[0;34m[2026-03-05 13:00:00] DEBUG: Checking IHS Towers follow-ups...[0m
[1;33m[2026-03-05 13:00:00] WARN: Found 2 urgent item(s) requiring attention[0m
[0;32m[2026-03-05 13:30:00] INFO: === Starting Heartbeat + Maintenance ===[0m
[0;32m[2026-03-05 13:30:00] INFO: Checking HEARTBEAT conditions...[0m
[1;33m[2026-03-05 13:30:00] WARN: Alert triggered: IHS Towers email detected - URGENT[0m
[1;33m[2026-03-05 13:30:00] WARN: Alert triggered: Deadline within 24 hours[0m
[0;34m[2026-03-05 13:30:00] DEBUG: Checking calendar for next 48 hours...[0m
[0;34m[2026-03-05 13:30:00] DEBUG: Checking IHS Towers follow-ups...[0m
[1;33m[2026-03-05 13:30:00] WARN: Found 2 urgent item(s) requiring attention[0m
[0;32m[2026-03-05 14:00:00] INFO: === Starting Heartbeat + Maintenance ===[0m
[0;32m[2026-03-05 14:00:00] INFO: Checking HEARTBEAT conditions...[0m
[1;33m[2026-03-05 14:00:00] WARN: Alert triggered: IHS Towers email detected - URGENT[0m
[1;33m[2026-03-05 14:00:00] WARN: Alert triggered: Deadline within 24 hours[0m
[0;34m[2026-03-05 14:00:00] DEBUG: Checking calendar for next 48 hours...[0m
[0;34m[2026-03-05 14:00:00] DEBUG: Checking IHS Towers follow-ups...[0m
[1;33m[2026-03-05 14:00:00] WARN: Found 2 urgent item(s) requiring attention[0m
[0;32m[2026-03-05 14:30:00] INFO: === Starting Heartbeat + Maintenance ===[0m
[0;32m[2026-03-05 14:30:00] INFO: Checking HEARTBEAT conditions...[0m
[1;33m[2026-03-05 14:30:00] WARN: Alert triggered: IHS Towers email detected - URGENT[0m
[1;33m[2026-03-05 14:30:00] WARN: Alert triggered: Deadline within 24 hours[0m
[0;34m[2026-03-05 14:30:00] DEBUG: Checking calendar for next 48 hours...[0m
[0;34m[2026-03-05 14:30:00] DEBUG: Checking IHS Towers follow-ups...[0m
[1;33m[2026-03-05 14:30:00] WARN: Found 2 urgent item(s) requiring attention[0m
[0;32m[2026-03-05 15:00:00] INFO: === Starting Heartbeat + Maintenance ===[0m
[0;32m[2026-03-05 15:00:00] INFO: Checking HEARTBEAT conditions...[0m
[1;33m[2026-03-05 15:00:00] WARN: Alert triggered: IHS Towers email detected - URGENT[0m
[1;33m[2026-03-05 15:00:00] WARN: Alert triggered: Deadline within 24 hours[0m
[0;34m[2026-03-05 15:00:00] DEBUG: Checking calendar for next 48 hours...[0m
[0;32m[2026-03-05 15:00:00] INFO: Found 2 upcoming event(s) in next 48 hours[0m
[0;32m[2026-03-05 15:30:01] INFO: === Starting Heartbeat + Maintenance ===[0m
[0;32m[2026-03-05 15:30:01] INFO: Checking HEARTBEAT conditions...[0m
[1;33m[2026-03-05 15:30:01] WARN: Alert triggered: IHS Towers email detected - URGENT[0m
[1;33m[2026-03-05 15:30:01] WARN: Alert triggered: Deadline within 24 hours[0m
[0;34m[2026-03-05 15:30:01] DEBUG: Checking calendar for next 48 hours...[0m
[0;34m[2026-03-05 15:30:01] DEBUG: Checking IHS Towers follow-ups...[0m
[1;33m[2026-03-05 15:30:01] WARN: Found 2 urgent item(s) requiring attention[0m
[0;32m[2026-03-05 16:00:00] INFO: === Starting Heartbeat + Maintenance ===[0m
[0;32m[2026-03-05 16:00:00] INFO: Checking HEARTBEAT conditions...[0m
[1;33m[2026-03-05 16:00:00] WARN: Alert triggered: IHS Towers email detected - URGENT[0m
[1;33m[2026-03-05 16:00:00] WARN: Alert triggered: Deadline within 24 hours[0m
[0;34m[2026-03-05 16:00:00] DEBUG: Checking calendar for next 48 hours...[0m
[0;34m[2026-03-05 16:00:00] DEBUG: Checking IHS Towers follow-ups...[0m
[1;33m[2026-03-05 16:00:00] WARN: Found 2 urgent item(s) requiring attention[0m
[0;32m[2026-03-05 16:30:00] INFO: === Starting Heartbeat + Maintenance ===[0m
[0;32m[2026-03-05 16:30:00] INFO: Checking HEARTBEAT conditions...[0m
[1;33m[2026-03-05 16:30:00] WARN: Alert triggered: IHS Towers email detected - URGENT[0m
[1;33m[2026-03-05 16:30:00] WARN: Alert triggered: Deadline within 24 hours[0m
[0;34m[2026-03-05 16:30:00] DEBUG: Checking calendar for next 48 hours...[0m
[0;34m[2026-03-05 16:30:00] DEBUG: Checking IHS Towers follow-ups...[0m
[1;33m[2026-03-05 16:30:00] WARN: IHS Towers follow-up may be needed[0m
[0;32m[2026-03-05 17:00:01] INFO: === Starting Heartbeat + Maintenance ===[0m
[0;32m[2026-03-05 17:00:01] INFO: Checking HEARTBEAT conditions...[0m
[1;33m[2026-03-05 17:00:01] WARN: Alert triggered: IHS Towers email detected - URGENT[0m
[1;33m[2026-03-05 17:00:01] WARN: Alert triggered: Deadline within 24 hours[0m
[0;34m[2026-03-05 17:00:01] DEBUG: Checking calendar for next 48 hours...[0m
[0;34m[2026-03-05 17:00:01] DEBUG: Checking IHS Towers follow-ups...[0m
[1;33m[2026-03-05 17:00:01] WARN: Found 2 urgent item(s) requiring attention[0m
[0;32m[2026-03-05 17:30:00] INFO: === Starting Heartbeat + Maintenance ===[0m
[0;32m[2026-03-05 17:30:00] INFO: Checking HEARTBEAT conditions...[0m
[1;33m[2026-03-05 17:30:00] WARN: Alert triggered: IHS Towers email detected - URGENT[0m
[1;33m[2026-03-05 17:30:00] WARN: Failed to send iMessage alert to temikolawole@icloud.com[0m
[1;33m[2026-03-05 17:30:01] WARN: Alert triggered: Deadline within 24 hours[0m
[1;33m[2026-03-05 17:30:01] WARN: Failed to send iMessage alert to temikolawole@icloud.com[0m
[0;34m[2026-03-05 17:30:01] DEBUG: Checking calendar for next 48 hours...[0m
[0;34m[2026-03-05 17:30:01] DEBUG: Checking IHS Towers follow-ups...[0m
[1;33m[2026-03-05 17:30:01] WARN: Found 2 urgent item(s) requiring attention[0m
[0;32m[2026-03-05 18:00:00] INFO: === Starting Heartbeat + Maintenance ===[0m
[0;32m[2026-03-05 18:00:00] INFO: Checking HEARTBEAT conditions...[0m
[1;33m[2026-03-05 18:00:00] WARN: Alert triggered: IHS Towers email detected - URGENT[0m
[1;33m[2026-03-05 18:00:00] WARN: Failed to send iMessage alert to temikolawole@icloud.com[0m
[1;33m[2026-03-05 18:00:00] WARN: Alert triggered: Deadline within 24 hours[0m
[1;33m[2026-03-05 18:00:00] WARN: Failed to send iMessage alert to temikolawole@icloud.com[0m
[0;34m[2026-03-05 18:00:00] DEBUG: Checking calendar for next 48 hours...[0m
[0;32m[2026-03-05 18:00:00] INFO: Found 2 upcoming event(s) in next 48 hours[0m
[1;33m[2026-03-05 18:00:00] WARN: Meeting preparation may be needed for upcoming events[0m
[0;32m[2026-03-05 18:30:00] INFO: === Starting Heartbeat + Maintenance ===[0m
[0;32m[2026-03-05 18:30:00] INFO: Checking HEARTBEAT conditions...[0m
[1;33m[2026-03-05 18:30:00] WARN: Alert triggered: IHS Towers email detected - URGENT[0m
[1;33m[2026-03-05 18:30:00] WARN: Failed to send iMessage alert to temikolawole@icloud.com[0m
[1;33m[2026-03-05 18:30:00] WARN: Alert triggered: Deadline within 24 hours[0m
[1;33m[2026-03-05 18:30:00] WARN: Failed to send iMessage alert to temikolawole@icloud.com[0m
[0;34m[2026-03-05 18:30:00] DEBUG: Checking calendar for next 48 hours...[0m
[0;34m[2026-03-05 18:30:00] DEBUG: Checking IHS Towers follow-ups...[0m
[1;33m[2026-03-05 18:30:00] WARN: Found 2 urgent item(s) requiring attention[0m
[0;32m[2026-03-05 19:00:00] INFO: === Starting Heartbeat + Maintenance ===[0m
[0;32m[2026-03-05 19:00:00] INFO: Checking HEARTBEAT conditions...[0m
[1;33m[2026-03-05 19:00:00] WARN: Alert triggered: IHS Towers email detected - URGENT[0m
[1;33m[2026-03-05 19:00:00] WARN: Failed to send iMessage alert to temikolawole@icloud.com[0m
[1;33m[2026-03-05 19:00:00] WARN: Alert triggered: Deadline within 24 hours[0m
[1;33m[2026-03-05 19:00:00] WARN: Failed to send iMessage alert to temikolawole@icloud.com[0m
[0;34m[2026-03-05 19:00:00] DEBUG: Checking calendar for next 48 hours...[0m
[0;34m[2026-03-05 19:00:00] DEBUG: Checking IHS Towers follow-ups...[0m
[1;33m[2026-03-05 19:00:00] WARN: IHS Towers follow-up may be needed[0m
[0;32m[2026-03-05 19:30:00] INFO: === Starting Heartbeat + Maintenance ===[0m
[0;32m[2026-03-05 19:30:00] INFO: Checking HEARTBEAT conditions...[0m
[1;33m[2026-03-05 19:30:00] WARN: Alert triggered: IHS Towers email detected - URGENT[0m
[1;33m[2026-03-05 19:30:00] WARN: Failed to send iMessage alert to temikolawole@icloud.com[0m
[1;33m[2026-03-05 19:30:00] WARN: Alert triggered: Deadline within 24 hours[0m
[1;33m[2026-03-05 19:30:00] WARN: Failed to send iMessage alert to temikolawole@icloud.com[0m
[0;34m[2026-03-05 19:30:00] DEBUG: Checking calendar for next 48 hours...[0m
[0;34m[2026-03-05 19:30:00] DEBUG: Checking IHS Towers follow-ups...[0m
[1;33m[2026-03-05 19:30:00] WARN: Found 2 urgent item(s) requiring attention[0m
[0;32m[2026-03-05 20:00:00] INFO: === Starting Heartbeat + Maintenance ===[0m
[0;32m[2026-03-05 20:00:00] INFO: Checking HEARTBEAT conditions...[0m
[1;33m[2026-03-05 20:00:00] WARN: Alert triggered: IHS Towers email detected - URGENT[0m
[1;33m[2026-03-05 20:00:00] WARN: Failed to send iMessage alert to temikolawole@icloud.com[0m
[1;33m[2026-03-05 20:00:00] WARN: Alert triggered: Deadline within 24 hours[0m
[1;33m[2026-03-05 20:00:00] WARN: Failed to send iMessage alert to temikolawole@icloud.com[0m
[0;34m[2026-03-05 20:00:00] DEBUG: Checking calendar for next 48 hours...[0m
[0;32m[2026-03-05 20:00:00] INFO: Found 1 upcoming event(s) in next 48 hours[0m
[0;32m[2026-03-05 20:30:00] INFO: === Starting Heartbeat + Maintenance ===[0m
[0;32m[2026-03-05 20:30:00] INFO: Checking HEARTBEAT conditions...[0m
[1;33m[2026-03-05 20:30:00] WARN: Alert triggered: IHS Towers email detected - URGENT[0m
[1;33m[2026-03-05 20:30:00] WARN: Failed to send iMessage alert to temikolawole@icloud.com[0m
[1;33m[2026-03-05 20:30:00] WARN: Alert triggered: Deadline within 24 hours[0m
[1;33m[2026-03-05 20:30:00] WARN: Failed to send iMessage alert to temikolawole@icloud.com[0m
[0;34m[2026-03-05 20:30:00] DEBUG: Checking calendar for next 48 hours...[0m
[0;34m[2026-03-05 20:30:00] DEBUG: Checking IHS Towers follow-ups...[0m
[1;33m[2026-03-05 20:30:00] WARN: IHS Towers follow-up may be needed[0m
[0;32m[2026-03-05 21:00:00] INFO: === Starting Heartbeat + Maintenance ===[0m
[0;32m[2026-03-05 21:00:00] INFO: Checking HEARTBEAT conditions...[0m
[1;33m[2026-03-05 21:00:00] WARN: Alert triggered: IHS Towers email detected - URGENT[0m
[1;33m[2026-03-05 21:00:00] WARN: Failed to send iMessage alert to temikolawole@icloud.com[0m
[1;33m[2026-03-05 21:00:00] WARN: Alert triggered: Deadline within 24 hours[0m
[1;33m[2026-03-05 21:00:00] WARN: Failed to send iMessage alert to temikolawole@icloud.com[0m
[0;34m[2026-03-05 21:00:00] DEBUG: Checking calendar for next 48 hours...[0m
[0;34m[2026-03-05 21:00:00] DEBUG: Checking IHS Towers follow-ups...[0m
[1;33m[2026-03-05 21:00:00] WARN: Found 2 urgent item(s) requiring attention[0m
[0;32m[2026-03-05 21:30:00] INFO: === Starting Heartbeat + Maintenance ===[0m
[0;32m[2026-03-05 21:30:00] INFO: Checking HEARTBEAT conditions...[0m
[1;33m[2026-03-05 21:30:00] WARN: Alert triggered: IHS Towers email detected - URGENT[0m
[1;33m[2026-03-05 21:30:00] WARN: Failed to send iMessage alert to temikolawole@icloud.com[0m
[1;33m[2026-03-05 21:30:00] WARN: Alert triggered: Deadline within 24 hours[0m
[1;33m[2026-03-05 21:30:00] WARN: Failed to send iMessage alert to temikolawole@icloud.com[0m
[0;34m[2026-03-05 21:30:00] DEBUG: Checking calendar for next 48 hours...[0m
[0;34m[2026-03-05 21:30:00] DEBUG: Checking IHS Towers follow-ups...[0m
[1;33m[2026-03-05 21:30:00] WARN: Found 2 urgent item(s) requiring attention[0m
[0;32m[2026-03-05 22:00:00] INFO: === Starting Heartbeat + Maintenance ===[0m
[0;32m[2026-03-05 22:00:00] INFO: Checking HEARTBEAT conditions...[0m
[1;33m[2026-03-05 22:00:00] WARN: Alert triggered: IHS Towers email detected - URGENT[0m
[1;33m[2026-03-05 22:00:00] WARN: Failed to send iMessage alert to temikolawole@icloud.com[0m
[1;33m[2026-03-05 22:00:00] WARN: Alert triggered: Deadline within 24 hours[0m
[1;33m[2026-03-05 22:00:00] WARN: Failed to send iMessage alert to temikolawole@icloud.com[0m
[0;34m[2026-03-05 22:00:00] DEBUG: Checking calendar for next 48 hours...[0m
[0;34m[2026-03-05 22:00:00] DEBUG: Checking IHS Towers follow-ups...[0m
[1;33m[2026-03-05 22:00:00] WARN: Found 2 urgent item(s) requiring attention[0m
[0;32m[2026-03-05 22:30:01] INFO: === Starting Heartbeat + Maintenance ===[0m
[0;32m[2026-03-05 22:30:01] INFO: Checking HEARTBEAT conditions...[0m
[1;33m[2026-03-05 22:30:01] WARN: Alert triggered: IHS Towers email detected - URGENT[0m
[1;33m[2026-03-05 22:30:01] WARN: Failed to send iMessage alert to temikolawole@icloud.com[0m
[1;33m[2026-03-05 22:30:01] WARN: Alert triggered: Deadline within 24 hours[0m
[1;33m[2026-03-05 22:30:01] WARN: Failed to send iMessage alert to temikolawole@icloud.com[0m
[0;34m[2026-03-05 22:30:01] DEBUG: Checking calendar for next 48 hours...[0m
[0;32m[2026-03-05 22:30:01] INFO: Found 3 upcoming event(s) in next 48 hours[0m
[0;32m[2026-03-05 23:00:00] INFO: === Starting Heartbeat + Maintenance ===[0m
[0;32m[2026-03-05 23:00:00] INFO: Quiet hours (23:00-08:00), running minimal checks only[0m
[0;32m[2026-03-05 23:00:00] INFO: Checking HEARTBEAT conditions...[0m
[1;33m[2026-03-05 23:00:00] WARN: Alert triggered: IHS Towers email detected - URGENT[0m
[1;33m[2026-03-05 23:00:00] WARN: Failed to send iMessage alert to temikolawole@icloud.com[0m
[1;33m[2026-03-05 23:00:00] WARN: Alert triggered: Deadline within 24 hours[0m
[1;33m[2026-03-05 23:00:00] WARN: Failed to send iMessage alert to temikolawole@icloud.com[0m
[0;34m[2026-03-05 23:00:00] DEBUG: Checking calendar for next 48 hours...[0m
[0;34m[2026-03-05 23:00:00] DEBUG: Checking IHS Towers follow-ups...[0m
[1;33m[2026-03-05 23:00:00] WARN: Found 2 urgent item(s) requiring attention[0m
[0;32m[2026-03-05 23:30:00] INFO: === Starting Heartbeat + Maintenance ===[0m
[0;32m[2026-03-05 23:30:00] INFO: Quiet hours (23:00-08:00), running minimal checks only[0m
[0;32m[2026-03-05 23:30:00] INFO: Checking HEARTBEAT conditions...[0m
[1;33m[2026-03-05 23:30:00] WARN: Alert triggered: IHS Towers email detected - URGENT[0m
[1;33m[2026-03-05 23:30:00] WARN: Failed to send iMessage alert to temikolawole@icloud.com[0m
[1;33m[2026-03-05 23:30:00] WARN: Alert triggered: Deadline within 24 hours[0m
[1;33m[2026-03-05 23:30:00] WARN: Failed to send iMessage alert to temikolawole@icloud.com[0m
[0;34m[2026-03-05 23:30:00] DEBUG: Checking calendar for next 48 hours...[0m
[0;34m[2026-03-05 23:30:00] DEBUG: Checking IHS Towers follow-ups...[0m
[1;33m[2026-03-05 23:30:00] WARN: Found 2 urgent item(s) requiring attention[0m
[0;32m[2026-03-06 00:00:01] INFO: === Starting Heartbeat + Maintenance ===[0m
[0;32m[2026-03-06 00:00:01] INFO: Quiet hours (23:00-08:00), running minimal checks only[0m
[0;32m[2026-03-06 00:00:01] INFO: Checking HEARTBEAT conditions...[0m
[1;33m[2026-03-06 00:00:01] WARN: Alert triggered: IHS Towers email detected - URGENT[0m
[1;33m[2026-03-06 00:00:01] WARN: Failed to send iMessage alert to temikolawole@icloud.com[0m
[1;33m[2026-03-06 00:00:01] WARN: Alert triggered: Deadline within 24 hours[0m
[1;33m[2026-03-06 00:00:01] WARN: Failed to send iMessage alert to temikolawole@icloud.com[0m
[0;34m[2026-03-06 00:00:01] DEBUG: Checking calendar for next 48 hours...[0m
[0;34m[2026-03-06 00:00:01] DEBUG: Checking IHS Towers follow-ups...[0m
[1;33m[2026-03-06 00:00:01] WARN: Found 2 urgent item(s) requiring attention[0m
[0;32m[2026-03-06 00:30:00] INFO: === Starting Heartbeat + Maintenance ===[0m
[0;32m[2026-03-06 00:30:00] INFO: Quiet hours (23:00-08:00), running minimal checks only[0m
[0;32m[2026-03-06 00:30:00] INFO: Checking HEARTBEAT conditions...[0m
[1;33m[2026-03-06 00:30:00] WARN: Alert triggered: IHS Towers email detected - URGENT[0m
[1;33m[2026-03-06 00:30:00] WARN: Failed to send iMessage alert to temikolawole@icloud.com[0m
[1;33m[2026-03-06 00:30:00] WARN: Alert triggered: Deadline within 24 hours[0m
[1;33m[2026-03-06 00:30:00] WARN: Failed to send iMessage alert to temikolawole@icloud.com[0m
[0;34m[2026-03-06 00:30:00] DEBUG: Checking calendar for next 48 hours...[0m
[0;34m[2026-03-06 00:30:00] DEBUG: Checking IHS Towers follow-ups...[0m
[1;33m[2026-03-06 00:30:00] WARN: Found 2 urgent item(s) requiring attention[0m
[0;32m[2026-03-06 01:00:00] INFO: === Starting Heartbeat + Maintenance ===[0m
[0;32m[2026-03-06 01:00:00] INFO: Quiet hours (23:00-08:00), running minimal checks only[0m
[0;32m[2026-03-06 01:00:00] INFO: Checking HEARTBEAT conditions...[0m
[1;33m[2026-03-06 01:00:00] WARN: Alert triggered: IHS Towers email detected - URGENT[0m
[1;33m[2026-03-06 01:00:00] WARN: Failed to send iMessage alert to temikolawole@icloud.com[0m
[1;33m[2026-03-06 01:00:00] WARN: Alert triggered: Deadline within 24 hours[0m
[1;33m[2026-03-06 01:00:00] WARN: Failed to send iMessage alert to temikolawole@icloud.com[0m
[0;34m[2026-03-06 01:00:00] DEBUG: Checking calendar for next 48 hours...[0m
[0;34m[2026-03-06 01:00:00] DEBUG: Checking IHS Towers follow-ups...[0m
[1;33m[2026-03-06 01:00:00] WARN: Found 2 urgent item(s) requiring attention[0m
[0;32m[2026-03-06 09:30:00] INFO: === Starting Heartbeat + Maintenance ===[0m
[0;32m[2026-03-06 09:30:00] INFO: Checking HEARTBEAT conditions...[0m
[1;33m[2026-03-06 09:30:00] WARN: Alert triggered: IHS Towers email detected - URGENT[0m
[1;33m[2026-03-06 09:30:00] WARN: Failed to send iMessage alert to temikolawole@icloud.com[0m
[1;33m[2026-03-06 09:30:00] WARN: Alert triggered: Deadline within 24 hours[0m
[1;33m[2026-03-06 09:30:00] WARN: Failed to send iMessage alert to temikolawole@icloud.com[0m
[0;34m[2026-03-06 09:30:00] DEBUG: Checking calendar for next 48 hours...[0m
[0;34m[2026-03-06 09:30:00] DEBUG: Checking IHS Towers follow-ups...[0m
[1;33m[2026-03-06 09:30:00] WARN: Found 2 urgent item(s) requiring attention[0m
[0;32m[2026-03-06 10:00:00] INFO: === Starting Heartbeat + Maintenance ===[0m
[0;32m[2026-03-06 10:00:00] INFO: Checking HEARTBEAT conditions...[0m
[1;33m[2026-03-06 10:00:00] WARN: Alert triggered: IHS Towers email detected - URGENT[0m
[1;33m[2026-03-06 10:00:00] WARN: Failed to send iMessage alert to temikolawole@icloud.com[0m
[1;33m[2026-03-06 10:00:00] WARN: Alert triggered: Deadline within 24 hours[0m
[1;33m[2026-03-06 10:00:00] WARN: Failed to send iMessage alert to temikolawole@icloud.com[0m
[0;34m[2026-03-06 10:00:01] DEBUG: Checking calendar for next 48 hours...[0m
[0;32m[2026-03-06 10:00:01] INFO: Found 3 upcoming event(s) in next 48 hours[0m
[0;32m[2026-03-06 10:30:00] INFO: === Starting Heartbeat + Maintenance ===[0m
[0;32m[2026-03-06 10:30:00] INFO: Checking HEARTBEAT conditions...[0m
[1;33m[2026-03-06 10:30:00] WARN: Alert triggered: IHS Towers email detected - URGENT[0m
[1;33m[2026-03-06 10:30:00] WARN: Failed to send iMessage alert to temikolawole@icloud.com[0m
[1;33m[2026-03-06 10:30:00] WARN: Alert triggered: Deadline within 24 hours[0m
[1;33m[2026-03-06 10:30:00] WARN: Failed to send iMessage alert to temikolawole@icloud.com[0m
[0;34m[2026-03-06 10:30:00] DEBUG: Checking calendar for next 48 hours...[0m
[0;34m[2026-03-06 10:30:00] DEBUG: Checking IHS Towers follow-ups...[0m
[1;33m[2026-03-06 10:30:00] WARN: Found 2 urgent item(s) requiring attention[0m
[0;32m[2026-03-06 11:00:00] INFO: === Starting Heartbeat + Maintenance ===[0m
[0;32m[2026-03-06 11:00:00] INFO: Checking HEARTBEAT conditions...[0m
[1;33m[2026-03-06 11:00:00] WARN: Alert triggered: IHS Towers email detected - URGENT[0m
[1;33m[2026-03-06 11:00:00] WARN: Failed to send iMessage alert to temikolawole@icloud.com[0m
[1;33m[2026-03-06 11:00:00] WARN: Alert triggered: Deadline within 24 hours[0m
[1;33m[2026-03-06 11:00:00] WARN: Failed to send iMessage alert to temikolawole@icloud.com[0m
[0;34m[2026-03-06 11:00:00] DEBUG: Checking calendar for next 48 hours...[0m
[0;34m[2026-03-06 11:00:00] DEBUG: Checking IHS Towers follow-ups...[0m
[1;33m[2026-03-06 11:00:00] WARN: Found 2 urgent item(s) requiring attention[0m
[0;32m[2026-03-06 11:30:00] INFO: === Starting Heartbeat + Maintenance ===[0m
[0;32m[2026-03-06 11:30:00] INFO: Checking HEARTBEAT conditions...[0m
[1;33m[2026-03-06 11:30:00] WARN: Alert triggered: IHS Towers email detected - URGENT[0m
[1;33m[2026-03-06 11:30:00] WARN: Failed to send iMessage alert to temikolawole@icloud.com[0m
[1;33m[2026-03-06 11:30:00] WARN: Alert triggered: Deadline within 24 hours[0m
[1;33m[2026-03-06 11:30:00] WARN: Failed to send iMessage alert to temikolawole@icloud.com[0m
[0;34m[2026-03-06 11:30:00] DEBUG: Checking calendar for next 48 hours...[0m
[0;34m[2026-03-06 11:30:00] DEBUG: Checking IHS Towers follow-ups...[0m
[1;33m[2026-03-06 11:30:00] WARN: Found 2 urgent item(s) requiring attention[0m
[0;32m[2026-03-06 12:00:00] INFO: === Starting Heartbeat + Maintenance ===[0m
[0;32m[2026-03-06 12:00:00] INFO: Checking HEARTBEAT conditions...[0m
[1;33m[2026-03-06 12:00:00] WARN: Alert triggered: IHS Towers email detected - URGENT[0m
[1;33m[2026-03-06 12:00:00] WARN: Failed to send iMessage alert to temikolawole@icloud.com[0m
[1;33m[2026-03-06 12:00:00] WARN: Alert triggered: Deadline within 24 hours[0m
[1;33m[2026-03-06 12:00:00] WARN: Failed to send iMessage alert to temikolawole@icloud.com[0m
[0;34m[2026-03-06 12:00:00] DEBUG: Checking calendar for next 48 hours...[0m
[0;34m[2026-03-06 12:00:00] DEBUG: Checking IHS Towers follow-ups...[0m
[1;33m[2026-03-06 12:00:00] WARN: Found 2 urgent item(s) requiring attention[0m
[0;32m[2026-03-06 12:30:00] INFO: === Starting Heartbeat + Maintenance ===[0m
[0;32m[2026-03-06 12:30:00] INFO: Checking HEARTBEAT conditions...[0m
[1;33m[2026-03-06 12:30:00] WARN: Alert triggered: IHS Towers email detected - URGENT[0m
[1;33m[2026-03-06 12:30:00] WARN: Failed to send iMessage alert to temikolawole@icloud.com[0m
[1;33m[2026-03-06 12:30:00] WARN: Alert triggered: Deadline within 24 hours[0m
[1;33m[2026-03-06 12:30:00] WARN: Failed to send iMessage alert to temikolawole@icloud.com[0m
[0;34m[2026-03-06 12:30:00] DEBUG: Checking calendar for next 48 hours...[0m
[0;34m[2026-03-06 12:30:00] DEBUG: Checking IHS Towers follow-ups...[0m
[1;33m[2026-03-06 12:30:00] WARN: Found 2 urgent item(s) requiring attention[0m
[0;32m[2026-03-06 13:00:00] INFO: === Starting Heartbeat + Maintenance ===[0m
[0;32m[2026-03-06 13:00:00] INFO: Checking HEARTBEAT conditions...[0m
[1;33m[2026-03-06 13:00:00] WARN: Alert triggered: IHS Towers email detected - URGENT[0m
[1;33m[2026-03-06 13:00:00] WARN: Failed to send iMessage alert to temikolawole@icloud.com[0m
[1;33m[2026-03-06 13:00:00] WARN: Alert triggered: Deadline within 24 hours[0m
[1;33m[2026-03-06 13:00:00] WARN: Failed to send iMessage alert to temikolawole@icloud.com[0m
[0;34m[2026-03-06 13:00:00] DEBUG: Checking calendar for next 48 hours...[0m
[0;34m[2026-03-06 13:00:00] DEBUG: Checking IHS Towers follow-ups...[0m
[1;33m[2026-03-06 13:00:00] WARN: IHS Towers follow-up may be needed[0m
[0;32m[2026-03-06 13:30:00] INFO: === Starting Heartbeat + Maintenance ===[0m
[0;32m[2026-03-06 13:30:00] INFO: Checking HEARTBEAT conditions...[0m
[1;33m[2026-03-06 13:30:00] WARN: Alert triggered: IHS Towers email detected - URGENT[0m
[1;33m[2026-03-06 13:30:00] WARN: Failed to send iMessage alert to temikolawole@icloud.com[0m
[1;33m[2026-03-06 13:30:00] WARN: Alert triggered: Deadline within 24 hours[0m
[1;33m[2026-03-06 13:30:00] WARN: Failed to send iMessage alert to temikolawole@icloud.com[0m
[0;34m[2026-03-06 13:30:00] DEBUG: Checking calendar for next 48 hours...[0m
[0;34m[2026-03-06 13:30:00] DEBUG: Checking IHS Towers follow-ups...[0m
[1;33m[2026-03-06 13:30:00] WARN: Found 2 urgent item(s) requiring attention[0m
[0;32m[2026-03-06 14:00:00] INFO: === Starting Heartbeat + Maintenance ===[0m
[0;32m[2026-03-06 14:00:00] INFO: Checking HEARTBEAT conditions...[0m
[1;33m[2026-03-06 14:00:00] WARN: Alert triggered: IHS Towers email detected - URGENT[0m
[1;33m[2026-03-06 14:00:00] WARN: Failed to send iMessage alert to temikolawole@icloud.com[0m
[1;33m[2026-03-06 14:00:00] WARN: Alert triggered: Deadline within 24 hours[0m
[1;33m[2026-03-06 14:00:00] WARN: Failed to send iMessage alert to temikolawole@icloud.com[0m
[0;34m[2026-03-06 14:00:00] DEBUG: Checking calendar for next 48 hours...[0m
[0;34m[2026-03-06 14:00:00] DEBUG: Checking IHS Towers follow-ups...[0m
[1;33m[2026-03-06 14:00:00] WARN: Found 2 urgent item(s) requiring attention[0m
[0;32m[2026-03-06 14:30:00] INFO: === Starting Heartbeat + Maintenance ===[0m
[0;32m[2026-03-06 14:30:00] INFO: Checking HEARTBEAT conditions...[0m
[1;33m[2026-03-06 14:30:00] WARN: Alert triggered: IHS Towers email detected - URGENT[0m
[1;33m[2026-03-06 14:30:00] WARN: Failed to send iMessage alert to temikolawole@icloud.com[0m
[1;33m[2026-03-06 14:30:01] WARN: Alert triggered: Deadline within 24 hours[0m
[1;33m[2026-03-06 14:30:01] WARN: Failed to send iMessage alert to temikolawole@icloud.com[0m
[0;34m[2026-03-06 14:30:01] DEBUG: Checking calendar for next 48 hours...[0m
[0;34m[2026-03-06 14:30:01] DEBUG: Checking IHS Towers follow-ups...[0m
[1;33m[2026-03-06 14:30:01] WARN: Found 2 urgent item(s) requiring attention[0m
[0;32m[2026-03-06 15:00:01] INFO: === Starting Heartbeat + Maintenance ===[0m
[0;32m[2026-03-06 15:00:01] INFO: Checking HEARTBEAT conditions...[0m
[1;33m[2026-03-06 15:00:01] WARN: Alert triggered: IHS Towers email detected - URGENT[0m
[1;33m[2026-03-06 15:00:01] WARN: Failed to send iMessage alert to temikolawole@icloud.com[0m
[1;33m[2026-03-06 15:00:01] WARN: Alert triggered: Deadline within 24 hours[0m
[1;33m[2026-03-06 15:00:01] WARN: Failed to send iMessage alert to temikolawole@icloud.com[0m
[0;34m[2026-03-06 15:00:01] DEBUG: Checking calendar for next 48 hours...[0m
[0;34m[2026-03-06 15:00:01] DEBUG: Checking IHS Towers follow-ups...[0m
[1;33m[2026-03-06 15:00:01] WARN: Found 2 urgent item(s) requiring attention[0m
[0;32m[2026-03-06 15:30:00] INFO: === Starting Heartbeat + Maintenance ===[0m
[0;32m[2026-03-06 15:30:00] INFO: Checking HEARTBEAT conditions...[0m
[1;33m[2026-03-06 15:30:00] WARN: Alert triggered: IHS Towers email detected - URGENT[0m
[1;33m[2026-03-06 15:30:00] WARN: Failed to send iMessage alert to temikolawole@icloud.com[0m
[1;33m[2026-03-06 15:30:00] WARN: Alert triggered: Deadline within 24 hours[0m
[1;33m[2026-03-06 15:30:00] WARN: Failed to send iMessage alert to temikolawole@icloud.com[0m
[0;34m[2026-03-06 15:30:00] DEBUG: Checking calendar for next 48 hours...[0m
[0;34m[2026-03-06 15:30:00] DEBUG: Checking IHS Towers follow-ups...[0m
[1;33m[2026-03-06 15:30:00] WARN: Found 2 urgent item(s) requiring attention[0m
[0;32m[2026-03-06 16:00:00] INFO: === Starting Heartbeat + Maintenance ===[0m
[0;32m[2026-03-06 16:00:00] INFO: Checking HEARTBEAT conditions...[0m
[1;33m[2026-03-06 16:00:00] WARN: Alert triggered: IHS Towers email detected - URGENT[0m
[1;33m[2026-03-06 16:00:00] WARN: Failed to send iMessage alert to temikolawole@icloud.com[0m
[1;33m[2026-03-06 16:00:00] WARN: Alert triggered: Deadline within 24 hours[0m
[1;33m[2026-03-06 16:00:00] WARN: Failed to send iMessage alert to temikolawole@icloud.com[0m
[0;34m[2026-03-06 16:00:00] DEBUG: Checking calendar for next 48 hours...[0m
[0;34m[2026-03-06 16:00:00] DEBUG: Checking IHS Towers follow-ups...[0m
[1;33m[2026-03-06 16:00:00] WARN: Found 2 urgent item(s) requiring attention[0m
[0;32m[2026-03-06 16:30:00] INFO: === Starting Heartbeat + Maintenance ===[0m
[0;32m[2026-03-06 16:30:00] INFO: Checking HEARTBEAT conditions...[0m
[1;33m[2026-03-06 16:30:00] WARN: Alert triggered: IHS Towers email detected - URGENT[0m
[1;33m[2026-03-06 16:30:00] WARN: Failed to send iMessage alert to temikolawole@icloud.com[0m
[1;33m[2026-03-06 16:30:00] WARN: Alert triggered: Deadline within 24 hours[0m
[1;33m[2026-03-06 16:30:00] WARN: Failed to send iMessage alert to temikolawole@icloud.com[0m
[0;34m[2026-03-06 16:30:00] DEBUG: Checking calendar for next 48 hours...[0m
[0;34m[2026-03-06 16:30:00] DEBUG: Checking IHS Towers follow-ups...[0m
[1;33m[2026-03-06 16:30:00] WARN: Found 2 urgent item(s) requiring attention[0m
[0;32m[2026-03-06 17:00:00] INFO: === Starting Heartbeat + Maintenance ===[0m
[0;32m[2026-03-06 17:00:00] INFO: Checking HEARTBEAT conditions...[0m
[1;33m[2026-03-06 17:00:00] WARN: Alert triggered: IHS Towers email detected - URGENT[0m
[1;33m[2026-03-06 17:00:00] WARN: Failed to send iMessage alert to temikolawole@icloud.com[0m
[1;33m[2026-03-06 17:00:00] WARN: Alert triggered: Deadline within 24 hours[0m
[1;33m[2026-03-06 17:00:00] WARN: Failed to send iMessage alert to temikolawole@icloud.com[0m
[0;34m[2026-03-06 17:00:00] DEBUG: Checking calendar for next 48 hours...[0m
[0;34m[2026-03-06 17:00:00] DEBUG: Checking IHS Towers follow-ups...[0m
[1;33m[2026-03-06 17:00:00] WARN: Found 2 urgent item(s) requiring attention[0m
[0;32m[2026-03-06 17:30:01] INFO: === Starting Heartbeat + Maintenance ===[0m
[0;32m[2026-03-06 17:30:01] INFO: Checking HEARTBEAT conditions...[0m
[1;33m[2026-03-06 17:30:01] WARN: Alert triggered: IHS Towers email detected - URGENT[0m
[1;33m[2026-03-06 17:30:01] WARN: Failed to send iMessage alert to temikolawole@icloud.com[0m
[1;33m[2026-03-06 17:30:01] WARN: Alert triggered: Deadline within 24 hours[0m
[1;33m[2026-03-06 17:30:01] WARN: Failed to send iMessage alert to temikolawole@icloud.com[0m
[0;34m[2026-03-06 17:30:01] DEBUG: Checking calendar for next 48 hours...[0m
[0;34m[2026-03-06 17:30:01] DEBUG: Checking IHS Towers follow-ups...[0m
[1;33m[2026-03-06 17:30:01] WARN: Found 2 urgent item(s) requiring attention[0m
[0;32m[2026-03-06 18:00:00] INFO: === Starting Heartbeat + Maintenance ===[0m
[0;32m[2026-03-06 18:00:00] INFO: Checking HEARTBEAT conditions...[0m
[1;33m[2026-03-06 18:00:00] WARN: Alert triggered: IHS Towers email detected - URGENT[0m
[1;33m[2026-03-06 18:00:00] WARN: Failed to send iMessage alert to temikolawole@icloud.com[0m
[1;33m[2026-03-06 18:00:00] WARN: Alert triggered: Deadline within 24 hours[0m
[1;33m[2026-03-06 18:00:00] WARN: Failed to send iMessage alert to temikolawole@icloud.com[0m
[0;34m[2026-03-06 18:00:00] DEBUG: Checking calendar for next 48 hours...[0m
[0;34m[2026-03-06 18:00:00] DEBUG: Checking IHS Towers follow-ups...[0m
[1;33m[2026-03-06 18:00:00] WARN: IHS Towers follow-up may be needed[0m
[0;32m[2026-03-06 18:30:01] INFO: === Starting Heartbeat + Maintenance ===[0m
[0;32m[2026-03-06 18:30:01] INFO: Checking HEARTBEAT conditions...[0m
[1;33m[2026-03-06 18:30:01] WARN: Alert triggered: IHS Towers email detected - URGENT[0m
[1;33m[2026-03-06 18:30:01] WARN: Failed to send iMessage alert to temikolawole@icloud.com[0m
[1;33m[2026-03-06 18:30:01] WARN: Alert triggered: Deadline within 24 hours[0m
[1;33m[2026-03-06 18:30:01] WARN: Failed to send iMessage alert to temikolawole@icloud.com[0m
[0;34m[2026-03-06 18:30:01] DEBUG: Checking calendar for next 48 hours...[0m
[0;32m[2026-03-06 18:30:01] INFO: Found 3 upcoming event(s) in next 48 hours[0m
[0;32m[2026-03-06 19:00:00] INFO: === Starting Heartbeat + Maintenance ===[0m
[0;32m[2026-03-06 19:00:00] INFO: Checking HEARTBEAT conditions...[0m
[1;33m[2026-03-06 19:00:00] WARN: Alert triggered: IHS Towers email detected - URGENT[0m
[1;33m[2026-03-06 19:00:00] WARN: Failed to send iMessage alert to temikolawole@icloud.com[0m
[1;33m[2026-03-06 19:00:00] WARN: Alert triggered: Deadline within 24 hours[0m
[1;33m[2026-03-06 19:00:00] WARN: Failed to send iMessage alert to temikolawole@icloud.com[0m
[0;34m[2026-03-06 19:00:00] DEBUG: Checking calendar for next 48 hours...[0m
[0;32m[2026-03-06 19:00:00] INFO: Found 2 upcoming event(s) in next 48 hours[0m
[0;32m[2026-03-06 19:30:00] INFO: === Starting Heartbeat + Maintenance ===[0m
[0;32m[2026-03-06 19:30:00] INFO: Checking HEARTBEAT conditions...[0m
[1;33m[2026-03-06 19:30:00] WARN: Alert triggered: IHS Towers email detected - URGENT[0m
[1;33m[2026-03-06 19:30:00] WARN: Failed to send iMessage alert to temikolawole@icloud.com[0m
[1;33m[2026-03-06 19:30:00] WARN: Alert triggered: Deadline within 24 hours[0m
[1;33m[2026-03-06 19:30:00] WARN: Failed to send iMessage alert to temikolawole@icloud.com[0m
[0;34m[2026-03-06 19:30:00] DEBUG: Checking calendar for next 48 hours...[0m
[0;34m[2026-03-06 19:30:00] DEBUG: Checking IHS Towers follow-ups...[0m
[1;33m[2026-03-06 19:30:00] WARN: Found 2 urgent item(s) requiring attention[0m
[0;32m[2026-03-06 20:00:00] INFO: === Starting Heartbeat + Maintenance ===[0m
[0;32m[2026-03-06 20:00:00] INFO: Checking HEARTBEAT conditions...[0m
[1;33m[2026-03-06 20:00:00] WARN: Alert triggered: IHS Towers email detected - URGENT[0m
[1;33m[2026-03-06 20:00:00] WARN: Failed to send iMessage alert to temikolawole@icloud.com[0m
[1;33m[2026-03-06 20:00:00] WARN: Alert triggered: Deadline within 24 hours[0m
[1;33m[2026-03-06 20:00:00] WARN: Failed to send iMessage alert to temikolawole@icloud.com[0m
[0;34m[2026-03-06 20:00:00] DEBUG: Checking calendar for next 48 hours...[0m
[0;32m[2026-03-06 20:00:00] INFO: Found 3 upcoming event(s) in next 48 hours[0m
[1;33m[2026-03-06 20:00:00] WARN: Meeting preparation may be needed for upcoming events[0m
[0;32m[2026-03-06 20:30:00] INFO: === Starting Heartbeat + Maintenance ===[0m
[0;32m[2026-03-06 20:30:00] INFO: Checking HEARTBEAT conditions...[0m
[1;33m[2026-03-06 20:30:00] WARN: Alert triggered: IHS Towers email detected - URGENT[0m
[1;33m[2026-03-06 20:30:00] WARN: Failed to send iMessage alert to temikolawole@icloud.com[0m
[1;33m[2026-03-06 20:30:00] WARN: Alert triggered: Deadline within 24 hours[0m
[1;33m[2026-03-06 20:30:00] WARN: Failed to send iMessage alert to temikolawole@icloud.com[0m
[0;34m[2026-03-06 20:30:00] DEBUG: Checking calendar for next 48 hours...[0m
[0;34m[2026-03-06 20:30:00] DEBUG: Checking IHS Towers follow-ups...[0m
[1;33m[2026-03-06 20:30:00] WARN: Found 2 urgent item(s) requiring attention[0m
[0;32m[2026-03-06 21:00:00] INFO: === Starting Heartbeat + Maintenance ===[0m
[0;32m[2026-03-06 21:00:00] INFO: Checking HEARTBEAT conditions...[0m
[1;33m[2026-03-06 21:00:00] WARN: Alert triggered: IHS Towers email detected - URGENT[0m
[1;33m[2026-03-06 21:00:00] WARN: Failed to send iMessage alert to temikolawole@icloud.com[0m
[1;33m[2026-03-06 21:00:00] WARN: Alert triggered: Deadline within 24 hours[0m
[1;33m[2026-03-06 21:00:00] WARN: Failed to send iMessage alert to temikolawole@icloud.com[0m
[0;34m[2026-03-06 21:00:00] DEBUG: Checking calendar for next 48 hours...[0m
[0;34m[2026-03-06 21:00:00] DEBUG: Checking IHS Towers follow-ups...[0m
[1;33m[2026-03-06 21:00:00] WARN: Found 2 urgent item(s) requiring attention[0m
[0;32m[2026-03-06 21:30:00] INFO: === Starting Heartbeat + Maintenance ===[0m
[0;32m[2026-03-06 21:30:00] INFO: Checking HEARTBEAT conditions...[0m
[1;33m[2026-03-06 21:30:00] WARN: Alert triggered: IHS Towers email detected - URGENT[0m
[1;33m[2026-03-06 21:30:00] WARN: Failed to send iMessage alert to temikolawole@icloud.com[0m
[1;33m[2026-03-06 21:30:00] WARN: Alert triggered: Deadline within 24 hours[0m
[1;33m[2026-03-06 21:30:00] WARN: Failed to send iMessage alert to temikolawole@icloud.com[0m
[0;34m[2026-03-06 21:30:00] DEBUG: Checking calendar for next 48 hours...[0m
[0;34m[2026-03-06 21:30:00] DEBUG: Checking IHS Towers follow-ups...[0m
[1;33m[2026-03-06 21:30:00] WARN: Found 2 urgent item(s) requiring attention[0m
[0;32m[2026-03-06 22:00:00] INFO: === Starting Heartbeat + Maintenance ===[0m
[0;32m[2026-03-06 22:00:00] INFO: Checking HEARTBEAT conditions...[0m
[1;33m[2026-03-06 22:00:00] WARN: Alert triggered: IHS Towers email detected - URGENT[0m
[1;33m[2026-03-06 22:00:00] WARN: Failed to send iMessage alert to temikolawole@icloud.com[0m
[1;33m[2026-03-06 22:00:00] WARN: Alert triggered: Deadline within 24 hours[0m
[1;33m[2026-03-06 22:00:00] WARN: Failed to send iMessage alert to temikolawole@icloud.com[0m
[0;34m[2026-03-06 22:00:00] DEBUG: Checking calendar for next 48 hours...[0m
[0;32m[2026-03-06 22:00:00] INFO: Found 1 upcoming event(s) in next 48 hours[0m
[0;32m[2026-03-06 22:30:00] INFO: === Starting Heartbeat + Maintenance ===[0m
[0;32m[2026-03-06 22:30:00] INFO: Checking HEARTBEAT conditions...[0m
[1;33m[2026-03-06 22:30:00] WARN: Alert triggered: IHS Towers email detected - URGENT[0m
[1;33m[2026-03-06 22:30:00] WARN: Failed to send iMessage alert to temikolawole@icloud.com[0m
[1;33m[2026-03-06 22:30:00] WARN: Alert triggered: Deadline within 24 hours[0m
[1;33m[2026-03-06 22:30:00] WARN: Failed to send iMessage alert to temikolawole@icloud.com[0m
[0;34m[2026-03-06 22:30:00] DEBUG: Checking calendar for next 48 hours...[0m
[0;34m[2026-03-06 22:30:00] DEBUG: Checking IHS Towers follow-ups...[0m
[1;33m[2026-03-06 22:30:00] WARN: Found 2 urgent item(s) requiring attention[0m
[0;32m[2026-03-06 23:00:00] INFO: === Starting Heartbeat + Maintenance ===[0m
[0;32m[2026-03-06 23:00:00] INFO: Quiet hours (23:00-08:00), running minimal checks only[0m
[0;32m[2026-03-06 23:00:00] INFO: Checking HEARTBEAT conditions...[0m
[1;33m[2026-03-06 23:00:00] WARN: Alert triggered: IHS Towers email detected - URGENT[0m
[1;33m[2026-03-06 23:00:00] WARN: Failed to send iMessage alert to temikolawole@icloud.com[0m
[1;33m[2026-03-06 23:00:00] WARN: Alert triggered: Deadline within 24 hours[0m
[1;33m[2026-03-06 23:00:00] WARN: Failed to send iMessage alert to temikolawole@icloud.com[0m
[0;34m[2026-03-06 23:00:00] DEBUG: Checking calendar for next 48 hours...[0m
[0;34m[2026-03-06 23:00:00] DEBUG: Checking IHS Towers follow-ups...[0m
[1;33m[2026-03-06 23:00:00] WARN: Found 2 urgent item(s) requiring attention[0m
[0;32m[2026-03-06 23:30:00] INFO: === Starting Heartbeat + Maintenance ===[0m
[0;32m[2026-03-06 23:30:00] INFO: Quiet hours (23:00-08:00), running minimal checks only[0m
[0;32m[2026-03-06 23:30:00] INFO: Checking HEARTBEAT conditions...[0m
[1;33m[2026-03-06 23:30:00] WARN: Alert triggered: IHS Towers email detected - URGENT[0m
[1;33m[2026-03-06 23:30:00] WARN: Failed to send iMessage alert to temikolawole@icloud.com[0m
[1;33m[2026-03-06 23:30:00] WARN: Alert triggered: Deadline within 24 hours[0m
[1;33m[2026-03-06 23:30:00] WARN: Failed to send iMessage alert to temikolawole@icloud.com[0m
[0;34m[2026-03-06 23:30:00] DEBUG: Checking calendar for next 48 hours...[0m
[0;34m[2026-03-06 23:30:00] DEBUG: Checking IHS Towers follow-ups...[0m
[1;33m[2026-03-06 23:30:00] WARN: IHS Towers follow-up may be needed[0m
[0;32m[2026-03-07 00:00:00] INFO: === Starting Heartbeat + Maintenance ===[0m
[0;32m[2026-03-07 00:00:00] INFO: Quiet hours (23:00-08:00), running minimal checks only[0m
[0;32m[2026-03-07 00:00:00] INFO: Checking HEARTBEAT conditions...[0m
[1;33m[2026-03-07 00:00:00] WARN: Alert triggered: IHS Towers email detected - URGENT[0m
[1;33m[2026-03-07 00:00:00] WARN: Failed to send iMessage alert to temikolawole@icloud.com[0m
[1;33m[2026-03-07 00:00:00] WARN: Alert triggered: Deadline within 24 hours[0m
[1;33m[2026-03-07 00:00:00] WARN: Failed to send iMessage alert to temikolawole@icloud.com[0m
[0;34m[2026-03-07 00:00:00] DEBUG: Checking calendar for next 48 hours...[0m
[0;34m[2026-03-07 00:00:00] DEBUG: Checking IHS Towers follow-ups...[0m
[1;33m[2026-03-07 00:00:00] WARN: Found 2 urgent item(s) requiring attention[0m
[0;32m[2026-03-07 00:30:00] INFO: === Starting Heartbeat + Maintenance ===[0m
[0;32m[2026-03-07 00:30:00] INFO: Quiet hours (23:00-08:00), running minimal checks only[0m
[0;32m[2026-03-07 00:30:00] INFO: Checking HEARTBEAT conditions...[0m
[1;33m[2026-03-07 00:30:00] WARN: Alert triggered: IHS Towers email detected - URGENT[0m
[1;33m[2026-03-07 00:30:00] WARN: Failed to send iMessage alert to temikolawole@icloud.com[0m
[1;33m[2026-03-07 00:30:00] WARN: Alert triggered: Deadline within 24 hours[0m
[1;33m[2026-03-07 00:30:00] WARN: Failed to send iMessage alert to temikolawole@icloud.com[0m
[0;34m[2026-03-07 00:30:00] DEBUG: Checking calendar for next 48 hours...[0m
[0;34m[2026-03-07 00:30:00] DEBUG: Checking IHS Towers follow-ups...[0m
[1;33m[2026-03-07 00:30:00] WARN: IHS Towers follow-up may be needed[0m
[0;32m[2026-03-07 01:00:00] INFO: === Starting Heartbeat + Maintenance ===[0m
[0;32m[2026-03-07 01:00:00] INFO: Quiet hours (23:00-08:00), running minimal checks only[0m
[0;32m[2026-03-07 01:00:00] INFO: Checking HEARTBEAT conditions...[0m
[1;33m[2026-03-07 01:00:00] WARN: Alert triggered: IHS Towers email detected - URGENT[0m
[1;33m[2026-03-07 01:00:00] WARN: Failed to send iMessage alert to temikolawole@icloud.com[0m
[1;33m[2026-03-07 01:00:00] WARN: Alert triggered: Deadline within 24 hours[0m
[1;33m[2026-03-07 01:00:00] WARN: Failed to send iMessage alert to temikolawole@icloud.com[0m
[0;34m[2026-03-07 01:00:00] DEBUG: Checking calendar for next 48 hours...[0m
[0;34m[2026-03-07 01:00:00] DEBUG: Checking IHS Towers follow-ups...[0m
[1;33m[2026-03-07 01:00:00] WARN: Found 2 urgent item(s) requiring attention[0m
[0;32m[2026-03-07 01:30:00] INFO: === Starting Heartbeat + Maintenance ===[0m
[0;32m[2026-03-07 01:30:00] INFO: Quiet hours (23:00-08:00), running minimal checks only[0m
[0;32m[2026-03-07 01:30:00] INFO: Checking HEARTBEAT conditions...[0m
[1;33m[2026-03-07 01:30:00] WARN: Alert triggered: IHS Towers email detected - URGENT[0m
[1;33m[2026-03-07 01:30:00] WARN: Failed to send iMessage alert to temikolawole@icloud.com[0m
[1;33m[2026-03-07 01:30:00] WARN: Alert triggered: Deadline within 24 hours[0m
[1;33m[2026-03-07 01:30:00] WARN: Failed to send iMessage alert to temikolawole@icloud.com[0m
[0;34m[2026-03-07 01:30:00] DEBUG: Checking calendar for next 48 hours...[0m
[0;34m[2026-03-07 01:30:00] DEBUG: Checking IHS Towers follow-ups...[0m
[1;33m[2026-03-07 01:30:00] WARN: Found 2 urgent item(s) requiring attention[0m
[0;32m[2026-03-07 02:00:00] INFO: === Starting Heartbeat + Maintenance ===[0m
[0;32m[2026-03-07 02:00:00] INFO: Quiet hours (23:00-08:00), running minimal checks only[0m
[0;32m[2026-03-07 02:00:00] INFO: Checking HEARTBEAT conditions...[0m
[1;33m[2026-03-07 02:00:00] WARN: Alert triggered: IHS Towers email detected - URGENT[0m
[1;33m[2026-03-07 02:00:00] WARN: Failed to send iMessage alert to temikolawole@icloud.com[0m
[1;33m[2026-03-07 02:00:00] WARN: Alert triggered: Deadline within 24 hours[0m
[1;33m[2026-03-07 02:00:00] WARN: Failed to send iMessage alert to temikolawole@icloud.com[0m
[0;34m[2026-03-07 02:00:00] DEBUG: Checking calendar for next 48 hours...[0m
[0;34m[2026-03-07 02:00:00] DEBUG: Checking IHS Towers follow-ups...[0m
[1;33m[2026-03-07 02:00:00] WARN: Found 2 urgent item(s) requiring attention[0m
[0;32m[2026-03-07 02:30:00] INFO: === Starting Heartbeat + Maintenance ===[0m
[0;32m[2026-03-07 02:30:00] INFO: Quiet hours (23:00-08:00), running minimal checks only[0m
[0;32m[2026-03-07 02:30:00] INFO: Checking HEARTBEAT conditions...[0m
[1;33m[2026-03-07 02:30:00] WARN: Alert triggered: IHS Towers email detected - URGENT[0m
[1;33m[2026-03-07 02:30:00] WARN: Failed to send iMessage alert to temikolawole@icloud.com[0m
[1;33m[2026-03-07 02:30:00] WARN: Alert triggered: Deadline within 24 hours[0m
[1;33m[2026-03-07 02:30:00] WARN: Failed to send iMessage alert to temikolawole@icloud.com[0m
[0;34m[2026-03-07 02:30:00] DEBUG: Checking calendar for next 48 hours...[0m
[0;34m[2026-03-07 02:30:00] DEBUG: Checking IHS Towers follow-ups...[0m
[1;33m[2026-03-07 02:30:00] WARN: Found 2 urgent item(s) requiring attention[0m
[0;32m[2026-03-07 03:00:00] INFO: === Starting Heartbeat + Maintenance ===[0m
[0;32m[2026-03-07 03:00:00] INFO: Quiet hours (23:00-08:00), running minimal checks only[0m
[0;32m[2026-03-07 03:00:00] INFO: Checking HEARTBEAT conditions...[0m
[1;33m[2026-03-07 03:00:00] WARN: Alert triggered: IHS Towers email detected - URGENT[0m
[1;33m[2026-03-07 03:00:00] WARN: Failed to send iMessage alert to temikolawole@icloud.com[0m
[1;33m[2026-03-07 03:00:00] WARN: Alert triggered: Deadline within 24 hours[0m
[1;33m[2026-03-07 03:00:01] WARN: Failed to send iMessage alert to temikolawole@icloud.com[0m
[0;34m[2026-03-07 03:00:01] DEBUG: Checking calendar for next 48 hours...[0m
[0;34m[2026-03-07 03:00:01] DEBUG: Checking IHS Towers follow-ups...[0m
[1;33m[2026-03-07 03:00:01] WARN: Found 2 urgent item(s) requiring attention[0m
[0;32m[2026-03-07 03:30:00] INFO: === Starting Heartbeat + Maintenance ===[0m
[0;32m[2026-03-07 03:30:00] INFO: Quiet hours (23:00-08:00), running minimal checks only[0m
[0;32m[2026-03-07 03:30:00] INFO: Checking HEARTBEAT conditions...[0m
[1;33m[2026-03-07 03:30:00] WARN: Alert triggered: IHS Towers email detected - URGENT[0m
[1;33m[2026-03-07 03:30:00] WARN: Failed to send iMessage alert to temikolawole@icloud.com[0m
[1;33m[2026-03-07 03:30:00] WARN: Alert triggered: Deadline within 24 hours[0m
[1;33m[2026-03-07 03:30:00] WARN: Failed to send iMessage alert to temikolawole@icloud.com[0m
[0;34m[2026-03-07 03:30:00] DEBUG: Checking calendar for next 48 hours...[0m
[0;34m[2026-03-07 03:30:00] DEBUG: Checking IHS Towers follow-ups...[0m
[1;33m[2026-03-07 03:30:00] WARN: Found 2 urgent item(s) requiring attention[0m
[0;32m[2026-03-07 04:00:00] INFO: === Starting Heartbeat + Maintenance ===[0m
[0;32m[2026-03-07 04:00:00] INFO: Quiet hours (23:00-08:00), running minimal checks only[0m
[0;32m[2026-03-07 04:00:00] INFO: Checking HEARTBEAT conditions...[0m
[1;33m[2026-03-07 04:00:00] WARN: Alert triggered: IHS Towers email detected - URGENT[0m
[1;33m[2026-03-07 04:00:00] WARN: Failed to send iMessage alert to temikolawole@icloud.com[0m
[1;33m[2026-03-07 04:00:00] WARN: Alert triggered: Deadline within 24 hours[0m
[1;33m[2026-03-07 04:00:00] WARN: Failed to send iMessage alert to temikolawole@icloud.com[0m
[0;34m[2026-03-07 04:00:00] DEBUG: Checking calendar for next 48 hours...[0m
[0;34m[2026-03-07 04:00:00] DEBUG: Checking IHS Towers follow-ups...[0m
[1;33m[2026-03-07 04:00:00] WARN: Found 2 urgent item(s) requiring attention[0m
[0;32m[2026-03-07 04:30:00] INFO: === Starting Heartbeat + Maintenance ===[0m
[0;32m[2026-03-07 04:30:00] INFO: Quiet hours (23:00-08:00), running minimal checks only[0m
[0;32m[2026-03-07 04:30:00] INFO: Checking HEARTBEAT conditions...[0m
[1;33m[2026-03-07 04:30:00] WARN: Alert triggered: IHS Towers email detected - URGENT[0m
[1;33m[2026-03-07 04:30:00] WARN: Failed to send iMessage alert to temikolawole@icloud.com[0m
[1;33m[2026-03-07 04:30:00] WARN: Alert triggered: Deadline within 24 hours[0m
[1;33m[2026-03-07 04:30:00] WARN: Failed to send iMessage alert to temikolawole@icloud.com[0m
[0;34m[2026-03-07 04:30:00] DEBUG: Checking calendar for next 48 hours...[0m
[0;34m[2026-03-07 04:30:00] DEBUG: Checking IHS Towers follow-ups...[0m
[1;33m[2026-03-07 04:30:00] WARN: Found 2 urgent item(s) requiring attention[0m
[0;32m[2026-03-07 05:00:00] INFO: === Starting Heartbeat + Maintenance ===[0m
[0;32m[2026-03-07 05:00:00] INFO: Quiet hours (23:00-08:00), running minimal checks only[0m
[0;32m[2026-03-07 05:00:00] INFO: Checking HEARTBEAT conditions...[0m
[1;33m[2026-03-07 05:00:00] WARN: Alert triggered: IHS Towers email detected - URGENT[0m
[1;33m[2026-03-07 05:00:00] WARN: Failed to send iMessage alert to temikolawole@icloud.com[0m
[1;33m[2026-03-07 05:00:00] WARN: Alert triggered: Deadline within 24 hours[0m
[1;33m[2026-03-07 05:00:00] WARN: Failed to send iMessage alert to temikolawole@icloud.com[0m
[0;34m[2026-03-07 05:00:00] DEBUG: Checking calendar for next 48 hours...[0m
[0;34m[2026-03-07 05:00:00] DEBUG: Checking IHS Towers follow-ups...[0m
[1;33m[2026-03-07 05:00:00] WARN: Found 2 urgent item(s) requiring attention[0m
[0;32m[2026-03-07 05:30:00] INFO: === Starting Heartbeat + Maintenance ===[0m
[0;32m[2026-03-07 05:30:00] INFO: Quiet hours (23:00-08:00), running minimal checks only[0m
[0;32m[2026-03-07 05:30:00] INFO: Checking HEARTBEAT conditions...[0m
[1;33m[2026-03-07 05:30:00] WARN: Alert triggered: IHS Towers email detected - URGENT[0m
[1;33m[2026-03-07 05:30:00] WARN: Failed to send iMessage alert to temikolawole@icloud.com[0m
[1;33m[2026-03-07 05:30:00] WARN: Alert triggered: Deadline within 24 hours[0m
[1;33m[2026-03-07 05:30:00] WARN: Failed to send iMessage alert to temikolawole@icloud.com[0m
[0;34m[2026-03-07 05:30:00] DEBUG: Checking calendar for next 48 hours...[0m
[0;34m[2026-03-07 05:30:00] DEBUG: Checking IHS Towers follow-ups...[0m
[1;33m[2026-03-07 05:30:00] WARN: Found 2 urgent item(s) requiring attention[0m
[0;32m[2026-03-07 06:00:00] INFO: === Starting Heartbeat + Maintenance ===[0m
[0;32m[2026-03-07 06:00:00] INFO: Quiet hours (23:00-08:00), running minimal checks only[0m
[0;32m[2026-03-07 06:00:00] INFO: Checking HEARTBEAT conditions...[0m
[1;33m[2026-03-07 06:00:00] WARN: Alert triggered: IHS Towers email detected - URGENT[0m
[1;33m[2026-03-07 06:00:01] WARN: Failed to send iMessage alert to temikolawole@icloud.com[0m
[1;33m[2026-03-07 06:00:01] WARN: Alert triggered: Deadline within 24 hours[0m
[1;33m[2026-03-07 06:00:01] WARN: Failed to send iMessage alert to temikolawole@icloud.com[0m
[0;34m[2026-03-07 06:00:01] DEBUG: Checking calendar for next 48 hours...[0m
[0;34m[2026-03-07 06:00:01] DEBUG: Checking IHS Towers follow-ups...[0m
[1;33m[2026-03-07 06:00:01] WARN: Found 2 urgent item(s) requiring attention[0m
[0;32m[2026-03-07 06:30:00] INFO: === Starting Heartbeat + Maintenance ===[0m
[0;32m[2026-03-07 06:30:00] INFO: Quiet hours (23:00-08:00), running minimal checks only[0m
[0;32m[2026-03-07 06:30:00] INFO: Checking HEARTBEAT conditions...[0m
[1;33m[2026-03-07 06:30:00] WARN: Alert triggered: IHS Towers email detected - URGENT[0m
[1;33m[2026-03-07 06:30:00] WARN: Failed to send iMessage alert to temikolawole@icloud.com[0m
[1;33m[2026-03-07 06:30:00] WARN: Alert triggered: Deadline within 24 hours[0m
[1;33m[2026-03-07 06:30:00] WARN: Failed to send iMessage alert to temikolawole@icloud.com[0m
[0;34m[2026-03-07 06:30:00] DEBUG: Checking calendar for next 48 hours...[0m
[0;34m[2026-03-07 06:30:00] DEBUG: Checking IHS Towers follow-ups...[0m
[1;33m[2026-03-07 06:30:00] WARN: Found 2 urgent item(s) requiring attention[0m
[0;32m[2026-03-07 07:00:00] INFO: === Starting Heartbeat + Maintenance ===[0m
[0;32m[2026-03-07 07:00:00] INFO: Quiet hours (23:00-08:00), running minimal checks only[0m
[0;32m[2026-03-07 07:00:00] INFO: Checking HEARTBEAT conditions...[0m
[1;33m[2026-03-07 07:00:00] WARN: Alert triggered: IHS Towers email detected - URGENT[0m
[1;33m[2026-03-07 07:00:00] WARN: Failed to send iMessage alert to temikolawole@icloud.com[0m
[1;33m[2026-03-07 07:00:00] WARN: Alert triggered: Deadline within 24 hours[0m
[1;33m[2026-03-07 07:00:00] WARN: Failed to send iMessage alert to temikolawole@icloud.com[0m
[0;34m[2026-03-07 07:00:00] DEBUG: Checking calendar for next 48 hours...[0m
[0;34m[2026-03-07 07:00:00] DEBUG: Checking IHS Towers follow-ups...[0m
[1;33m[2026-03-07 07:00:00] WARN: Found 2 urgent item(s) requiring attention[0m
[0;32m[2026-03-07 07:30:00] INFO: === Starting Heartbeat + Maintenance ===[0m
[0;32m[2026-03-07 07:30:00] INFO: Quiet hours (23:00-08:00), running minimal checks only[0m
[0;32m[2026-03-07 07:30:00] INFO: Checking HEARTBEAT conditions...[0m
[1;33m[2026-03-07 07:30:00] WARN: Alert triggered: IHS Towers email detected - URGENT[0m
[1;33m[2026-03-07 07:30:00] WARN: Failed to send iMessage alert to temikolawole@icloud.com[0m
[1;33m[2026-03-07 07:30:00] WARN: Alert triggered: Deadline within 24 hours[0m
[1;33m[2026-03-07 07:30:00] WARN: Failed to send iMessage alert to temikolawole@icloud.com[0m
[0;34m[2026-03-07 07:30:00] DEBUG: Checking calendar for next 48 hours...[0m
[0;34m[2026-03-07 07:30:00] DEBUG: Checking IHS Towers follow-ups...[0m
[1;33m[2026-03-07 07:30:00] WARN: Found 2 urgent item(s) requiring attention[0m
[0;32m[2026-03-07 08:00:00] INFO: === Starting Heartbeat + Maintenance ===[0m
[0;32m[2026-03-07 08:00:00] INFO: Checking HEARTBEAT conditions...[0m
[1;33m[2026-03-07 08:00:00] WARN: Alert triggered: IHS Towers email detected - URGENT[0m
[1;33m[2026-03-07 08:00:00] WARN: Failed to send iMessage alert to temikolawole@icloud.com[0m
[1;33m[2026-03-07 08:00:00] WARN: Alert triggered: Deadline within 24 hours[0m
[1;33m[2026-03-07 08:00:00] WARN: Failed to send iMessage alert to temikolawole@icloud.com[0m
[0;34m[2026-03-07 08:00:00] DEBUG: Checking calendar for next 48 hours...[0m
[0;34m[2026-03-07 08:00:00] DEBUG: Checking IHS Towers follow-ups...[0m
[1;33m[2026-03-07 08:00:00] WARN: Found 2 urgent item(s) requiring attention[0m
[0;32m[2026-03-07 08:30:00] INFO: === Starting Heartbeat + Maintenance ===[0m
[0;32m[2026-03-07 08:30:00] INFO: Checking HEARTBEAT conditions...[0m
[1;33m[2026-03-07 08:30:00] WARN: Alert triggered: IHS Towers email detected - URGENT[0m
[1;33m[2026-03-07 08:30:00] WARN: Failed to send iMessage alert to temikolawole@icloud.com[0m
[1;33m[2026-03-07 08:30:00] WARN: Alert triggered: Deadline within 24 hours[0m
[1;33m[2026-03-07 08:30:00] WARN: Failed to send iMessage alert to temikolawole@icloud.com[0m
[0;34m[2026-03-07 08:30:00] DEBUG: Checking calendar for next 48 hours...[0m
[0;34m[2026-03-07 08:30:00] DEBUG: Checking IHS Towers follow-ups...[0m
[1;33m[2026-03-07 08:30:00] WARN: Found 2 urgent item(s) requiring attention[0m
[0;32m[2026-03-07 09:00:00] INFO: === Starting Heartbeat + Maintenance ===[0m
[0;32m[2026-03-07 09:00:00] INFO: Checking HEARTBEAT conditions...[0m
[1;33m[2026-03-07 09:00:00] WARN: Alert triggered: IHS Towers email detected - URGENT[0m
[1;33m[2026-03-07 09:00:00] WARN: Failed to send iMessage alert to temikolawole@icloud.com[0m
[1;33m[2026-03-07 09:00:00] WARN: Alert triggered: Deadline within 24 hours[0m
[1;33m[2026-03-07 09:00:00] WARN: Failed to send iMessage alert to temikolawole@icloud.com[0m
[0;34m[2026-03-07 09:00:00] DEBUG: Checking calendar for next 48 hours...[0m
[0;34m[2026-03-07 09:00:00] DEBUG: Checking IHS Towers follow-ups...[0m
[1;33m[2026-03-07 09:00:00] WARN: Found 2 urgent item(s) requiring attention[0m
[0;32m[2026-03-07 09:30:00] INFO: === Starting Heartbeat + Maintenance ===[0m
[0;32m[2026-03-07 09:30:00] INFO: Checking HEARTBEAT conditions...[0m
[1;33m[2026-03-07 09:30:00] WARN: Alert triggered: IHS Towers email detected - URGENT[0m
[1;33m[2026-03-07 09:30:00] WARN: Failed to send iMessage alert to temikolawole@icloud.com[0m
[1;33m[2026-03-07 09:30:00] WARN: Alert triggered: Deadline within 24 hours[0m
[1;33m[2026-03-07 09:30:00] WARN: Failed to send iMessage alert to temikolawole@icloud.com[0m
[0;34m[2026-03-07 09:30:00] DEBUG: Checking calendar for next 48 hours...[0m
[0;34m[2026-03-07 09:30:00] DEBUG: Checking IHS Towers follow-ups...[0m
[1;33m[2026-03-07 09:30:00] WARN: Found 2 urgent item(s) requiring attention[0m
[0;32m[2026-03-07 10:00:00] INFO: === Starting Heartbeat + Maintenance ===[0m
[0;32m[2026-03-07 10:00:00] INFO: Checking HEARTBEAT conditions...[0m
[1;33m[2026-03-07 10:00:00] WARN: Alert triggered: IHS Towers email detected - URGENT[0m
[1;33m[2026-03-07 10:00:00] WARN: Failed to send iMessage alert to temikolawole@icloud.com[0m
[1;33m[2026-03-07 10:00:00] WARN: Alert triggered: Deadline within 24 hours[0m
[1;33m[2026-03-07 10:00:00] WARN: Failed to send iMessage alert to temikolawole@icloud.com[0m
[0;34m[2026-03-07 10:00:00] DEBUG: Checking calendar for next 48 hours...[0m
[0;32m[2026-03-07 10:00:00] INFO: Found 3 upcoming event(s) in next 48 hours[0m
[0;32m[2026-03-07 10:30:00] INFO: === Starting Heartbeat + Maintenance ===[0m
[0;32m[2026-03-07 10:30:00] INFO: Checking HEARTBEAT conditions...[0m
[1;33m[2026-03-07 10:30:00] WARN: Alert triggered: IHS Towers email detected - URGENT[0m
[1;33m[2026-03-07 10:30:00] WARN: Failed to send iMessage alert to temikolawole@icloud.com[0m
[1;33m[2026-03-07 10:30:00] WARN: Alert triggered: Deadline within 24 hours[0m
[1;33m[2026-03-07 10:30:00] WARN: Failed to send iMessage alert to temikolawole@icloud.com[0m
[0;34m[2026-03-07 10:30:00] DEBUG: Checking calendar for next 48 hours...[0m
[0;32m[2026-03-07 10:30:00] INFO: Found 2 upcoming event(s) in next 48 hours[0m
[0;32m[2026-03-07 11:00:00] INFO: === Starting Heartbeat + Maintenance ===[0m
[0;32m[2026-03-07 11:00:00] INFO: Checking HEARTBEAT conditions...[0m
[1;33m[2026-03-07 11:00:00] WARN: Alert triggered: IHS Towers email detected - URGENT[0m
[1;33m[2026-03-07 11:00:00] WARN: Failed to send iMessage alert to temikolawole@icloud.com[0m
[1;33m[2026-03-07 11:00:00] WARN: Alert triggered: Deadline within 24 hours[0m
[1;33m[2026-03-07 11:00:00] WARN: Failed to send iMessage alert to temikolawole@icloud.com[0m
[0;34m[2026-03-07 11:00:00] DEBUG: Checking calendar for next 48 hours...[0m
[0;34m[2026-03-07 11:00:00] DEBUG: Checking IHS Towers follow-ups...[0m
[1;33m[2026-03-07 11:00:00] WARN: Found 2 urgent item(s) requiring attention[0m
[0;32m[2026-03-07 11:30:00] INFO: === Starting Heartbeat + Maintenance ===[0m
[0;32m[2026-03-07 11:30:00] INFO: Checking HEARTBEAT conditions...[0m
[1;33m[2026-03-07 11:30:00] WARN: Alert triggered: IHS Towers email detected - URGENT[0m
[1;33m[2026-03-07 11:30:00] WARN: Failed to send iMessage alert to temikolawole@icloud.com[0m
[1;33m[2026-03-07 11:30:00] WARN: Alert triggered: Deadline within 24 hours[0m
[1;33m[2026-03-07 11:30:00] WARN: Failed to send iMessage alert to temikolawole@icloud.com[0m
[0;34m[2026-03-07 11:30:00] DEBUG: Checking calendar for next 48 hours...[0m
[0;34m[2026-03-07 11:30:00] DEBUG: Checking IHS Towers follow-ups...[0m
[1;33m[2026-03-07 11:30:00] WARN: IHS Towers follow-up may be needed[0m
[0;32m[2026-03-07 12:00:00] INFO: === Starting Heartbeat + Maintenance ===[0m
[0;32m[2026-03-07 12:00:00] INFO: Checking HEARTBEAT conditions...[0m
[1;33m[2026-03-07 12:00:00] WARN: Alert triggered: IHS Towers email detected - URGENT[0m
[1;33m[2026-03-07 12:00:00] WARN: Failed to send iMessage alert to temikolawole@icloud.com[0m
[1;33m[2026-03-07 12:00:00] WARN: Alert triggered: Deadline within 24 hours[0m
[1;33m[2026-03-07 12:00:00] WARN: Failed to send iMessage alert to temikolawole@icloud.com[0m
[0;34m[2026-03-07 12:00:00] DEBUG: Checking calendar for next 48 hours...[0m
[0;34m[2026-03-07 12:00:00] DEBUG: Checking IHS Towers follow-ups...[0m
[1;33m[2026-03-07 12:00:00] WARN: Found 2 urgent item(s) requiring attention[0m
[0;32m[2026-03-07 12:30:00] INFO: === Starting Heartbeat + Maintenance ===[0m
[0;32m[2026-03-07 12:30:00] INFO: Checking HEARTBEAT conditions...[0m
[1;33m[2026-03-07 12:30:00] WARN: Alert triggered: IHS Towers email detected - URGENT[0m
[1;33m[2026-03-07 12:30:00] WARN: Failed to send iMessage alert to temikolawole@icloud.com[0m
[1;33m[2026-03-07 12:30:00] WARN: Alert triggered: Deadline within 24 hours[0m
[1;33m[2026-03-07 12:30:00] WARN: Failed to send iMessage alert to temikolawole@icloud.com[0m
[0;34m[2026-03-07 12:30:00] DEBUG: Checking calendar for next 48 hours...[0m
[0;34m[2026-03-07 12:30:00] DEBUG: Checking IHS Towers follow-ups...[0m
[1;33m[2026-03-07 12:30:00] WARN: Found 2 urgent item(s) requiring attention[0m
[0;32m[2026-03-07 13:00:00] INFO: === Starting Heartbeat + Maintenance ===[0m
[0;32m[2026-03-07 13:00:00] INFO: Checking HEARTBEAT conditions...[0m
[1;33m[2026-03-07 13:00:00] WARN: Alert triggered: IHS Towers email detected - URGENT[0m
[1;33m[2026-03-07 13:00:00] WARN: Failed to send iMessage alert to temikolawole@icloud.com[0m
[1;33m[2026-03-07 13:00:00] WARN: Alert triggered: Deadline within 24 hours[0m
[1;33m[2026-03-07 13:00:00] WARN: Failed to send iMessage alert to temikolawole@icloud.com[0m
[0;34m[2026-03-07 13:00:00] DEBUG: Checking calendar for next 48 hours...[0m
[0;34m[2026-03-07 13:00:00] DEBUG: Checking IHS Towers follow-ups...[0m
[1;33m[2026-03-07 13:00:00] WARN: Found 2 urgent item(s) requiring attention[0m
[0;32m[2026-03-07 13:30:00] INFO: === Starting Heartbeat + Maintenance ===[0m
[0;32m[2026-03-07 13:30:00] INFO: Checking HEARTBEAT conditions...[0m
[1;33m[2026-03-07 13:30:00] WARN: Alert triggered: IHS Towers email detected - URGENT[0m
[1;33m[2026-03-07 13:30:00] WARN: Failed to send iMessage alert to temikolawole@icloud.com[0m
[1;33m[2026-03-07 13:30:00] WARN: Alert triggered: Deadline within 24 hours[0m
[1;33m[2026-03-07 13:30:00] WARN: Failed to send iMessage alert to temikolawole@icloud.com[0m
[0;34m[2026-03-07 13:30:00] DEBUG: Checking calendar for next 48 hours...[0m
[0;34m[2026-03-07 13:30:00] DEBUG: Checking IHS Towers follow-ups...[0m
[1;33m[2026-03-07 13:30:00] WARN: IHS Towers follow-up may be needed[0m
[0;32m[2026-03-07 14:00:00] INFO: === Starting Heartbeat + Maintenance ===[0m
[0;32m[2026-03-07 14:00:00] INFO: Checking HEARTBEAT conditions...[0m
[1;33m[2026-03-07 14:00:00] WARN: Alert triggered: IHS Towers email detected - URGENT[0m
[1;33m[2026-03-07 14:00:00] WARN: Failed to send iMessage alert to temikolawole@icloud.com[0m
[1;33m[2026-03-07 14:00:00] WARN: Alert triggered: Deadline within 24 hours[0m
[1;33m[2026-03-07 14:00:00] WARN: Failed to send iMessage alert to temikolawole@icloud.com[0m
[0;34m[2026-03-07 14:00:00] DEBUG: Checking calendar for next 48 hours...[0m
[0;34m[2026-03-07 14:00:00] DEBUG: Checking IHS Towers follow-ups...[0m
[1;33m[2026-03-07 14:00:00] WARN: Found 2 urgent item(s) requiring attention[0m
[0;32m[2026-03-07 14:30:00] INFO: === Starting Heartbeat + Maintenance ===[0m
[0;32m[2026-03-07 14:30:00] INFO: Checking HEARTBEAT conditions...[0m
[1;33m[2026-03-07 14:30:00] WARN: Alert triggered: IHS Towers email detected - URGENT[0m
[1;33m[2026-03-07 14:30:00] WARN: Failed to send iMessage alert to temikolawole@icloud.com[0m
[1;33m[2026-03-07 14:30:00] WARN: Alert triggered: Deadline within 24 hours[0m
[1;33m[2026-03-07 14:30:01] WARN: Failed to send iMessage alert to temikolawole@icloud.com[0m
[0;34m[2026-03-07 14:30:01] DEBUG: Checking calendar for next 48 hours...[0m
[0;32m[2026-03-07 14:30:01] INFO: Found 2 upcoming event(s) in next 48 hours[0m
[0;32m[2026-03-07 15:00:00] INFO: === Starting Heartbeat + Maintenance ===[0m
[0;32m[2026-03-07 15:00:00] INFO: Checking HEARTBEAT conditions...[0m
[1;33m[2026-03-07 15:00:00] WARN: Alert triggered: IHS Towers email detected - URGENT[0m
[1;33m[2026-03-07 15:00:00] WARN: Failed to send iMessage alert to temikolawole@icloud.com[0m
[1;33m[2026-03-07 15:00:00] WARN: Alert triggered: Deadline within 24 hours[0m
[1;33m[2026-03-07 15:00:00] WARN: Failed to send iMessage alert to temikolawole@icloud.com[0m
[0;34m[2026-03-07 15:00:00] DEBUG: Checking calendar for next 48 hours...[0m
[0;34m[2026-03-07 15:00:00] DEBUG: Checking IHS Towers follow-ups...[0m
[1;33m[2026-03-07 15:00:00] WARN: Found 2 urgent item(s) requiring attention[0m
[0;32m[2026-03-07 15:30:00] INFO: === Starting Heartbeat + Maintenance ===[0m
[0;32m[2026-03-07 15:30:00] INFO: Checking HEARTBEAT conditions...[0m
[1;33m[2026-03-07 15:30:00] WARN: Alert triggered: IHS Towers email detected - URGENT[0m
[1;33m[2026-03-07 15:30:00] WARN: Failed to send iMessage alert to temikolawole@icloud.com[0m
[1;33m[2026-03-07 15:30:00] WARN: Alert triggered: Deadline within 24 hours[0m
[1;33m[2026-03-07 15:30:00] WARN: Failed to send iMessage alert to temikolawole@icloud.com[0m
[0;34m[2026-03-07 15:30:00] DEBUG: Checking calendar for next 48 hours...[0m
[0;34m[2026-03-07 15:30:00] DEBUG: Checking IHS Towers follow-ups...[0m
[1;33m[2026-03-07 15:30:00] WARN: Found 2 urgent item(s) requiring attention[0m
[0;32m[2026-03-07 16:00:00] INFO: === Starting Heartbeat + Maintenance ===[0m
[0;32m[2026-03-07 16:00:00] INFO: Checking HEARTBEAT conditions...[0m
[1;33m[2026-03-07 16:00:00] WARN: Alert triggered: IHS Towers email detected - URGENT[0m
[1;33m[2026-03-07 16:00:00] WARN: Failed to send iMessage alert to temikolawole@icloud.com[0m
[1;33m[2026-03-07 16:00:00] WARN: Alert triggered: Deadline within 24 hours[0m
[1;33m[2026-03-07 16:00:00] WARN: Failed to send iMessage alert to temikolawole@icloud.com[0m
[0;34m[2026-03-07 16:00:00] DEBUG: Checking calendar for next 48 hours...[0m
[0;32m[2026-03-07 16:00:00] INFO: Found 2 upcoming event(s) in next 48 hours[0m
[1;33m[2026-03-07 16:00:00] WARN: Meeting preparation may be needed for upcoming events[0m
[0;32m[2026-03-07 16:30:00] INFO: === Starting Heartbeat + Maintenance ===[0m
[0;32m[2026-03-07 16:30:00] INFO: Checking HEARTBEAT conditions...[0m
[1;33m[2026-03-07 16:30:00] WARN: Alert triggered: IHS Towers email detected - URGENT[0m
[1;33m[2026-03-07 16:30:00] WARN: Failed to send iMessage alert to temikolawole@icloud.com[0m
[1;33m[2026-03-07 16:30:00] WARN: Alert triggered: Deadline within 24 hours[0m
[1;33m[2026-03-07 16:30:00] WARN: Failed to send iMessage alert to temikolawole@icloud.com[0m
[0;34m[2026-03-07 16:30:00] DEBUG: Checking calendar for next 48 hours...[0m
[0;34m[2026-03-07 16:30:00] DEBUG: Checking IHS Towers follow-ups...[0m
[1;33m[2026-03-07 16:30:00] WARN: IHS Towers follow-up may be needed[0m
[0;32m[2026-03-07 17:00:00] INFO: === Starting Heartbeat + Maintenance ===[0m
[0;32m[2026-03-07 17:00:00] INFO: Checking HEARTBEAT conditions...[0m
[1;33m[2026-03-07 17:00:00] WARN: Alert triggered: IHS Towers email detected - URGENT[0m
[1;33m[2026-03-07 17:00:00] WARN: Failed to send iMessage alert to temikolawole@icloud.com[0m
[1;33m[2026-03-07 17:00:00] WARN: Alert triggered: Deadline within 24 hours[0m
[1;33m[2026-03-07 17:00:00] WARN: Failed to send iMessage alert to temikolawole@icloud.com[0m
[0;34m[2026-03-07 17:00:00] DEBUG: Checking calendar for next 48 hours...[0m
[0;34m[2026-03-07 17:00:00] DEBUG: Checking IHS Towers follow-ups...[0m
[1;33m[2026-03-07 17:00:00] WARN: Found 2 urgent item(s) requiring attention[0m
[0;32m[2026-03-07 17:30:00] INFO: === Starting Heartbeat + Maintenance ===[0m
[0;32m[2026-03-07 17:30:00] INFO: Checking HEARTBEAT conditions...[0m
[1;33m[2026-03-07 17:30:00] WARN: Alert triggered: IHS Towers email detected - URGENT[0m
[1;33m[2026-03-07 17:30:00] WARN: Failed to send iMessage alert to temikolawole@icloud.com[0m
[1;33m[2026-03-07 17:30:00] WARN: Alert triggered: Deadline within 24 hours[0m
[1;33m[2026-03-07 17:30:00] WARN: Failed to send iMessage alert to temikolawole@icloud.com[0m
[0;34m[2026-03-07 17:30:00] DEBUG: Checking calendar for next 48 hours...[0m
[0;34m[2026-03-07 17:30:00] DEBUG: Checking IHS Towers follow-ups...[0m
[1;33m[2026-03-07 17:30:00] WARN: Found 2 urgent item(s) requiring attention[0m
[0;32m[2026-03-07 18:00:00] INFO: === Starting Heartbeat + Maintenance ===[0m
[0;32m[2026-03-07 18:00:00] INFO: Checking HEARTBEAT conditions...[0m
[1;33m[2026-03-07 18:00:00] WARN: Alert triggered: IHS Towers email detected - URGENT[0m
[1;33m[2026-03-07 18:00:00] WARN: Failed to send iMessage alert to temikolawole@icloud.com[0m
[1;33m[2026-03-07 18:00:00] WARN: Alert triggered: Deadline within 24 hours[0m
[1;33m[2026-03-07 18:00:00] WARN: Failed to send iMessage alert to temikolawole@icloud.com[0m
[0;34m[2026-03-07 18:00:00] DEBUG: Checking calendar for next 48 hours...[0m
[0;34m[2026-03-07 18:00:00] DEBUG: Checking IHS Towers follow-ups...[0m
[1;33m[2026-03-07 18:00:00] WARN: Found 2 urgent item(s) requiring attention[0m
[0;32m[2026-03-07 18:30:00] INFO: === Starting Heartbeat + Maintenance ===[0m
[0;32m[2026-03-07 18:30:00] INFO: Checking HEARTBEAT conditions...[0m
[1;33m[2026-03-07 18:30:00] WARN: Alert triggered: IHS Towers email detected - URGENT[0m
[1;33m[2026-03-07 18:30:00] WARN: Failed to send iMessage alert to temikolawole@icloud.com[0m
[1;33m[2026-03-07 18:30:00] WARN: Alert triggered: Deadline within 24 hours[0m
[1;33m[2026-03-07 18:30:00] WARN: Failed to send iMessage alert to temikolawole@icloud.com[0m
[0;34m[2026-03-07 18:30:00] DEBUG: Checking calendar for next 48 hours...[0m
[0;34m[2026-03-07 18:30:00] DEBUG: Checking IHS Towers follow-ups...[0m
[1;33m[2026-03-07 18:30:00] WARN: Found 2 urgent item(s) requiring attention[0m
[0;32m[2026-03-07 19:00:00] INFO: === Starting Heartbeat + Maintenance ===[0m
[0;32m[2026-03-07 19:00:00] INFO: Checking HEARTBEAT conditions...[0m
[1;33m[2026-03-07 19:00:00] WARN: Alert triggered: IHS Towers email detected - URGENT[0m
[1;33m[2026-03-07 19:00:00] WARN: Failed to send iMessage alert to temikolawole@icloud.com[0m
[1;33m[2026-03-07 19:00:00] WARN: Alert triggered: Deadline within 24 hours[0m
[1;33m[2026-03-07 19:00:00] WARN: Failed to send iMessage alert to temikolawole@icloud.com[0m
[0;34m[2026-03-07 19:00:00] DEBUG: Checking calendar for next 48 hours...[0m
[0;34m[2026-03-07 19:00:00] DEBUG: Checking IHS Towers follow-ups...[0m
[1;33m[2026-03-07 19:00:00] WARN: Found 2 urgent item(s) requiring attention[0m
[0;32m[2026-03-07 19:30:00] INFO: === Starting Heartbeat + Maintenance ===[0m
[0;32m[2026-03-07 19:30:00] INFO: Checking HEARTBEAT conditions...[0m
[1;33m[2026-03-07 19:30:00] WARN: Alert triggered: IHS Towers email detected - URGENT[0m
[1;33m[2026-03-07 19:30:00] WARN: Failed to send iMessage alert to temikolawole@icloud.com[0m
[1;33m[2026-03-07 19:30:00] WARN: Alert triggered: Deadline within 24 hours[0m
[1;33m[2026-03-07 19:30:00] WARN: Failed to send iMessage alert to temikolawole@icloud.com[0m
[0;34m[2026-03-07 19:30:00] DEBUG: Checking calendar for next 48 hours...[0m
[0;34m[2026-03-07 19:30:00] DEBUG: Checking IHS Towers follow-ups...[0m
[1;33m[2026-03-07 19:30:00] WARN: Found 2 urgent item(s) requiring attention[0m
[0;32m[2026-03-07 20:00:00] INFO: === Starting Heartbeat + Maintenance ===[0m
[0;32m[2026-03-07 20:00:00] INFO: Checking HEARTBEAT conditions...[0m
[1;33m[2026-03-07 20:00:00] WARN: Alert triggered: IHS Towers email detected - URGENT[0m
[1;33m[2026-03-07 20:00:00] WARN: Failed to send iMessage alert to temikolawole@icloud.com[0m
[1;33m[2026-03-07 20:00:00] WARN: Alert triggered: Deadline within 24 hours[0m
[1;33m[2026-03-07 20:00:00] WARN: Failed to send iMessage alert to temikolawole@icloud.com[0m
[0;34m[2026-03-07 20:00:00] DEBUG: Checking calendar for next 48 hours...[0m
[0;34m[2026-03-07 20:00:00] DEBUG: Checking IHS Towers follow-ups...[0m
[1;33m[2026-03-07 20:00:00] WARN: Found 2 urgent item(s) requiring attention[0m
[0;32m[2026-03-07 20:30:00] INFO: === Starting Heartbeat + Maintenance ===[0m
[0;32m[2026-03-07 20:30:00] INFO: Checking HEARTBEAT conditions...[0m
[1;33m[2026-03-07 20:30:00] WARN: Alert triggered: IHS Towers email detected - URGENT[0m
[1;33m[2026-03-07 20:30:00] WARN: Failed to send iMessage alert to temikolawole@icloud.com[0m
[1;33m[2026-03-07 20:30:00] WARN: Alert triggered: Deadline within 24 hours[0m
[1;33m[2026-03-07 20:30:00] WARN: Failed to send iMessage alert to temikolawole@icloud.com[0m
[0;34m[2026-03-07 20:30:00] DEBUG: Checking calendar for next 48 hours...[0m
[0;34m[2026-03-07 20:30:00] DEBUG: Checking IHS Towers follow-ups...[0m
[1;33m[2026-03-07 20:30:00] WARN: Found 2 urgent item(s) requiring attention[0m
[0;32m[2026-03-07 21:00:00] INFO: === Starting Heartbeat + Maintenance ===[0m
[0;32m[2026-03-07 21:00:00] INFO: Checking HEARTBEAT conditions...[0m
[1;33m[2026-03-07 21:00:00] WARN: Alert triggered: IHS Towers email detected - URGENT[0m
[1;33m[2026-03-07 21:00:00] WARN: Failed to send iMessage alert to temikolawole@icloud.com[0m
[1;33m[2026-03-07 21:00:00] WARN: Alert triggered: Deadline within 24 hours[0m
[1;33m[2026-03-07 21:00:00] WARN: Failed to send iMessage alert to temikolawole@icloud.com[0m
[0;34m[2026-03-07 21:00:00] DEBUG: Checking calendar for next 48 hours...[0m
[0;34m[2026-03-07 21:00:00] DEBUG: Checking IHS Towers follow-ups...[0m
[1;33m[2026-03-07 21:00:00] WARN: Found 2 urgent item(s) requiring attention[0m
[0;32m[2026-03-07 21:30:00] INFO: === Starting Heartbeat + Maintenance ===[0m
[0;32m[2026-03-07 21:30:00] INFO: Checking HEARTBEAT conditions...[0m
[1;33m[2026-03-07 21:30:00] WARN: Alert triggered: IHS Towers email detected - URGENT[0m
[1;33m[2026-03-07 21:30:00] WARN: Failed to send iMessage alert to temikolawole@icloud.com[0m
[1;33m[2026-03-07 21:30:00] WARN: Alert triggered: Deadline within 24 hours[0m
[1;33m[2026-03-07 21:30:00] WARN: Failed to send iMessage alert to temikolawole@icloud.com[0m
[0;34m[2026-03-07 21:30:00] DEBUG: Checking calendar for next 48 hours...[0m
[0;34m[2026-03-07 21:30:00] DEBUG: Checking IHS Towers follow-ups...[0m
[1;33m[2026-03-07 21:30:00] WARN: Found 2 urgent item(s) requiring attention[0m
[0;32m[2026-03-07 22:00:00] INFO: === Starting Heartbeat + Maintenance ===[0m
[0;32m[2026-03-07 22:00:00] INFO: Checking HEARTBEAT conditions...[0m
[1;33m[2026-03-07 22:00:00] WARN: Alert triggered: IHS Towers email detected - URGENT[0m
[1;33m[2026-03-07 22:00:00] WARN: Failed to send iMessage alert to temikolawole@icloud.com[0m
[1;33m[2026-03-07 22:00:00] WARN: Alert triggered: Deadline within 24 hours[0m
[1;33m[2026-03-07 22:00:00] WARN: Failed to send iMessage alert to temikolawole@icloud.com[0m
[0;34m[2026-03-07 22:00:00] DEBUG: Checking calendar for next 48 hours...[0m
[0;34m[2026-03-07 22:00:00] DEBUG: Checking IHS Towers follow-ups...[0m
[1;33m[2026-03-07 22:00:00] WARN: Found 2 urgent item(s) requiring attention[0m
[0;32m[2026-03-07 22:30:00] INFO: === Starting Heartbeat + Maintenance ===[0m
[0;32m[2026-03-07 22:30:00] INFO: Checking HEARTBEAT conditions...[0m
[1;33m[2026-03-07 22:30:00] WARN: Alert triggered: IHS Towers email detected - URGENT[0m
[1;33m[2026-03-07 22:30:00] WARN: Failed to send iMessage alert to temikolawole@icloud.com[0m
[1;33m[2026-03-07 22:30:00] WARN: Alert triggered: Deadline within 24 hours[0m
[1;33m[2026-03-07 22:30:00] WARN: Failed to send iMessage alert to temikolawole@icloud.com[0m
[0;34m[2026-03-07 22:30:00] DEBUG: Checking calendar for next 48 hours...[0m
[0;34m[2026-03-07 22:30:00] DEBUG: Checking IHS Towers follow-ups...[0m
[1;33m[2026-03-07 22:30:00] WARN: Found 2 urgent item(s) requiring attention[0m
[0;32m[2026-03-07 23:00:00] INFO: === Starting Heartbeat + Maintenance ===[0m
[0;32m[2026-03-07 23:00:00] INFO: Quiet hours (23:00-08:00), running minimal checks only[0m
[0;32m[2026-03-07 23:00:00] INFO: Checking HEARTBEAT conditions...[0m
[1;33m[2026-03-07 23:00:00] WARN: Alert triggered: IHS Towers email detected - URGENT[0m
[1;33m[2026-03-07 23:00:00] WARN: Failed to send iMessage alert to temikolawole@icloud.com[0m
[1;33m[2026-03-07 23:00:00] WARN: Alert triggered: Deadline within 24 hours[0m
[1;33m[2026-03-07 23:00:00] WARN: Failed to send iMessage alert to temikolawole@icloud.com[0m
[0;34m[2026-03-07 23:00:00] DEBUG: Checking calendar for next 48 hours...[0m
[0;34m[2026-03-07 23:00:00] DEBUG: Checking IHS Towers follow-ups...[0m
[1;33m[2026-03-07 23:00:00] WARN: Found 2 urgent item(s) requiring attention[0m
[0;32m[2026-03-07 23:30:01] INFO: === Starting Heartbeat + Maintenance ===[0m
[0;32m[2026-03-07 23:30:01] INFO: Quiet hours (23:00-08:00), running minimal checks only[0m
[0;32m[2026-03-07 23:30:01] INFO: Checking HEARTBEAT conditions...[0m
[1;33m[2026-03-07 23:30:01] WARN: Alert triggered: IHS Towers email detected - URGENT[0m
[1;33m[2026-03-07 23:30:01] WARN: Failed to send iMessage alert to temikolawole@icloud.com[0m
[1;33m[2026-03-07 23:30:01] WARN: Alert triggered: Deadline within 24 hours[0m
[1;33m[2026-03-07 23:30:01] WARN: Failed to send iMessage alert to temikolawole@icloud.com[0m
[0;34m[2026-03-07 23:30:01] DEBUG: Checking calendar for next 48 hours...[0m
[0;34m[2026-03-07 23:30:01] DEBUG: Checking IHS Towers follow-ups...[0m
[1;33m[2026-03-07 23:30:01] WARN: Found 2 urgent item(s) requiring attention[0m
[0;32m[2026-03-08 00:00:01] INFO: === Starting Heartbeat + Maintenance ===[0m
[0;32m[2026-03-08 00:00:01] INFO: Quiet hours (23:00-08:00), running minimal checks only[0m
[0;32m[2026-03-08 00:00:01] INFO: Checking HEARTBEAT conditions...[0m
[1;33m[2026-03-08 00:00:01] WARN: Alert triggered: IHS Towers email detected - URGENT[0m
[1;33m[2026-03-08 00:00:01] WARN: Failed to send iMessage alert to temikolawole@icloud.com[0m
[1;33m[2026-03-08 00:00:01] WARN: Alert triggered: Deadline within 24 hours[0m
[1;33m[2026-03-08 00:00:01] WARN: Failed to send iMessage alert to temikolawole@icloud.com[0m
[0;34m[2026-03-08 00:00:01] DEBUG: Checking calendar for next 48 hours...[0m
[0;34m[2026-03-08 00:00:01] DEBUG: Checking IHS Towers follow-ups...[0m
[1;33m[2026-03-08 00:00:01] WARN: Found 2 urgent item(s) requiring attention[0m
[0;32m[2026-03-08 00:30:00] INFO: === Starting Heartbeat + Maintenance ===[0m
[0;32m[2026-03-08 00:30:00] INFO: Quiet hours (23:00-08:00), running minimal checks only[0m
[0;32m[2026-03-08 00:30:00] INFO: Checking HEARTBEAT conditions...[0m
[1;33m[2026-03-08 00:30:00] WARN: Alert triggered: IHS Towers email detected - URGENT[0m
[1;33m[2026-03-08 00:30:00] WARN: Failed to send iMessage alert to temikolawole@icloud.com[0m
[1;33m[2026-03-08 00:30:00] WARN: Alert triggered: Deadline within 24 hours[0m
[1;33m[2026-03-08 00:30:00] WARN: Failed to send iMessage alert to temikolawole@icloud.com[0m
[0;34m[2026-03-08 00:30:00] DEBUG: Checking calendar for next 48 hours...[0m
[0;34m[2026-03-08 00:30:00] DEBUG: Checking IHS Towers follow-ups...[0m
[1;33m[2026-03-08 00:30:00] WARN: Found 2 urgent item(s) requiring attention[0m
[0;32m[2026-03-08 01:00:00] INFO: === Starting Heartbeat + Maintenance ===[0m
[0;32m[2026-03-08 01:00:00] INFO: Quiet hours (23:00-08:00), running minimal checks only[0m
[0;32m[2026-03-08 01:00:00] INFO: Checking HEARTBEAT conditions...[0m
[1;33m[2026-03-08 01:00:00] WARN: Alert triggered: IHS Towers email detected - URGENT[0m
[1;33m[2026-03-08 01:00:00] WARN: Failed to send iMessage alert to temikolawole@icloud.com[0m
[1;33m[2026-03-08 01:00:00] WARN: Alert triggered: Deadline within 24 hours[0m
[1;33m[2026-03-08 01:00:00] WARN: Failed to send iMessage alert to temikolawole@icloud.com[0m
[0;34m[2026-03-08 01:00:00] DEBUG: Checking calendar for next 48 hours...[0m
[0;34m[2026-03-08 01:00:00] DEBUG: Checking IHS Towers follow-ups...[0m
[1;33m[2026-03-08 01:00:00] WARN: Found 2 urgent item(s) requiring attention[0m
[0;32m[2026-03-08 01:30:00] INFO: === Starting Heartbeat + Maintenance ===[0m
[0;32m[2026-03-08 01:30:00] INFO: Quiet hours (23:00-08:00), running minimal checks only[0m
[0;32m[2026-03-08 01:30:00] INFO: Checking HEARTBEAT conditions...[0m
[1;33m[2026-03-08 01:30:00] WARN: Alert triggered: IHS Towers email detected - URGENT[0m
[1;33m[2026-03-08 01:30:00] WARN: Failed to send iMessage alert to temikolawole@icloud.com[0m
[1;33m[2026-03-08 01:30:00] WARN: Alert triggered: Deadline within 24 hours[0m
[1;33m[2026-03-08 01:30:00] WARN: Failed to send iMessage alert to temikolawole@icloud.com[0m
[0;34m[2026-03-08 01:30:00] DEBUG: Checking calendar for next 48 hours...[0m
[0;32m[2026-03-08 01:30:00] INFO: Found 3 upcoming event(s) in next 48 hours[0m
[0;32m[2026-03-08 02:00:00] INFO: === Starting Heartbeat + Maintenance ===[0m
[0;32m[2026-03-08 02:00:00] INFO: Quiet hours (23:00-08:00), running minimal checks only[0m
[0;32m[2026-03-08 02:00:00] INFO: Checking HEARTBEAT conditions...[0m
[1;33m[2026-03-08 02:00:00] WARN: Alert triggered: IHS Towers email detected - URGENT[0m
[1;33m[2026-03-08 02:00:00] WARN: Failed to send iMessage alert to temikolawole@icloud.com[0m
[1;33m[2026-03-08 02:00:00] WARN: Alert triggered: Deadline within 24 hours[0m
[1;33m[2026-03-08 02:00:00] WARN: Failed to send iMessage alert to temikolawole@icloud.com[0m
[0;34m[2026-03-08 02:00:00] DEBUG: Checking calendar for next 48 hours...[0m
[0;34m[2026-03-08 02:00:00] DEBUG: Checking IHS Towers follow-ups...[0m
[1;33m[2026-03-08 02:00:00] WARN: Found 2 urgent item(s) requiring attention[0m
[0;32m[2026-03-08 02:30:00] INFO: === Starting Heartbeat + Maintenance ===[0m
[0;32m[2026-03-08 02:30:00] INFO: Quiet hours (23:00-08:00), running minimal checks only[0m
[0;32m[2026-03-08 02:30:00] INFO: Checking HEARTBEAT conditions...[0m
[1;33m[2026-03-08 02:30:00] WARN: Alert triggered: IHS Towers email detected - URGENT[0m
[1;33m[2026-03-08 02:30:00] WARN: Failed to send iMessage alert to temikolawole@icloud.com[0m
[1;33m[2026-03-08 02:30:00] WARN: Alert triggered: Deadline within 24 hours[0m
[1;33m[2026-03-08 02:30:00] WARN: Failed to send iMessage alert to temikolawole@icloud.com[0m
[0;34m[2026-03-08 02:30:00] DEBUG: Checking calendar for next 48 hours...[0m
[0;34m[2026-03-08 02:30:00] DEBUG: Checking IHS Towers follow-ups...[0m
[1;33m[2026-03-08 02:30:00] WARN: Found 2 urgent item(s) requiring attention[0m
[0;32m[2026-03-08 03:00:00] INFO: === Starting Heartbeat + Maintenance ===[0m
[0;32m[2026-03-08 03:00:00] INFO: Quiet hours (23:00-08:00), running minimal checks only[0m
[0;32m[2026-03-08 03:00:00] INFO: Checking HEARTBEAT conditions...[0m
[1;33m[2026-03-08 03:00:00] WARN: Alert triggered: IHS Towers email detected - URGENT[0m
[1;33m[2026-03-08 03:00:00] WARN: Failed to send iMessage alert to temikolawole@icloud.com[0m
[1;33m[2026-03-08 03:00:00] WARN: Alert triggered: Deadline within 24 hours[0m
[1;33m[2026-03-08 03:00:00] WARN: Failed to send iMessage alert to temikolawole@icloud.com[0m
[0;34m[2026-03-08 03:00:00] DEBUG: Checking calendar for next 48 hours...[0m
[0;34m[2026-03-08 03:00:00] DEBUG: Checking IHS Towers follow-ups...[0m
[1;33m[2026-03-08 03:00:00] WARN: Found 2 urgent item(s) requiring attention[0m
[0;32m[2026-03-08 03:30:00] INFO: === Starting Heartbeat + Maintenance ===[0m
[0;32m[2026-03-08 03:30:00] INFO: Quiet hours (23:00-08:00), running minimal checks only[0m
[0;32m[2026-03-08 03:30:00] INFO: Checking HEARTBEAT conditions...[0m
[1;33m[2026-03-08 03:30:00] WARN: Alert triggered: IHS Towers email detected - URGENT[0m
[1;33m[2026-03-08 03:30:00] WARN: Failed to send iMessage alert to temikolawole@icloud.com[0m
[1;33m[2026-03-08 03:30:00] WARN: Alert triggered: Deadline within 24 hours[0m
[1;33m[2026-03-08 03:30:00] WARN: Failed to send iMessage alert to temikolawole@icloud.com[0m
[0;34m[2026-03-08 03:30:00] DEBUG: Checking calendar for next 48 hours...[0m
[0;34m[2026-03-08 03:30:00] DEBUG: Checking IHS Towers follow-ups...[0m
[1;33m[2026-03-08 03:30:00] WARN: Found 2 urgent item(s) requiring attention[0m
[0;32m[2026-03-08 04:00:00] INFO: === Starting Heartbeat + Maintenance ===[0m
[0;32m[2026-03-08 04:00:00] INFO: Quiet hours (23:00-08:00), running minimal checks only[0m
[0;32m[2026-03-08 04:00:00] INFO: Checking HEARTBEAT conditions...[0m
[1;33m[2026-03-08 04:00:00] WARN: Alert triggered: IHS Towers email detected - URGENT[0m
[1;33m[2026-03-08 04:00:00] WARN: Failed to send iMessage alert to temikolawole@icloud.com[0m
[1;33m[2026-03-08 04:00:00] WARN: Alert triggered: Deadline within 24 hours[0m
[1;33m[2026-03-08 04:00:00] WARN: Failed to send iMessage alert to temikolawole@icloud.com[0m
[0;34m[2026-03-08 04:00:00] DEBUG: Checking calendar for next 48 hours...[0m
[0;34m[2026-03-08 04:00:00] DEBUG: Checking IHS Towers follow-ups...[0m
[1;33m[2026-03-08 04:00:00] WARN: Found 2 urgent item(s) requiring attention[0m
[0;32m[2026-03-08 04:30:00] INFO: === Starting Heartbeat + Maintenance ===[0m
[0;32m[2026-03-08 04:30:00] INFO: Quiet hours (23:00-08:00), running minimal checks only[0m
[0;32m[2026-03-08 04:30:01] INFO: Checking HEARTBEAT conditions...[0m
[1;33m[2026-03-08 04:30:01] WARN: Alert triggered: IHS Towers email detected - URGENT[0m
[1;33m[2026-03-08 04:30:01] WARN: Failed to send iMessage alert to temikolawole@icloud.com[0m
[1;33m[2026-03-08 04:30:01] WARN: Alert triggered: Deadline within 24 hours[0m
[1;33m[2026-03-08 04:30:01] WARN: Failed to send iMessage alert to temikolawole@icloud.com[0m
[0;34m[2026-03-08 04:30:01] DEBUG: Checking calendar for next 48 hours...[0m
[0;34m[2026-03-08 04:30:01] DEBUG: Checking IHS Towers follow-ups...[0m
[1;33m[2026-03-08 04:30:01] WARN: Found 2 urgent item(s) requiring attention[0m
[0;32m[2026-03-08 05:00:00] INFO: === Starting Heartbeat + Maintenance ===[0m
[0;32m[2026-03-08 05:00:00] INFO: Quiet hours (23:00-08:00), running minimal checks only[0m
[0;32m[2026-03-08 05:00:00] INFO: Checking HEARTBEAT conditions...[0m
[1;33m[2026-03-08 05:00:00] WARN: Alert triggered: IHS Towers email detected - URGENT[0m
[1;33m[2026-03-08 05:00:00] WARN: Failed to send iMessage alert to temikolawole@icloud.com[0m
[1;33m[2026-03-08 05:00:00] WARN: Alert triggered: Deadline within 24 hours[0m
[1;33m[2026-03-08 05:00:00] WARN: Failed to send iMessage alert to temikolawole@icloud.com[0m
[0;34m[2026-03-08 05:00:00] DEBUG: Checking calendar for next 48 hours...[0m
[0;34m[2026-03-08 05:00:00] DEBUG: Checking IHS Towers follow-ups...[0m
[1;33m[2026-03-08 05:00:00] WARN: Found 2 urgent item(s) requiring attention[0m
[0;32m[2026-03-08 05:30:00] INFO: === Starting Heartbeat + Maintenance ===[0m
[0;32m[2026-03-08 05:30:00] INFO: Quiet hours (23:00-08:00), running minimal checks only[0m
[0;32m[2026-03-08 05:30:00] INFO: Checking HEARTBEAT conditions...[0m
[1;33m[2026-03-08 05:30:00] WARN: Alert triggered: IHS Towers email detected - URGENT[0m
[1;33m[2026-03-08 05:30:00] WARN: Failed to send iMessage alert to temikolawole@icloud.com[0m
[1;33m[2026-03-08 05:30:00] WARN: Alert triggered: Deadline within 24 hours[0m
[1;33m[2026-03-08 05:30:00] WARN: Failed to send iMessage alert to temikolawole@icloud.com[0m
[0;34m[2026-03-08 05:30:00] DEBUG: Checking calendar for next 48 hours...[0m
[0;34m[2026-03-08 05:30:00] DEBUG: Checking IHS Towers follow-ups...[0m
[1;33m[2026-03-08 05:30:00] WARN: Found 2 urgent item(s) requiring attention[0m
[0;32m[2026-03-08 06:00:00] INFO: === Starting Heartbeat + Maintenance ===[0m
[0;32m[2026-03-08 06:00:00] INFO: Quiet hours (23:00-08:00), running minimal checks only[0m
[0;32m[2026-03-08 06:00:00] INFO: Checking HEARTBEAT conditions...[0m
[1;33m[2026-03-08 06:00:00] WARN: Alert triggered: IHS Towers email detected - URGENT[0m
[1;33m[2026-03-08 06:00:00] WARN: Failed to send iMessage alert to temikolawole@icloud.com[0m
[1;33m[2026-03-08 06:00:00] WARN: Alert triggered: Deadline within 24 hours[0m
[1;33m[2026-03-08 06:00:00] WARN: Failed to send iMessage alert to temikolawole@icloud.com[0m
[0;34m[2026-03-08 06:00:00] DEBUG: Checking calendar for next 48 hours...[0m
[0;34m[2026-03-08 06:00:00] DEBUG: Checking IHS Towers follow-ups...[0m
[1;33m[2026-03-08 06:00:00] WARN: Found 2 urgent item(s) requiring attention[0m
[0;32m[2026-03-08 06:30:01] INFO: === Starting Heartbeat + Maintenance ===[0m
[0;32m[2026-03-08 06:30:01] INFO: Quiet hours (23:00-08:00), running minimal checks only[0m
[0;32m[2026-03-08 06:30:01] INFO: Checking HEARTBEAT conditions...[0m
[1;33m[2026-03-08 06:30:01] WARN: Alert triggered: IHS Towers email detected - URGENT[0m
[1;33m[2026-03-08 06:30:01] WARN: Failed to send iMessage alert to temikolawole@icloud.com[0m
[1;33m[2026-03-08 06:30:01] WARN: Alert triggered: Deadline within 24 hours[0m
[1;33m[2026-03-08 06:30:01] WARN: Failed to send iMessage alert to temikolawole@icloud.com[0m
[0;34m[2026-03-08 06:30:01] DEBUG: Checking calendar for next 48 hours...[0m
[0;34m[2026-03-08 06:30:01] DEBUG: Checking IHS Towers follow-ups...[0m
[1;33m[2026-03-08 06:30:01] WARN: Found 2 urgent item(s) requiring attention[0m
[0;32m[2026-03-08 07:00:00] INFO: === Starting Heartbeat + Maintenance ===[0m
[0;32m[2026-03-08 07:00:00] INFO: Quiet hours (23:00-08:00), running minimal checks only[0m
[0;32m[2026-03-08 07:00:00] INFO: Checking HEARTBEAT conditions...[0m
[1;33m[2026-03-08 07:00:00] WARN: Alert triggered: IHS Towers email detected - URGENT[0m
[1;33m[2026-03-08 07:00:00] WARN: Failed to send iMessage alert to temikolawole@icloud.com[0m
[1;33m[2026-03-08 07:00:00] WARN: Alert triggered: Deadline within 24 hours[0m
[1;33m[2026-03-08 07:00:00] WARN: Failed to send iMessage alert to temikolawole@icloud.com[0m
[0;34m[2026-03-08 07:00:00] DEBUG: Checking calendar for next 48 hours...[0m
[0;34m[2026-03-08 07:00:00] DEBUG: Checking IHS Towers follow-ups...[0m
[1;33m[2026-03-08 07:00:00] WARN: Found 2 urgent item(s) requiring attention[0m
[0;32m[2026-03-08 07:30:00] INFO: === Starting Heartbeat + Maintenance ===[0m
[0;32m[2026-03-08 07:30:00] INFO: Quiet hours (23:00-08:00), running minimal checks only[0m
[0;32m[2026-03-08 07:30:00] INFO: Checking HEARTBEAT conditions...[0m
[1;33m[2026-03-08 07:30:00] WARN: Alert triggered: IHS Towers email detected - URGENT[0m
[1;33m[2026-03-08 07:30:00] WARN: Failed to send iMessage alert to temikolawole@icloud.com[0m
[1;33m[2026-03-08 07:30:00] WARN: Alert triggered: Deadline within 24 hours[0m
[1;33m[2026-03-08 07:30:00] WARN: Failed to send iMessage alert to temikolawole@icloud.com[0m
[0;34m[2026-03-08 07:30:00] DEBUG: Checking calendar for next 48 hours...[0m
[0;34m[2026-03-08 07:30:00] DEBUG: Checking IHS Towers follow-ups...[0m
[1;33m[2026-03-08 07:30:00] WARN: Found 2 urgent item(s) requiring attention[0m
[0;32m[2026-03-08 08:00:01] INFO: === Starting Heartbeat + Maintenance ===[0m
[0;32m[2026-03-08 08:00:01] INFO: Checking HEARTBEAT conditions...[0m
[1;33m[2026-03-08 08:00:01] WARN: Alert triggered: IHS Towers email detected - URGENT[0m
[1;33m[2026-03-08 08:00:01] WARN: Failed to send iMessage alert to temikolawole@icloud.com[0m
[1;33m[2026-03-08 08:00:01] WARN: Alert triggered: Deadline within 24 hours[0m
[1;33m[2026-03-08 08:00:01] WARN: Failed to send iMessage alert to temikolawole@icloud.com[0m
[0;34m[2026-03-08 08:00:01] DEBUG: Checking calendar for next 48 hours...[0m
[0;34m[2026-03-08 08:00:01] DEBUG: Checking IHS Towers follow-ups...[0m
[1;33m[2026-03-08 08:00:01] WARN: Found 2 urgent item(s) requiring attention[0m
[0;32m[2026-03-08 08:30:00] INFO: === Starting Heartbeat + Maintenance ===[0m
[0;32m[2026-03-08 08:30:00] INFO: Checking HEARTBEAT conditions...[0m
[1;33m[2026-03-08 08:30:00] WARN: Alert triggered: IHS Towers email detected - URGENT[0m
[1;33m[2026-03-08 08:30:00] WARN: Failed to send iMessage alert to temikolawole@icloud.com[0m
[1;33m[2026-03-08 08:30:00] WARN: Alert triggered: Deadline within 24 hours[0m
[1;33m[2026-03-08 08:30:00] WARN: Failed to send iMessage alert to temikolawole@icloud.com[0m
[0;34m[2026-03-08 08:30:00] DEBUG: Checking calendar for next 48 hours...[0m
[0;34m[2026-03-08 08:30:00] DEBUG: Checking IHS Towers follow-ups...[0m
[1;33m[2026-03-08 08:30:00] WARN: Found 2 urgent item(s) requiring attention[0m
[0;32m[2026-03-08 09:00:00] INFO: === Starting Heartbeat + Maintenance ===[0m
[0;32m[2026-03-08 09:00:00] INFO: Checking HEARTBEAT conditions...[0m
[1;33m[2026-03-08 09:00:00] WARN: Alert triggered: IHS Towers email detected - URGENT[0m
[1;33m[2026-03-08 09:00:00] WARN: Failed to send iMessage alert to temikolawole@icloud.com[0m
[1;33m[2026-03-08 09:00:00] WARN: Alert triggered: Deadline within 24 hours[0m
[1;33m[2026-03-08 09:00:00] WARN: Failed to send iMessage alert to temikolawole@icloud.com[0m
[0;34m[2026-03-08 09:00:00] DEBUG: Checking calendar for next 48 hours...[0m
[0;32m[2026-03-08 09:00:00] INFO: Found 2 upcoming event(s) in next 48 hours[0m
[0;32m[2026-03-08 09:30:00] INFO: === Starting Heartbeat + Maintenance ===[0m
[0;32m[2026-03-08 09:30:00] INFO: Checking HEARTBEAT conditions...[0m
[1;33m[2026-03-08 09:30:00] WARN: Alert triggered: IHS Towers email detected - URGENT[0m
[1;33m[2026-03-08 09:30:00] WARN: Failed to send iMessage alert to temikolawole@icloud.com[0m
[1;33m[2026-03-08 09:30:00] WARN: Alert triggered: Deadline within 24 hours[0m
[1;33m[2026-03-08 09:30:00] WARN: Failed to send iMessage alert to temikolawole@icloud.com[0m
[0;34m[2026-03-08 09:30:00] DEBUG: Checking calendar for next 48 hours...[0m
[0;34m[2026-03-08 09:30:00] DEBUG: Checking IHS Towers follow-ups...[0m
[1;33m[2026-03-08 09:30:00] WARN: Found 2 urgent item(s) requiring attention[0m
[0;32m[2026-03-08 10:00:00] INFO: === Starting Heartbeat + Maintenance ===[0m
[0;32m[2026-03-08 10:00:00] INFO: Checking HEARTBEAT conditions...[0m
[1;33m[2026-03-08 10:00:00] WARN: Alert triggered: IHS Towers email detected - URGENT[0m
[1;33m[2026-03-08 10:00:01] WARN: Failed to send iMessage alert to temikolawole@icloud.com[0m
[1;33m[2026-03-08 10:00:01] WARN: Alert triggered: Deadline within 24 hours[0m
[1;33m[2026-03-08 10:00:01] WARN: Failed to send iMessage alert to temikolawole@icloud.com[0m
[0;34m[2026-03-08 10:00:01] DEBUG: Checking calendar for next 48 hours...[0m
[0;32m[2026-03-08 10:00:01] INFO: Found 2 upcoming event(s) in next 48 hours[0m
[0;32m[2026-03-08 10:30:01] INFO: === Starting Heartbeat + Maintenance ===[0m
[0;32m[2026-03-08 10:30:01] INFO: Checking HEARTBEAT conditions...[0m
[1;33m[2026-03-08 10:30:01] WARN: Alert triggered: IHS Towers email detected - URGENT[0m
[1;33m[2026-03-08 10:30:01] WARN: Failed to send iMessage alert to temikolawole@icloud.com[0m
[1;33m[2026-03-08 10:30:01] WARN: Alert triggered: Deadline within 24 hours[0m
[1;33m[2026-03-08 10:30:01] WARN: Failed to send iMessage alert to temikolawole@icloud.com[0m
[0;34m[2026-03-08 10:30:01] DEBUG: Checking calendar for next 48 hours...[0m
[0;32m[2026-03-08 10:30:01] INFO: Found 3 upcoming event(s) in next 48 hours[0m
[0;32m[2026-03-08 11:00:00] INFO: === Starting Heartbeat + Maintenance ===[0m
[0;32m[2026-03-08 11:00:00] INFO: Checking HEARTBEAT conditions...[0m
[1;33m[2026-03-08 11:00:00] WARN: Alert triggered: IHS Towers email detected - URGENT[0m
[1;33m[2026-03-08 11:00:00] WARN: Failed to send iMessage alert to temikolawole@icloud.com[0m
[1;33m[2026-03-08 11:00:00] WARN: Alert triggered: Deadline within 24 hours[0m
[1;33m[2026-03-08 11:00:00] WARN: Failed to send iMessage alert to temikolawole@icloud.com[0m
[0;34m[2026-03-08 11:00:00] DEBUG: Checking calendar for next 48 hours...[0m
[0;32m[2026-03-08 11:00:00] INFO: Found 3 upcoming event(s) in next 48 hours[0m
[0;32m[2026-03-08 11:30:00] INFO: === Starting Heartbeat + Maintenance ===[0m
[0;32m[2026-03-08 11:30:00] INFO: Checking HEARTBEAT conditions...[0m
[1;33m[2026-03-08 11:30:00] WARN: Alert triggered: IHS Towers email detected - URGENT[0m
[1;33m[2026-03-08 11:30:00] WARN: Failed to send iMessage alert to temikolawole@icloud.com[0m
[1;33m[2026-03-08 11:30:00] WARN: Alert triggered: Deadline within 24 hours[0m
[1;33m[2026-03-08 11:30:00] WARN: Failed to send iMessage alert to temikolawole@icloud.com[0m
[0;34m[2026-03-08 11:30:00] DEBUG: Checking calendar for next 48 hours...[0m
[0;34m[2026-03-08 11:30:00] DEBUG: Checking IHS Towers follow-ups...[0m
[1;33m[2026-03-08 11:30:00] WARN: Found 2 urgent item(s) requiring attention[0m
[0;32m[2026-03-08 12:00:00] INFO: === Starting Heartbeat + Maintenance ===[0m
[0;32m[2026-03-08 12:00:00] INFO: Checking HEARTBEAT conditions...[0m
[1;33m[2026-03-08 12:00:00] WARN: Alert triggered: IHS Towers email detected - URGENT[0m
[1;33m[2026-03-08 12:00:00] WARN: Failed to send iMessage alert to temikolawole@icloud.com[0m
[1;33m[2026-03-08 12:00:00] WARN: Alert triggered: Deadline within 24 hours[0m
[1;33m[2026-03-08 12:00:00] WARN: Failed to send iMessage alert to temikolawole@icloud.com[0m
[0;34m[2026-03-08 12:00:00] DEBUG: Checking calendar for next 48 hours...[0m
[0;34m[2026-03-08 12:00:00] DEBUG: Checking IHS Towers follow-ups...[0m
[1;33m[2026-03-08 12:00:00] WARN: Found 2 urgent item(s) requiring attention[0m
[0;32m[2026-03-08 12:30:00] INFO: === Starting Heartbeat + Maintenance ===[0m
[0;32m[2026-03-08 12:30:00] INFO: Checking HEARTBEAT conditions...[0m
[1;33m[2026-03-08 12:30:00] WARN: Alert triggered: IHS Towers email detected - URGENT[0m
[1;33m[2026-03-08 12:30:00] WARN: Failed to send iMessage alert to temikolawole@icloud.com[0m
[1;33m[2026-03-08 12:30:00] WARN: Alert triggered: Deadline within 24 hours[0m
[1;33m[2026-03-08 12:30:00] WARN: Failed to send iMessage alert to temikolawole@icloud.com[0m
[0;34m[2026-03-08 12:30:00] DEBUG: Checking calendar for next 48 hours...[0m
[0;34m[2026-03-08 12:30:00] DEBUG: Checking IHS Towers follow-ups...[0m
[1;33m[2026-03-08 12:30:00] WARN: Found 2 urgent item(s) requiring attention[0m
[0;32m[2026-03-08 13:00:00] INFO: === Starting Heartbeat + Maintenance ===[0m
[0;32m[2026-03-08 13:00:00] INFO: Checking HEARTBEAT conditions...[0m
[1;33m[2026-03-08 13:00:00] WARN: Alert triggered: IHS Towers email detected - URGENT[0m
[1;33m[2026-03-08 13:00:00] WARN: Failed to send iMessage alert to temikolawole@icloud.com[0m
[1;33m[2026-03-08 13:00:00] WARN: Alert triggered: Deadline within 24 hours[0m
[1;33m[2026-03-08 13:00:00] WARN: Failed to send iMessage alert to temikolawole@icloud.com[0m
[0;34m[2026-03-08 13:00:00] DEBUG: Checking calendar for next 48 hours...[0m
[0;34m[2026-03-08 13:00:00] DEBUG: Checking IHS Towers follow-ups...[0m
[1;33m[2026-03-08 13:00:00] WARN: Found 2 urgent item(s) requiring attention[0m
[0;32m[2026-03-08 13:30:00] INFO: === Starting Heartbeat + Maintenance ===[0m
[0;32m[2026-03-08 13:30:00] INFO: Checking HEARTBEAT conditions...[0m
[1;33m[2026-03-08 13:30:00] WARN: Alert triggered: IHS Towers email detected - URGENT[0m
[1;33m[2026-03-08 13:30:00] WARN: Failed to send iMessage alert to temikolawole@icloud.com[0m
[1;33m[2026-03-08 13:30:00] WARN: Alert triggered: Deadline within 24 hours[0m
[1;33m[2026-03-08 13:30:00] WARN: Failed to send iMessage alert to temikolawole@icloud.com[0m
[0;34m[2026-03-08 13:30:00] DEBUG: Checking calendar for next 48 hours...[0m
[0;34m[2026-03-08 13:30:00] DEBUG: Checking IHS Towers follow-ups...[0m
[1;33m[2026-03-08 13:30:00] WARN: Found 2 urgent item(s) requiring attention[0m
[0;32m[2026-03-08 14:00:00] INFO: === Starting Heartbeat + Maintenance ===[0m
[0;32m[2026-03-08 14:00:01] INFO: Checking HEARTBEAT conditions...[0m
[1;33m[2026-03-08 14:00:01] WARN: Alert triggered: IHS Towers email detected - URGENT[0m
[1;33m[2026-03-08 14:00:01] WARN: Failed to send iMessage alert to temikolawole@icloud.com[0m
[1;33m[2026-03-08 14:00:01] WARN: Alert triggered: Deadline within 24 hours[0m
[1;33m[2026-03-08 14:00:01] WARN: Failed to send iMessage alert to temikolawole@icloud.com[0m
[0;34m[2026-03-08 14:00:01] DEBUG: Checking calendar for next 48 hours...[0m
[0;34m[2026-03-08 14:00:01] DEBUG: Checking IHS Towers follow-ups...[0m
[1;33m[2026-03-08 14:00:01] WARN: Found 2 urgent item(s) requiring attention[0m
[0;32m[2026-03-08 14:30:01] INFO: === Starting Heartbeat + Maintenance ===[0m
[0;32m[2026-03-08 14:30:01] INFO: Checking HEARTBEAT conditions...[0m
[1;33m[2026-03-08 14:30:01] WARN: Alert triggered: IHS Towers email detected - URGENT[0m
[1;33m[2026-03-08 14:30:01] WARN: Failed to send iMessage alert to temikolawole@icloud.com[0m
[1;33m[2026-03-08 14:30:01] WARN: Alert triggered: Deadline within 24 hours[0m
[1;33m[2026-03-08 14:30:01] WARN: Failed to send iMessage alert to temikolawole@icloud.com[0m
[0;34m[2026-03-08 14:30:01] DEBUG: Checking calendar for next 48 hours...[0m
[0;34m[2026-03-08 14:30:01] DEBUG: Checking IHS Towers follow-ups...[0m
[1;33m[2026-03-08 14:30:01] WARN: Found 2 urgent item(s) requiring attention[0m
[0;32m[2026-03-08 15:00:00] INFO: === Starting Heartbeat + Maintenance ===[0m
[0;32m[2026-03-08 15:00:00] INFO: Checking HEARTBEAT conditions...[0m
[1;33m[2026-03-08 15:00:00] WARN: Alert triggered: IHS Towers email detected - URGENT[0m
[1;33m[2026-03-08 15:00:00] WARN: Failed to send iMessage alert to temikolawole@icloud.com[0m
[1;33m[2026-03-08 15:00:00] WARN: Alert triggered: Deadline within 24 hours[0m
[1;33m[2026-03-08 15:00:00] WARN: Failed to send iMessage alert to temikolawole@icloud.com[0m
[0;34m[2026-03-08 15:00:00] DEBUG: Checking calendar for next 48 hours...[0m
[0;34m[2026-03-08 15:00:00] DEBUG: Checking IHS Towers follow-ups...[0m
[1;33m[2026-03-08 15:00:00] WARN: Found 2 urgent item(s) requiring attention[0m
[0;32m[2026-03-08 15:30:01] INFO: === Starting Heartbeat + Maintenance ===[0m
[0;32m[2026-03-08 15:30:01] INFO: Checking HEARTBEAT conditions...[0m
[1;33m[2026-03-08 15:30:01] WARN: Alert triggered: IHS Towers email detected - URGENT[0m
[1;33m[2026-03-08 15:30:01] WARN: Failed to send iMessage alert to temikolawole@icloud.com[0m
[1;33m[2026-03-08 15:30:01] WARN: Alert triggered: Deadline within 24 hours[0m
[1;33m[2026-03-08 15:30:01] WARN: Failed to send iMessage alert to temikolawole@icloud.com[0m
[0;34m[2026-03-08 15:30:01] DEBUG: Checking calendar for next 48 hours...[0m
[0;32m[2026-03-08 15:30:01] INFO: Found 1 upcoming event(s) in next 48 hours[0m
[1;33m[2026-03-08 15:30:01] WARN: Meeting preparation may be needed for upcoming events[0m
[0;32m[2026-03-08 16:00:00] INFO: === Starting Heartbeat + Maintenance ===[0m
[0;32m[2026-03-08 16:00:00] INFO: Checking HEARTBEAT conditions...[0m
[1;33m[2026-03-08 16:00:00] WARN: Alert triggered: IHS Towers email detected - URGENT[0m
[1;33m[2026-03-08 16:00:00] WARN: Failed to send iMessage alert to temikolawole@icloud.com[0m
[1;33m[2026-03-08 16:00:00] WARN: Alert triggered: Deadline within 24 hours[0m
[1;33m[2026-03-08 16:00:00] WARN: Failed to send iMessage alert to temikolawole@icloud.com[0m
[0;34m[2026-03-08 16:00:00] DEBUG: Checking calendar for next 48 hours...[0m
[0;34m[2026-03-08 16:00:00] DEBUG: Checking IHS Towers follow-ups...[0m
[1;33m[2026-03-08 16:00:00] WARN: Found 2 urgent item(s) requiring attention[0m
[0;32m[2026-03-08 16:30:00] INFO: === Starting Heartbeat + Maintenance ===[0m
[0;32m[2026-03-08 16:30:00] INFO: Checking HEARTBEAT conditions...[0m
[1;33m[2026-03-08 16:30:00] WARN: Alert triggered: IHS Towers email detected - URGENT[0m
[1;33m[2026-03-08 16:30:00] WARN: Failed to send iMessage alert to temikolawole@icloud.com[0m
[1;33m[2026-03-08 16:30:00] WARN: Alert triggered: Deadline within 24 hours[0m
[1;33m[2026-03-08 16:30:00] WARN: Failed to send iMessage alert to temikolawole@icloud.com[0m
[0;34m[2026-03-08 16:30:00] DEBUG: Checking calendar for next 48 hours...[0m
[0;34m[2026-03-08 16:30:00] DEBUG: Checking IHS Towers follow-ups...[0m
[1;33m[2026-03-08 16:30:00] WARN: Found 2 urgent item(s) requiring attention[0m
[0;32m[2026-03-08 17:00:00] INFO: === Starting Heartbeat + Maintenance ===[0m
[0;32m[2026-03-08 17:00:00] INFO: Checking HEARTBEAT conditions...[0m
[1;33m[2026-03-08 17:00:00] WARN: Alert triggered: IHS Towers email detected - URGENT[0m
[1;33m[2026-03-08 17:00:00] WARN: Failed to send iMessage alert to temikolawole@icloud.com[0m
[1;33m[2026-03-08 17:00:00] WARN: Alert triggered: Deadline within 24 hours[0m
[1;33m[2026-03-08 17:00:00] WARN: Failed to send iMessage alert to temikolawole@icloud.com[0m
[0;34m[2026-03-08 17:00:01] DEBUG: Checking calendar for next 48 hours...[0m
[0;34m[2026-03-08 17:00:01] DEBUG: Checking IHS Towers follow-ups...[0m
[1;33m[2026-03-08 17:00:01] WARN: Found 2 urgent item(s) requiring attention[0m
[0;32m[2026-03-08 17:30:00] INFO: === Starting Heartbeat + Maintenance ===[0m
[0;32m[2026-03-08 17:30:00] INFO: Checking HEARTBEAT conditions...[0m
[1;33m[2026-03-08 17:30:00] WARN: Alert triggered: IHS Towers email detected - URGENT[0m
[1;33m[2026-03-08 17:30:00] WARN: Failed to send iMessage alert to temikolawole@icloud.com[0m
[1;33m[2026-03-08 17:30:01] WARN: Alert triggered: Deadline within 24 hours[0m
[1;33m[2026-03-08 17:30:01] WARN: Failed to send iMessage alert to temikolawole@icloud.com[0m
[0;34m[2026-03-08 17:30:01] DEBUG: Checking calendar for next 48 hours...[0m
[0;34m[2026-03-08 17:30:01] DEBUG: Checking IHS Towers follow-ups...[0m
[1;33m[2026-03-08 17:30:01] WARN: Found 2 urgent item(s) requiring attention[0m
[0;32m[2026-03-08 18:00:00] INFO: === Starting Heartbeat + Maintenance ===[0m
[0;32m[2026-03-08 18:00:00] INFO: Checking HEARTBEAT conditions...[0m
[1;33m[2026-03-08 18:00:00] WARN: Alert triggered: IHS Towers email detected - URGENT[0m
[1;33m[2026-03-08 18:00:00] WARN: Failed to send iMessage alert to temikolawole@icloud.com[0m
[1;33m[2026-03-08 18:00:00] WARN: Alert triggered: Deadline within 24 hours[0m
[1;33m[2026-03-08 18:00:00] WARN: Failed to send iMessage alert to temikolawole@icloud.com[0m
[0;34m[2026-03-08 18:00:00] DEBUG: Checking calendar for next 48 hours...[0m
[0;34m[2026-03-08 18:00:00] DEBUG: Checking IHS Towers follow-ups...[0m
[1;33m[2026-03-08 18:00:00] WARN: Found 2 urgent item(s) requiring attention[0m
[0;32m[2026-03-08 18:30:00] INFO: === Starting Heartbeat + Maintenance ===[0m
[0;32m[2026-03-08 18:30:01] INFO: Checking HEARTBEAT conditions...[0m
[1;33m[2026-03-08 18:30:01] WARN: Alert triggered: IHS Towers email detected - URGENT[0m
[1;33m[2026-03-08 18:30:01] WARN: Failed to send iMessage alert to temikolawole@icloud.com[0m
[1;33m[2026-03-08 18:30:01] WARN: Alert triggered: Deadline within 24 hours[0m
[1;33m[2026-03-08 18:30:01] WARN: Failed to send iMessage alert to temikolawole@icloud.com[0m
[0;34m[2026-03-08 18:30:01] DEBUG: Checking calendar for next 48 hours...[0m
[0;32m[2026-03-08 18:30:01] INFO: Found 2 upcoming event(s) in next 48 hours[0m
[1;33m[2026-03-08 18:30:01] WARN: Meeting preparation may be needed for upcoming events[0m
[0;32m[2026-03-08 19:00:00] INFO: === Starting Heartbeat + Maintenance ===[0m
[0;32m[2026-03-08 19:00:00] INFO: Checking HEARTBEAT conditions...[0m
[1;33m[2026-03-08 19:00:00] WARN: Alert triggered: IHS Towers email detected - URGENT[0m
[1;33m[2026-03-08 19:00:00] WARN: Failed to send iMessage alert to temikolawole@icloud.com[0m
[1;33m[2026-03-08 19:00:00] WARN: Alert triggered: Deadline within 24 hours[0m
[1;33m[2026-03-08 19:00:00] WARN: Failed to send iMessage alert to temikolawole@icloud.com[0m
[0;34m[2026-03-08 19:00:00] DEBUG: Checking calendar for next 48 hours...[0m
[0;34m[2026-03-08 19:00:00] DEBUG: Checking IHS Towers follow-ups...[0m
[1;33m[2026-03-08 19:00:00] WARN: Found 2 urgent item(s) requiring attention[0m
[0;32m[2026-03-08 19:30:00] INFO: === Starting Heartbeat + Maintenance ===[0m
[0;32m[2026-03-08 19:30:00] INFO: Checking HEARTBEAT conditions...[0m
[1;33m[2026-03-08 19:30:00] WARN: Alert triggered: IHS Towers email detected - URGENT[0m
[1;33m[2026-03-08 19:30:00] WARN: Failed to send iMessage alert to temikolawole@icloud.com[0m
[1;33m[2026-03-08 19:30:00] WARN: Alert triggered: Deadline within 24 hours[0m
[1;33m[2026-03-08 19:30:00] WARN: Failed to send iMessage alert to temikolawole@icloud.com[0m
[0;34m[2026-03-08 19:30:00] DEBUG: Checking calendar for next 48 hours...[0m
[0;34m[2026-03-08 19:30:00] DEBUG: Checking IHS Towers follow-ups...[0m
[1;33m[2026-03-08 19:30:00] WARN: Found 2 urgent item(s) requiring attention[0m
[0;32m[2026-03-08 20:00:00] INFO: === Starting Heartbeat + Maintenance ===[0m
[0;32m[2026-03-08 20:00:00] INFO: Checking HEARTBEAT conditions...[0m
[1;33m[2026-03-08 20:00:00] WARN: Alert triggered: IHS Towers email detected - URGENT[0m
[1;33m[2026-03-08 20:00:00] WARN: Failed to send iMessage alert to temikolawole@icloud.com[0m
[1;33m[2026-03-08 20:00:00] WARN: Alert triggered: Deadline within 24 hours[0m
[1;33m[2026-03-08 20:00:00] WARN: Failed to send iMessage alert to temikolawole@icloud.com[0m
[0;34m[2026-03-08 20:00:00] DEBUG: Checking calendar for next 48 hours...[0m
[0;34m[2026-03-08 20:00:00] DEBUG: Checking IHS Towers follow-ups...[0m
[1;33m[2026-03-08 20:00:00] WARN: Found 2 urgent item(s) requiring attention[0m
[0;32m[2026-03-08 20:30:01] INFO: === Starting Heartbeat + Maintenance ===[0m
[0;32m[2026-03-08 20:30:01] INFO: Checking HEARTBEAT conditions...[0m
[1;33m[2026-03-08 20:30:01] WARN: Alert triggered: IHS Towers email detected - URGENT[0m
[1;33m[2026-03-08 20:30:01] WARN: Failed to send iMessage alert to temikolawole@icloud.com[0m
[1;33m[2026-03-08 20:30:01] WARN: Alert triggered: Deadline within 24 hours[0m
[1;33m[2026-03-08 20:30:01] WARN: Failed to send iMessage alert to temikolawole@icloud.com[0m
[0;34m[2026-03-08 20:30:01] DEBUG: Checking calendar for next 48 hours...[0m
[0;34m[2026-03-08 20:30:01] DEBUG: Checking IHS Towers follow-ups...[0m
[1;33m[2026-03-08 20:30:01] WARN: Found 2 urgent item(s) requiring attention[0m
[0;32m[2026-03-08 21:00:00] INFO: === Starting Heartbeat + Maintenance ===[0m
[0;32m[2026-03-08 21:00:00] INFO: Checking HEARTBEAT conditions...[0m
[1;33m[2026-03-08 21:00:00] WARN: Alert triggered: IHS Towers email detected - URGENT[0m
[1;33m[2026-03-08 21:00:00] WARN: Failed to send iMessage alert to temikolawole@icloud.com[0m
[1;33m[2026-03-08 21:00:00] WARN: Alert triggered: Deadline within 24 hours[0m
[1;33m[2026-03-08 21:00:00] WARN: Failed to send iMessage alert to temikolawole@icloud.com[0m
[0;34m[2026-03-08 21:00:00] DEBUG: Checking calendar for next 48 hours...[0m
[0;34m[2026-03-08 21:00:00] DEBUG: Checking IHS Towers follow-ups...[0m
[1;33m[2026-03-08 21:00:00] WARN: Found 2 urgent item(s) requiring attention[0m
[0;32m[2026-03-08 21:30:00] INFO: === Starting Heartbeat + Maintenance ===[0m
[0;32m[2026-03-08 21:30:00] INFO: Checking HEARTBEAT conditions...[0m
[1;33m[2026-03-08 21:30:00] WARN: Alert triggered: IHS Towers email detected - URGENT[0m
[1;33m[2026-03-08 21:30:00] WARN: Failed to send iMessage alert to temikolawole@icloud.com[0m
[1;33m[2026-03-08 21:30:00] WARN: Alert triggered: Deadline within 24 hours[0m
[1;33m[2026-03-08 21:30:00] WARN: Failed to send iMessage alert to temikolawole@icloud.com[0m
[0;34m[2026-03-08 21:30:00] DEBUG: Checking calendar for next 48 hours...[0m
[0;34m[2026-03-08 21:30:00] DEBUG: Checking IHS Towers follow-ups...[0m
[1;33m[2026-03-08 21:30:00] WARN: Found 2 urgent item(s) requiring attention[0m
[0;32m[2026-03-08 22:00:00] INFO: === Starting Heartbeat + Maintenance ===[0m
[0;32m[2026-03-08 22:00:00] INFO: Checking HEARTBEAT conditions...[0m
[1;33m[2026-03-08 22:00:00] WARN: Alert triggered: IHS Towers email detected - URGENT[0m
[1;33m[2026-03-08 22:00:00] WARN: Failed to send iMessage alert to temikolawole@icloud.com[0m
[1;33m[2026-03-08 22:00:00] WARN: Alert triggered: Deadline within 24 hours[0m
[1;33m[2026-03-08 22:00:00] WARN: Failed to send iMessage alert to temikolawole@icloud.com[0m
[0;34m[2026-03-08 22:00:00] DEBUG: Checking calendar for next 48 hours...[0m
[0;34m[2026-03-08 22:00:00] DEBUG: Checking IHS Towers follow-ups...[0m
[1;33m[2026-03-08 22:00:00] WARN: Found 2 urgent item(s) requiring attention[0m
[0;32m[2026-03-08 22:30:00] INFO: === Starting Heartbeat + Maintenance ===[0m
[0;32m[2026-03-08 22:30:00] INFO: Checking HEARTBEAT conditions...[0m
[1;33m[2026-03-08 22:30:00] WARN: Alert triggered: IHS Towers email detected - URGENT[0m
[1;33m[2026-03-08 22:30:00] WARN: Failed to send iMessage alert to temikolawole@icloud.com[0m
[1;33m[2026-03-08 22:30:00] WARN: Alert triggered: Deadline within 24 hours[0m
[1;33m[2026-03-08 22:30:00] WARN: Failed to send iMessage alert to temikolawole@icloud.com[0m
[0;34m[2026-03-08 22:30:00] DEBUG: Checking calendar for next 48 hours...[0m
[0;32m[2026-03-08 22:30:00] INFO: Found 3 upcoming event(s) in next 48 hours[0m
[0;32m[2026-03-08 23:00:00] INFO: === Starting Heartbeat + Maintenance ===[0m
[0;32m[2026-03-08 23:00:00] INFO: Quiet hours (23:00-08:00), running minimal checks only[0m
[0;32m[2026-03-08 23:00:00] INFO: Checking HEARTBEAT conditions...[0m
[1;33m[2026-03-08 23:00:00] WARN: Alert triggered: IHS Towers email detected - URGENT[0m
[1;33m[2026-03-08 23:00:00] WARN: Failed to send iMessage alert to temikolawole@icloud.com[0m
[1;33m[2026-03-08 23:00:01] WARN: Alert triggered: Deadline within 24 hours[0m
[1;33m[2026-03-08 23:00:01] WARN: Failed to send iMessage alert to temikolawole@icloud.com[0m
[0;34m[2026-03-08 23:00:01] DEBUG: Checking calendar for next 48 hours...[0m
[0;34m[2026-03-08 23:00:01] DEBUG: Checking IHS Towers follow-ups...[0m
[1;33m[2026-03-08 23:00:01] WARN: Found 2 urgent item(s) requiring attention[0m
[0;32m[2026-03-08 23:30:01] INFO: === Starting Heartbeat + Maintenance ===[0m
[0;32m[2026-03-08 23:30:01] INFO: Quiet hours (23:00-08:00), running minimal checks only[0m
[0;32m[2026-03-08 23:30:01] INFO: Checking HEARTBEAT conditions...[0m
[1;33m[2026-03-08 23:30:01] WARN: Alert triggered: IHS Towers email detected - URGENT[0m
[1;33m[2026-03-08 23:30:01] WARN: Failed to send iMessage alert to temikolawole@icloud.com[0m
[1;33m[2026-03-08 23:30:01] WARN: Alert triggered: Deadline within 24 hours[0m
[1;33m[2026-03-08 23:30:01] WARN: Failed to send iMessage alert to temikolawole@icloud.com[0m
[0;34m[2026-03-08 23:30:01] DEBUG: Checking calendar for next 48 hours...[0m
[0;34m[2026-03-08 23:30:01] DEBUG: Checking IHS Towers follow-ups...[0m
[1;33m[2026-03-08 23:30:01] WARN: Found 2 urgent item(s) requiring attention[0m
[0;32m[2026-03-09 00:00:00] INFO: === Starting Heartbeat + Maintenance ===[0m
[0;32m[2026-03-09 00:00:01] INFO: Quiet hours (23:00-08:00), running minimal checks only[0m
[0;32m[2026-03-09 00:00:01] INFO: Checking HEARTBEAT conditions...[0m
[1;33m[2026-03-09 00:00:01] WARN: Alert triggered: IHS Towers email detected - URGENT[0m
[1;33m[2026-03-09 00:00:01] WARN: Failed to send iMessage alert to temikolawole@icloud.com[0m
[1;33m[2026-03-09 00:00:01] WARN: Alert triggered: Deadline within 24 hours[0m
[1;33m[2026-03-09 00:00:01] WARN: Failed to send iMessage alert to temikolawole@icloud.com[0m
[0;34m[2026-03-09 00:00:01] DEBUG: Checking calendar for next 48 hours...[0m
[0;34m[2026-03-09 00:00:01] DEBUG: Checking IHS Towers follow-ups...[0m
[1;33m[2026-03-09 00:00:01] WARN: Found 2 urgent item(s) requiring attention[0m
[0;32m[2026-03-09 00:30:00] INFO: === Starting Heartbeat + Maintenance ===[0m
[0;32m[2026-03-09 00:30:00] INFO: Quiet hours (23:00-08:00), running minimal checks only[0m
[0;32m[2026-03-09 00:30:00] INFO: Checking HEARTBEAT conditions...[0m
[1;33m[2026-03-09 00:30:00] WARN: Alert triggered: IHS Towers email detected - URGENT[0m
[1;33m[2026-03-09 00:30:00] WARN: Failed to send iMessage alert to temikolawole@icloud.com[0m
[1;33m[2026-03-09 00:30:00] WARN: Alert triggered: Deadline within 24 hours[0m
[1;33m[2026-03-09 00:30:00] WARN: Failed to send iMessage alert to temikolawole@icloud.com[0m
[0;34m[2026-03-09 00:30:00] DEBUG: Checking calendar for next 48 hours...[0m
[0;34m[2026-03-09 00:30:00] DEBUG: Checking IHS Towers follow-ups...[0m
[1;33m[2026-03-09 00:30:00] WARN: Found 2 urgent item(s) requiring attention[0m
[0;32m[2026-03-09 01:00:00] INFO: === Starting Heartbeat + Maintenance ===[0m
[0;32m[2026-03-09 01:00:00] INFO: Quiet hours (23:00-08:00), running minimal checks only[0m
[0;32m[2026-03-09 01:00:00] INFO: Checking HEARTBEAT conditions...[0m
[1;33m[2026-03-09 01:00:00] WARN: Alert triggered: IHS Towers email detected - URGENT[0m
[1;33m[2026-03-09 01:00:00] WARN: Failed to send iMessage alert to temikolawole@icloud.com[0m
[1;33m[2026-03-09 01:00:00] WARN: Alert triggered: Deadline within 24 hours[0m
[1;33m[2026-03-09 01:00:00] WARN: Failed to send iMessage alert to temikolawole@icloud.com[0m
[0;34m[2026-03-09 01:00:00] DEBUG: Checking calendar for next 48 hours...[0m
[0;34m[2026-03-09 01:00:00] DEBUG: Checking IHS Towers follow-ups...[0m
[1;33m[2026-03-09 01:00:00] WARN: Found 2 urgent item(s) requiring attention[0m
[0;32m[2026-03-09 09:30:01] INFO: === Starting Heartbeat + Maintenance ===[0m
[0;32m[2026-03-09 09:30:01] INFO: Checking HEARTBEAT conditions...[0m
[1;33m[2026-03-09 09:30:01] WARN: Alert triggered: IHS Towers email detected - URGENT[0m
[1;33m[2026-03-09 09:30:01] WARN: Failed to send iMessage alert to temikolawole@icloud.com[0m
[1;33m[2026-03-09 09:30:01] WARN: Alert triggered: Deadline within 24 hours[0m
[1;33m[2026-03-09 09:30:01] WARN: Failed to send iMessage alert to temikolawole@icloud.com[0m
[0;34m[2026-03-09 09:30:01] DEBUG: Checking calendar for next 48 hours...[0m
[0;34m[2026-03-09 09:30:01] DEBUG: Checking IHS Towers follow-ups...[0m
[1;33m[2026-03-09 09:30:01] WARN: Found 2 urgent item(s) requiring attention[0m
[0;32m[2026-03-09 10:00:00] INFO: === Starting Heartbeat + Maintenance ===[0m
[0;32m[2026-03-09 10:00:00] INFO: Checking HEARTBEAT conditions...[0m
[1;33m[2026-03-09 10:00:00] WARN: Alert triggered: IHS Towers email detected - URGENT[0m
[1;33m[2026-03-09 10:00:00] WARN: Failed to send iMessage alert to temikolawole@icloud.com[0m
[1;33m[2026-03-09 10:00:00] WARN: Alert triggered: Deadline within 24 hours[0m
[1;33m[2026-03-09 10:00:00] WARN: Failed to send iMessage alert to temikolawole@icloud.com[0m
[0;34m[2026-03-09 10:00:00] DEBUG: Checking calendar for next 48 hours...[0m
[0;34m[2026-03-09 10:00:00] DEBUG: Checking IHS Towers follow-ups...[0m
[1;33m[2026-03-09 10:00:00] WARN: Found 2 urgent item(s) requiring attention[0m
[0;32m[2026-03-09 10:30:00] INFO: === Starting Heartbeat + Maintenance ===[0m
[0;32m[2026-03-09 10:30:00] INFO: Checking HEARTBEAT conditions...[0m
[1;33m[2026-03-09 10:30:00] WARN: Alert triggered: IHS Towers email detected - URGENT[0m
[1;33m[2026-03-09 10:30:00] WARN: Failed to send iMessage alert to temikolawole@icloud.com[0m
[1;33m[2026-03-09 10:30:00] WARN: Alert triggered: Deadline within 24 hours[0m
[1;33m[2026-03-09 10:30:00] WARN: Failed to send iMessage alert to temikolawole@icloud.com[0m
[0;34m[2026-03-09 10:30:00] DEBUG: Checking calendar for next 48 hours...[0m
[0;34m[2026-03-09 10:30:00] DEBUG: Checking IHS Towers follow-ups...[0m
[1;33m[2026-03-09 10:30:00] WARN: Found 2 urgent item(s) requiring attention[0m
[0;32m[2026-03-09 11:00:00] INFO: === Starting Heartbeat + Maintenance ===[0m
[0;32m[2026-03-09 11:00:00] INFO: Checking HEARTBEAT conditions...[0m
[1;33m[2026-03-09 11:00:00] WARN: Alert triggered: IHS Towers email detected - URGENT[0m
[1;33m[2026-03-09 11:00:00] WARN: Failed to send iMessage alert to temikolawole@icloud.com[0m
[1;33m[2026-03-09 11:00:00] WARN: Alert triggered: Deadline within 24 hours[0m
[1;33m[2026-03-09 11:00:00] WARN: Failed to send iMessage alert to temikolawole@icloud.com[0m
[0;34m[2026-03-09 11:00:00] DEBUG: Checking calendar for next 48 hours...[0m
[0;34m[2026-03-09 11:00:00] DEBUG: Checking IHS Towers follow-ups...[0m
[1;33m[2026-03-09 11:00:00] WARN: Found 2 urgent item(s) requiring attention[0m
[0;32m[2026-03-09 11:30:00] INFO: === Starting Heartbeat + Maintenance ===[0m
[0;32m[2026-03-09 11:30:00] INFO: Checking HEARTBEAT conditions...[0m
[1;33m[2026-03-09 11:30:00] WARN: Alert triggered: IHS Towers email detected - URGENT[0m
[1;33m[2026-03-09 11:30:00] WARN: Failed to send iMessage alert to temikolawole@icloud.com[0m
[1;33m[2026-03-09 11:30:00] WARN: Alert triggered: Deadline within 24 hours[0m
[1;33m[2026-03-09 11:30:00] WARN: Failed to send iMessage alert to temikolawole@icloud.com[0m
[0;34m[2026-03-09 11:30:00] DEBUG: Checking calendar for next 48 hours...[0m
[0;34m[2026-03-09 11:30:00] DEBUG: Checking IHS Towers follow-ups...[0m
[1;33m[2026-03-09 11:30:00] WARN: Found 2 urgent item(s) requiring attention[0m
[0;32m[2026-03-09 12:00:00] INFO: === Starting Heartbeat + Maintenance ===[0m
[0;32m[2026-03-09 12:00:00] INFO: Checking HEARTBEAT conditions...[0m
[1;33m[2026-03-09 12:00:00] WARN: Alert triggered: IHS Towers email detected - URGENT[0m
[1;33m[2026-03-09 12:00:00] WARN: Failed to send iMessage alert to temikolawole@icloud.com[0m
[1;33m[2026-03-09 12:00:00] WARN: Alert triggered: Deadline within 24 hours[0m
[1;33m[2026-03-09 12:00:00] WARN: Failed to send iMessage alert to temikolawole@icloud.com[0m
[0;34m[2026-03-09 12:00:00] DEBUG: Checking calendar for next 48 hours...[0m
[0;34m[2026-03-09 12:00:00] DEBUG: Checking IHS Towers follow-ups...[0m
[1;33m[2026-03-09 12:00:00] WARN: Found 2 urgent item(s) requiring attention[0m
[0;32m[2026-03-09 12:30:00] INFO: === Starting Heartbeat + Maintenance ===[0m
[0;32m[2026-03-09 12:30:00] INFO: Checking HEARTBEAT conditions...[0m
[1;33m[2026-03-09 12:30:00] WARN: Alert triggered: IHS Towers email detected - URGENT[0m
[1;33m[2026-03-09 12:30:00] WARN: Failed to send iMessage alert to temikolawole@icloud.com[0m
[1;33m[2026-03-09 12:30:00] WARN: Alert triggered: Deadline within 24 hours[0m
[1;33m[2026-03-09 12:30:00] WARN: Failed to send iMessage alert to temikolawole@icloud.com[0m
[0;34m[2026-03-09 12:30:00] DEBUG: Checking calendar for next 48 hours...[0m
[0;34m[2026-03-09 12:30:00] DEBUG: Checking IHS Towers follow-ups...[0m
[1;33m[2026-03-09 12:30:00] WARN: Found 2 urgent item(s) requiring attention[0m
[0;32m[2026-03-09 13:00:01] INFO: === Starting Heartbeat + Maintenance ===[0m
[0;32m[2026-03-09 13:00:01] INFO: Checking HEARTBEAT conditions...[0m
[1;33m[2026-03-09 13:00:01] WARN: Alert triggered: IHS Towers email detected - URGENT[0m
[1;33m[2026-03-09 13:00:01] WARN: Failed to send iMessage alert to temikolawole@icloud.com[0m
[1;33m[2026-03-09 13:00:01] WARN: Alert triggered: Deadline within 24 hours[0m
[1;33m[2026-03-09 13:00:01] WARN: Failed to send iMessage alert to temikolawole@icloud.com[0m
[0;34m[2026-03-09 13:00:01] DEBUG: Checking calendar for next 48 hours...[0m
[0;34m[2026-03-09 13:00:01] DEBUG: Checking IHS Towers follow-ups...[0m
[1;33m[2026-03-09 13:00:01] WARN: Found 2 urgent item(s) requiring attention[0m
[0;32m[2026-03-09 13:30:00] INFO: === Starting Heartbeat + Maintenance ===[0m
[0;32m[2026-03-09 13:30:00] INFO: Checking HEARTBEAT conditions...[0m
[1;33m[2026-03-09 13:30:00] WARN: Alert triggered: IHS Towers email detected - URGENT[0m
[1;33m[2026-03-09 13:30:00] WARN: Failed to send iMessage alert to temikolawole@icloud.com[0m
[1;33m[2026-03-09 13:30:00] WARN: Alert triggered: Deadline within 24 hours[0m
[1;33m[2026-03-09 13:30:00] WARN: Failed to send iMessage alert to temikolawole@icloud.com[0m
[0;34m[2026-03-09 13:30:00] DEBUG: Checking calendar for next 48 hours...[0m
[0;34m[2026-03-09 13:30:00] DEBUG: Checking IHS Towers follow-ups...[0m
[1;33m[2026-03-09 13:30:00] WARN: Found 2 urgent item(s) requiring attention[0m
[0;32m[2026-03-09 14:00:00] INFO: === Starting Heartbeat + Maintenance ===[0m
[0;32m[2026-03-09 14:00:00] INFO: Checking HEARTBEAT conditions...[0m
[1;33m[2026-03-09 14:00:00] WARN: Alert triggered: IHS Towers email detected - URGENT[0m
[1;33m[2026-03-09 14:00:00] WARN: Failed to send iMessage alert to temikolawole@icloud.com[0m
[1;33m[2026-03-09 14:00:00] WARN: Alert triggered: Deadline within 24 hours[0m
[1;33m[2026-03-09 14:00:00] WARN: Failed to send iMessage alert to temikolawole@icloud.com[0m
[0;34m[2026-03-09 14:00:00] DEBUG: Checking calendar for next 48 hours...[0m
[0;34m[2026-03-09 14:00:00] DEBUG: Checking IHS Towers follow-ups...[0m
[1;33m[2026-03-09 14:00:00] WARN: Found 2 urgent item(s) requiring attention[0m
[0;32m[2026-03-09 14:30:00] INFO: === Starting Heartbeat + Maintenance ===[0m
[0;32m[2026-03-09 14:30:00] INFO: Checking HEARTBEAT conditions...[0m
[1;33m[2026-03-09 14:30:00] WARN: Alert triggered: IHS Towers email detected - URGENT[0m
[1;33m[2026-03-09 14:30:00] WARN: Failed to send iMessage alert to temikolawole@icloud.com[0m
[1;33m[2026-03-09 14:30:00] WARN: Alert triggered: Deadline within 24 hours[0m
[1;33m[2026-03-09 14:30:00] WARN: Failed to send iMessage alert to temikolawole@icloud.com[0m
[0;34m[2026-03-09 14:30:00] DEBUG: Checking calendar for next 48 hours...[0m
[0;34m[2026-03-09 14:30:00] DEBUG: Checking IHS Towers follow-ups...[0m
[1;33m[2026-03-09 14:30:00] WARN: Found 2 urgent item(s) requiring attention[0m
[0;32m[2026-03-09 15:00:00] INFO: === Starting Heartbeat + Maintenance ===[0m
[0;32m[2026-03-09 15:00:00] INFO: Checking HEARTBEAT conditions...[0m
[1;33m[2026-03-09 15:00:00] WARN: Alert triggered: IHS Towers email detected - URGENT[0m
[1;33m[2026-03-09 15:00:00] WARN: Failed to send iMessage alert to temikolawole@icloud.com[0m
[1;33m[2026-03-09 15:00:00] WARN: Alert triggered: Deadline within 24 hours[0m
[1;33m[2026-03-09 15:00:00] WARN: Failed to send iMessage alert to temikolawole@icloud.com[0m
[0;34m[2026-03-09 15:00:00] DEBUG: Checking calendar for next 48 hours...[0m
[0;34m[2026-03-09 15:00:00] DEBUG: Checking IHS Towers follow-ups...[0m
[1;33m[2026-03-09 15:00:00] WARN: Found 2 urgent item(s) requiring attention[0m
[0;32m[2026-03-09 15:30:00] INFO: === Starting Heartbeat + Maintenance ===[0m
[0;32m[2026-03-09 15:30:00] INFO: Checking HEARTBEAT conditions...[0m
[1;33m[2026-03-09 15:30:00] WARN: Alert triggered: IHS Towers email detected - URGENT[0m
[1;33m[2026-03-09 15:30:00] WARN: Failed to send iMessage alert to temikolawole@icloud.com[0m
[1;33m[2026-03-09 15:30:00] WARN: Alert triggered: Deadline within 24 hours[0m
[1;33m[2026-03-09 15:30:00] WARN: Failed to send iMessage alert to temikolawole@icloud.com[0m
[0;34m[2026-03-09 15:30:00] DEBUG: Checking calendar for next 48 hours...[0m
[0;34m[2026-03-09 15:30:00] DEBUG: Checking IHS Towers follow-ups...[0m
[1;33m[2026-03-09 15:30:01] WARN: Found 2 urgent item(s) requiring attention[0m
[0;32m[2026-03-09 16:00:00] INFO: === Starting Heartbeat + Maintenance ===[0m
[0;32m[2026-03-09 16:00:00] INFO: Checking HEARTBEAT conditions...[0m
[1;33m[2026-03-09 16:00:00] WARN: Alert triggered: IHS Towers email detected - URGENT[0m
[1;33m[2026-03-09 16:00:00] WARN: Failed to send iMessage alert to temikolawole@icloud.com[0m
[1;33m[2026-03-09 16:00:00] WARN: Alert triggered: Deadline within 24 hours[0m
[1;33m[2026-03-09 16:00:00] WARN: Failed to send iMessage alert to temikolawole@icloud.com[0m
[0;34m[2026-03-09 16:00:00] DEBUG: Checking calendar for next 48 hours...[0m
[0;34m[2026-03-09 16:00:00] DEBUG: Checking IHS Towers follow-ups...[0m
[1;33m[2026-03-09 16:00:00] WARN: Found 2 urgent item(s) requiring attention[0m
[0;32m[2026-03-09 16:30:01] INFO: === Starting Heartbeat + Maintenance ===[0m
[0;32m[2026-03-09 16:30:01] INFO: Checking HEARTBEAT conditions...[0m
[1;33m[2026-03-09 16:30:01] WARN: Alert triggered: IHS Towers email detected - URGENT[0m
[1;33m[2026-03-09 16:30:01] WARN: Failed to send iMessage alert to temikolawole@icloud.com[0m
[1;33m[2026-03-09 16:30:01] WARN: Alert triggered: Deadline within 24 hours[0m
[1;33m[2026-03-09 16:30:01] WARN: Failed to send iMessage alert to temikolawole@icloud.com[0m
[0;34m[2026-03-09 16:30:01] DEBUG: Checking calendar for next 48 hours...[0m
[0;34m[2026-03-09 16:30:01] DEBUG: Checking IHS Towers follow-ups...[0m
[1;33m[2026-03-09 16:30:01] WARN: Found 2 urgent item(s) requiring attention[0m
[0;32m[2026-03-09 17:00:00] INFO: === Starting Heartbeat + Maintenance ===[0m
[0;32m[2026-03-09 17:00:00] INFO: Checking HEARTBEAT conditions...[0m
[1;33m[2026-03-09 17:00:01] WARN: Alert triggered: IHS Towers email detected - URGENT[0m
[1;33m[2026-03-09 17:00:01] WARN: Failed to send iMessage alert to temikolawole@icloud.com[0m
[1;33m[2026-03-09 17:00:01] WARN: Alert triggered: Deadline within 24 hours[0m
[1;33m[2026-03-09 17:00:01] WARN: Failed to send iMessage alert to temikolawole@icloud.com[0m
[0;34m[2026-03-09 17:00:01] DEBUG: Checking calendar for next 48 hours...[0m
[0;34m[2026-03-09 17:00:01] DEBUG: Checking IHS Towers follow-ups...[0m
[1;33m[2026-03-09 17:00:01] WARN: Found 2 urgent item(s) requiring attention[0m
[0;32m[2026-03-09 17:30:00] INFO: === Starting Heartbeat + Maintenance ===[0m
[0;32m[2026-03-09 17:30:00] INFO: Checking HEARTBEAT conditions...[0m
[1;33m[2026-03-09 17:30:00] WARN: Alert triggered: IHS Towers email detected - URGENT[0m
[1;33m[2026-03-09 17:30:00] WARN: Failed to send iMessage alert to temikolawole@icloud.com[0m
[1;33m[2026-03-09 17:30:00] WARN: Alert triggered: Deadline within 24 hours[0m
[1;33m[2026-03-09 17:30:00] WARN: Failed to send iMessage alert to temikolawole@icloud.com[0m
[0;34m[2026-03-09 17:30:00] DEBUG: Checking calendar for next 48 hours...[0m
[0;32m[2026-03-09 17:30:00] INFO: Found 3 upcoming event(s) in next 48 hours[0m
[0;32m[2026-03-09 18:00:01] INFO: === Starting Heartbeat + Maintenance ===[0m
[0;32m[2026-03-09 18:00:01] INFO: Checking HEARTBEAT conditions...[0m
[1;33m[2026-03-09 18:00:01] WARN: Alert triggered: IHS Towers email detected - URGENT[0m
[1;33m[2026-03-09 18:00:01] WARN: Failed to send iMessage alert to temikolawole@icloud.com[0m
[1;33m[2026-03-09 18:00:01] WARN: Alert triggered: Deadline within 24 hours[0m
[1;33m[2026-03-09 18:00:01] WARN: Failed to send iMessage alert to temikolawole@icloud.com[0m
[0;34m[2026-03-09 18:00:01] DEBUG: Checking calendar for next 48 hours...[0m
[0;34m[2026-03-09 18:00:01] DEBUG: Checking IHS Towers follow-ups...[0m
[1;33m[2026-03-09 18:00:01] WARN: Found 2 urgent item(s) requiring attention[0m
[0;32m[2026-03-09 18:30:01] INFO: === Starting Heartbeat + Maintenance ===[0m
[0;32m[2026-03-09 18:30:01] INFO: Checking HEARTBEAT conditions...[0m
[1;33m[2026-03-09 18:30:01] WARN: Alert triggered: IHS Towers email detected - URGENT[0m
[1;33m[2026-03-09 18:30:01] WARN: Failed to send iMessage alert to temikolawole@icloud.com[0m
[1;33m[2026-03-09 18:30:01] WARN: Alert triggered: Deadline within 24 hours[0m
[1;33m[2026-03-09 18:30:01] WARN: Failed to send iMessage alert to temikolawole@icloud.com[0m
[0;34m[2026-03-09 18:30:01] DEBUG: Checking calendar for next 48 hours...[0m
[0;34m[2026-03-09 18:30:01] DEBUG: Checking IHS Towers follow-ups...[0m
[1;33m[2026-03-09 18:30:01] WARN: Found 2 urgent item(s) requiring attention[0m
[0;32m[2026-03-09 19:00:00] INFO: === Starting Heartbeat + Maintenance ===[0m
[0;32m[2026-03-09 19:00:00] INFO: Checking HEARTBEAT conditions...[0m
[1;33m[2026-03-09 19:00:00] WARN: Alert triggered: IHS Towers email detected - URGENT[0m
[1;33m[2026-03-09 19:00:00] WARN: Failed to send iMessage alert to temikolawole@icloud.com[0m
[1;33m[2026-03-09 19:00:00] WARN: Alert triggered: Deadline within 24 hours[0m
[1;33m[2026-03-09 19:00:00] WARN: Failed to send iMessage alert to temikolawole@icloud.com[0m
[0;34m[2026-03-09 19:00:01] DEBUG: Checking calendar for next 48 hours...[0m
[0;32m[2026-03-09 19:00:01] INFO: Found 3 upcoming event(s) in next 48 hours[0m
[0;32m[2026-03-09 19:30:00] INFO: === Starting Heartbeat + Maintenance ===[0m
[0;32m[2026-03-09 19:30:00] INFO: Checking HEARTBEAT conditions...[0m
[1;33m[2026-03-09 19:30:00] WARN: Alert triggered: IHS Towers email detected - URGENT[0m
[1;33m[2026-03-09 19:30:00] WARN: Failed to send iMessage alert to temikolawole@icloud.com[0m
[1;33m[2026-03-09 19:30:00] WARN: Alert triggered: Deadline within 24 hours[0m
[1;33m[2026-03-09 19:30:00] WARN: Failed to send iMessage alert to temikolawole@icloud.com[0m
[0;34m[2026-03-09 19:30:00] DEBUG: Checking calendar for next 48 hours...[0m
[0;34m[2026-03-09 19:30:00] DEBUG: Checking IHS Towers follow-ups...[0m
[1;33m[2026-03-09 19:30:00] WARN: Found 2 urgent item(s) requiring attention[0m
[0;32m[2026-03-09 20:00:00] INFO: === Starting Heartbeat + Maintenance ===[0m
[0;32m[2026-03-09 20:00:00] INFO: Checking HEARTBEAT conditions...[0m
[1;33m[2026-03-09 20:00:00] WARN: Alert triggered: IHS Towers email detected - URGENT[0m
[1;33m[2026-03-09 20:00:00] WARN: Failed to send iMessage alert to temikolawole@icloud.com[0m
[1;33m[2026-03-09 20:00:00] WARN: Alert triggered: Deadline within 24 hours[0m
[1;33m[2026-03-09 20:00:00] WARN: Failed to send iMessage alert to temikolawole@icloud.com[0m
[0;34m[2026-03-09 20:00:00] DEBUG: Checking calendar for next 48 hours...[0m
[0;34m[2026-03-09 20:00:00] DEBUG: Checking IHS Towers follow-ups...[0m
[1;33m[2026-03-09 20:00:00] WARN: Found 2 urgent item(s) requiring attention[0m
[0;32m[2026-03-09 20:30:00] INFO: === Starting Heartbeat + Maintenance ===[0m
[0;32m[2026-03-09 20:30:00] INFO: Checking HEARTBEAT conditions...[0m
[1;33m[2026-03-09 20:30:00] WARN: Alert triggered: IHS Towers email detected - URGENT[0m
[1;33m[2026-03-09 20:30:00] WARN: Failed to send iMessage alert to temikolawole@icloud.com[0m
[1;33m[2026-03-09 20:30:00] WARN: Alert triggered: Deadline within 24 hours[0m
[1;33m[2026-03-09 20:30:00] WARN: Failed to send iMessage alert to temikolawole@icloud.com[0m
[0;34m[2026-03-09 20:30:00] DEBUG: Checking calendar for next 48 hours...[0m
[0;34m[2026-03-09 20:30:00] DEBUG: Checking IHS Towers follow-ups...[0m
[1;33m[2026-03-09 20:30:00] WARN: Found 2 urgent item(s) requiring attention[0m
[0;32m[2026-03-09 21:00:00] INFO: === Starting Heartbeat + Maintenance ===[0m
[0;32m[2026-03-09 21:00:00] INFO: Checking HEARTBEAT conditions...[0m
[1;33m[2026-03-09 21:00:00] WARN: Alert triggered: IHS Towers email detected - URGENT[0m
[1;33m[2026-03-09 21:00:00] WARN: Failed to send iMessage alert to temikolawole@icloud.com[0m
[1;33m[2026-03-09 21:00:00] WARN: Alert triggered: Deadline within 24 hours[0m
[1;33m[2026-03-09 21:00:00] WARN: Failed to send iMessage alert to temikolawole@icloud.com[0m
[0;34m[2026-03-09 21:00:00] DEBUG: Checking calendar for next 48 hours...[0m
[0;32m[2026-03-09 21:00:00] INFO: Found 2 upcoming event(s) in next 48 hours[0m
[1;33m[2026-03-09 21:00:00] WARN: Meeting preparation may be needed for upcoming events[0m
[0;32m[2026-03-14 14:30:02] INFO: === Starting Heartbeat + Maintenance ===[0m
[0;32m[2026-03-14 14:30:02] INFO: Checking HEARTBEAT conditions...[0m
[1;33m[2026-03-14 14:30:02] WARN: Alert triggered: IHS Towers email detected - URGENT[0m
[1;33m[2026-03-14 14:30:02] WARN: Failed to send iMessage alert to temikolawole@icloud.com[0m
[1;33m[2026-03-14 14:30:02] WARN: Alert triggered: Deadline within 24 hours[0m
[1;33m[2026-03-14 14:30:02] WARN: Failed to send iMessage alert to temikolawole@icloud.com[0m
[0;34m[2026-03-14 14:30:02] DEBUG: Checking calendar for next 48 hours...[0m
[0;34m[2026-03-14 14:30:02] DEBUG: Checking IHS Towers follow-ups...[0m
[1;33m[2026-03-14 14:30:02] WARN: Found 2 urgent item(s) requiring attention[0m
[0;32m[2026-03-14 15:00:00] INFO: === Starting Heartbeat + Maintenance ===[0m
[0;32m[2026-03-14 15:00:00] INFO: Checking HEARTBEAT conditions...[0m
[1;33m[2026-03-14 15:00:00] WARN: Alert triggered: IHS Towers email detected - URGENT[0m
[1;33m[2026-03-14 15:00:00] WARN: Failed to send iMessage alert to temikolawole@icloud.com[0m
[1;33m[2026-03-14 15:00:00] WARN: Alert triggered: Deadline within 24 hours[0m
[1;33m[2026-03-14 15:00:00] WARN: Failed to send iMessage alert to temikolawole@icloud.com[0m
[0;34m[2026-03-14 15:00:00] DEBUG: Checking calendar for next 48 hours...[0m
[0;34m[2026-03-14 15:00:00] DEBUG: Checking IHS Towers follow-ups...[0m
[1;33m[2026-03-14 15:00:00] WARN: Found 2 urgent item(s) requiring attention[0m
[0;32m[2026-03-14 15:30:00] INFO: === Starting Heartbeat + Maintenance ===[0m
[0;32m[2026-03-14 15:30:00] INFO: Checking HEARTBEAT conditions...[0m
[1;33m[2026-03-14 15:30:00] WARN: Alert triggered: IHS Towers email detected - URGENT[0m
[1;33m[2026-03-14 15:30:00] WARN: Failed to send iMessage alert to temikolawole@icloud.com[0m
[1;33m[2026-03-14 15:30:00] WARN: Alert triggered: Deadline within 24 hours[0m
[1;33m[2026-03-14 15:30:00] WARN: Failed to send iMessage alert to temikolawole@icloud.com[0m
[0;34m[2026-03-14 15:30:00] DEBUG: Checking calendar for next 48 hours...[0m
[0;34m[2026-03-14 15:30:00] DEBUG: Checking IHS Towers follow-ups...[0m
[1;33m[2026-03-14 15:30:00] WARN: Found 2 urgent item(s) requiring attention[0m
[0;32m[2026-03-14 16:00:00] INFO: === Starting Heartbeat + Maintenance ===[0m
[0;32m[2026-03-14 16:00:00] INFO: Checking HEARTBEAT conditions...[0m
[1;33m[2026-03-14 16:00:00] WARN: Alert triggered: IHS Towers email detected - URGENT[0m
[1;33m[2026-03-14 16:00:00] WARN: Failed to send iMessage alert to temikolawole@icloud.com[0m
[1;33m[2026-03-14 16:00:00] WARN: Alert triggered: Deadline within 24 hours[0m
[1;33m[2026-03-14 16:00:00] WARN: Failed to send iMessage alert to temikolawole@icloud.com[0m
[0;34m[2026-03-14 16:00:00] DEBUG: Checking calendar for next 48 hours...[0m
[0;34m[2026-03-14 16:00:00] DEBUG: Checking IHS Towers follow-ups...[0m
[1;33m[2026-03-14 16:00:00] WARN: Found 2 urgent item(s) requiring attention[0m
[0;32m[2026-03-14 16:30:01] INFO: === Starting Heartbeat + Maintenance ===[0m
[0;32m[2026-03-14 16:30:01] INFO: Checking HEARTBEAT conditions...[0m
[1;33m[2026-03-14 16:30:01] WARN: Alert triggered: IHS Towers email detected - URGENT[0m
[1;33m[2026-03-14 16:30:01] WARN: Failed to send iMessage alert to temikolawole@icloud.com[0m
[1;33m[2026-03-14 16:30:01] WARN: Alert triggered: Deadline within 24 hours[0m
[1;33m[2026-03-14 16:30:01] WARN: Failed to send iMessage alert to temikolawole@icloud.com[0m
[0;34m[2026-03-14 16:30:01] DEBUG: Checking calendar for next 48 hours...[0m
[0;32m[2026-03-14 16:30:01] INFO: Found 2 upcoming event(s) in next 48 hours[0m
[0;32m[2026-03-14 17:00:00] INFO: === Starting Heartbeat + Maintenance ===[0m
[0;32m[2026-03-14 17:00:00] INFO: Checking HEARTBEAT conditions...[0m
[1;33m[2026-03-14 17:00:00] WARN: Alert triggered: IHS Towers email detected - URGENT[0m
[1;33m[2026-03-14 17:00:00] WARN: Failed to send iMessage alert to temikolawole@icloud.com[0m
[1;33m[2026-03-14 17:00:00] WARN: Alert triggered: Deadline within 24 hours[0m
[1;33m[2026-03-14 17:00:00] WARN: Failed to send iMessage alert to temikolawole@icloud.com[0m
[0;34m[2026-03-14 17:00:00] DEBUG: Checking calendar for next 48 hours...[0m
[0;34m[2026-03-14 17:00:00] DEBUG: Checking IHS Towers follow-ups...[0m
[1;33m[2026-03-14 17:00:00] WARN: Found 2 urgent item(s) requiring attention[0m
[0;32m[2026-03-14 17:30:00] INFO: === Starting Heartbeat + Maintenance ===[0m
[0;32m[2026-03-14 17:30:00] INFO: Checking HEARTBEAT conditions...[0m
[1;33m[2026-03-14 17:30:00] WARN: Alert triggered: IHS Towers email detected - URGENT[0m
[1;33m[2026-03-14 17:30:00] WARN: Failed to send iMessage alert to temikolawole@icloud.com[0m
[1;33m[2026-03-14 17:30:00] WARN: Alert triggered: Deadline within 24 hours[0m
[1;33m[2026-03-14 17:30:00] WARN: Failed to send iMessage alert to temikolawole@icloud.com[0m
[0;34m[2026-03-14 17:30:00] DEBUG: Checking calendar for next 48 hours...[0m
[0;34m[2026-03-14 17:30:00] DEBUG: Checking IHS Towers follow-ups...[0m
[1;33m[2026-03-14 17:30:00] WARN: Found 2 urgent item(s) requiring attention[0m
[0;32m[2026-03-14 18:00:01] INFO: === Starting Heartbeat + Maintenance ===[0m
[0;32m[2026-03-14 18:00:01] INFO: Checking HEARTBEAT conditions...[0m
[1;33m[2026-03-14 18:00:01] WARN: Alert triggered: IHS Towers email detected - URGENT[0m
[1;33m[2026-03-14 18:00:01] WARN: Failed to send iMessage alert to temikolawole@icloud.com[0m
[1;33m[2026-03-14 18:00:01] WARN: Alert triggered: Deadline within 24 hours[0m
[1;33m[2026-03-14 18:00:01] WARN: Failed to send iMessage alert to temikolawole@icloud.com[0m
[0;34m[2026-03-14 18:00:01] DEBUG: Checking calendar for next 48 hours...[0m
[0;34m[2026-03-14 18:00:01] DEBUG: Checking IHS Towers follow-ups...[0m
[1;33m[2026-03-14 18:00:01] WARN: Found 2 urgent item(s) requiring attention[0m
[0;32m[2026-03-14 18:30:00] INFO: === Starting Heartbeat + Maintenance ===[0m
[0;32m[2026-03-14 18:30:00] INFO: Checking HEARTBEAT conditions...[0m
[1;33m[2026-03-14 18:30:00] WARN: Alert triggered: IHS Towers email detected - URGENT[0m
[1;33m[2026-03-14 18:30:00] WARN: Failed to send iMessage alert to temikolawole@icloud.com[0m
[1;33m[2026-03-14 18:30:00] WARN: Alert triggered: Deadline within 24 hours[0m
[1;33m[2026-03-14 18:30:00] WARN: Failed to send iMessage alert to temikolawole@icloud.com[0m
[0;34m[2026-03-14 18:30:00] DEBUG: Checking calendar for next 48 hours...[0m
[0;34m[2026-03-14 18:30:00] DEBUG: Checking IHS Towers follow-ups...[0m
[1;33m[2026-03-14 18:30:00] WARN: Found 2 urgent item(s) requiring attention[0m
[0;32m[2026-03-14 19:00:00] INFO: === Starting Heartbeat + Maintenance ===[0m
[0;32m[2026-03-14 19:00:00] INFO: Checking HEARTBEAT conditions...[0m
[1;33m[2026-03-14 19:00:00] WARN: Alert triggered: IHS Towers email detected - URGENT[0m
[1;33m[2026-03-14 19:00:00] WARN: Failed to send iMessage alert to temikolawole@icloud.com[0m
[1;33m[2026-03-14 19:00:00] WARN: Alert triggered: Deadline within 24 hours[0m
[1;33m[2026-03-14 19:00:00] WARN: Failed to send iMessage alert to temikolawole@icloud.com[0m
[0;34m[2026-03-14 19:00:00] DEBUG: Checking calendar for next 48 hours...[0m
[0;34m[2026-03-14 19:00:00] DEBUG: Checking IHS Towers follow-ups...[0m
[1;33m[2026-03-14 19:00:00] WARN: Found 2 urgent item(s) requiring attention[0m
[0;32m[2026-03-14 19:30:00] INFO: === Starting Heartbeat + Maintenance ===[0m
[0;32m[2026-03-14 19:30:00] INFO: Checking HEARTBEAT conditions...[0m
[1;33m[2026-03-14 19:30:00] WARN: Alert triggered: IHS Towers email detected - URGENT[0m
[1;33m[2026-03-14 19:30:00] WARN: Failed to send iMessage alert to temikolawole@icloud.com[0m
[1;33m[2026-03-14 19:30:00] WARN: Alert triggered: Deadline within 24 hours[0m
[1;33m[2026-03-14 19:30:00] WARN: Failed to send iMessage alert to temikolawole@icloud.com[0m
[0;34m[2026-03-14 19:30:00] DEBUG: Checking calendar for next 48 hours...[0m
[0;32m[2026-03-14 19:30:00] INFO: Found 3 upcoming event(s) in next 48 hours[0m
[1;33m[2026-03-14 19:30:00] WARN: Meeting preparation may be needed for upcoming events[0m
[0;32m[2026-03-14 20:00:00] INFO: === Starting Heartbeat + Maintenance ===[0m
[0;32m[2026-03-14 20:00:00] INFO: Checking HEARTBEAT conditions...[0m
[1;33m[2026-03-14 20:00:00] WARN: Alert triggered: IHS Towers email detected - URGENT[0m
[1;33m[2026-03-14 20:00:00] WARN: Failed to send iMessage alert to temikolawole@icloud.com[0m
[1;33m[2026-03-14 20:00:00] WARN: Alert triggered: Deadline within 24 hours[0m
[1;33m[2026-03-14 20:00:00] WARN: Failed to send iMessage alert to temikolawole@icloud.com[0m
[0;34m[2026-03-14 20:00:00] DEBUG: Checking calendar for next 48 hours...[0m
[0;34m[2026-03-14 20:00:00] DEBUG: Checking IHS Towers follow-ups...[0m
[1;33m[2026-03-14 20:00:00] WARN: Found 2 urgent item(s) requiring attention[0m
[0;32m[2026-03-14 20:30:00] INFO: === Starting Heartbeat + Maintenance ===[0m
[0;32m[2026-03-14 20:30:00] INFO: Checking HEARTBEAT conditions...[0m
[1;33m[2026-03-14 20:30:00] WARN: Alert triggered: IHS Towers email detected - URGENT[0m
[1;33m[2026-03-14 20:30:00] WARN: Failed to send iMessage alert to temikolawole@icloud.com[0m
[1;33m[2026-03-14 20:30:00] WARN: Alert triggered: Deadline within 24 hours[0m
[1;33m[2026-03-14 20:30:00] WARN: Failed to send iMessage alert to temikolawole@icloud.com[0m
[0;34m[2026-03-14 20:30:00] DEBUG: Checking calendar for next 48 hours...[0m
[0;34m[2026-03-14 20:30:00] DEBUG: Checking IHS Towers follow-ups...[0m
[1;33m[2026-03-14 20:30:00] WARN: Found 2 urgent item(s) requiring attention[0m
[0;32m[2026-03-14 21:00:00] INFO: === Starting Heartbeat + Maintenance ===[0m
[0;32m[2026-03-14 21:00:00] INFO: Checking HEARTBEAT conditions...[0m
[1;33m[2026-03-14 21:00:00] WARN: Alert triggered: IHS Towers email detected - URGENT[0m
[1;33m[2026-03-14 21:00:00] WARN: Failed to send iMessage alert to temikolawole@icloud.com[0m
[1;33m[2026-03-14 21:00:00] WARN: Alert triggered: Deadline within 24 hours[0m
[1;33m[2026-03-14 21:00:00] WARN: Failed to send iMessage alert to temikolawole@icloud.com[0m
[0;34m[2026-03-14 21:00:00] DEBUG: Checking calendar for next 48 hours...[0m
[0;34m[2026-03-14 21:00:00] DEBUG: Checking IHS Towers follow-ups...[0m
[1;33m[2026-03-14 21:00:00] WARN: Found 2 urgent item(s) requiring attention[0m
[0;32m[2026-03-14 21:30:00] INFO: === Starting Heartbeat + Maintenance ===[0m
[0;32m[2026-03-14 21:30:00] INFO: Checking HEARTBEAT conditions...[0m
[1;33m[2026-03-14 21:30:00] WARN: Alert triggered: IHS Towers email detected - URGENT[0m
[1;33m[2026-03-14 21:30:00] WARN: Failed to send iMessage alert to temikolawole@icloud.com[0m
[1;33m[2026-03-14 21:30:00] WARN: Alert triggered: Deadline within 24 hours[0m
[1;33m[2026-03-14 21:30:00] WARN: Failed to send iMessage alert to temikolawole@icloud.com[0m
[0;34m[2026-03-14 21:30:00] DEBUG: Checking calendar for next 48 hours...[0m
[0;34m[2026-03-14 21:30:00] DEBUG: Checking IHS Towers follow-ups...[0m
[1;33m[2026-03-14 21:30:00] WARN: Found 2 urgent item(s) requiring attention[0m
[0;32m[2026-03-14 22:00:00] INFO: === Starting Heartbeat + Maintenance ===[0m
[0;32m[2026-03-14 22:00:00] INFO: Checking HEARTBEAT conditions...[0m
[1;33m[2026-03-14 22:00:00] WARN: Alert triggered: IHS Towers email detected - URGENT[0m
[1;33m[2026-03-14 22:00:00] WARN: Failed to send iMessage alert to temikolawole@icloud.com[0m
[1;33m[2026-03-14 22:00:00] WARN: Alert triggered: Deadline within 24 hours[0m
[1;33m[2026-03-14 22:00:00] WARN: Failed to send iMessage alert to temikolawole@icloud.com[0m
[0;34m[2026-03-14 22:00:00] DEBUG: Checking calendar for next 48 hours...[0m
[0;34m[2026-03-14 22:00:00] DEBUG: Checking IHS Towers follow-ups...[0m
[1;33m[2026-03-14 22:00:00] WARN: Found 2 urgent item(s) requiring attention[0m
[0;32m[2026-03-14 22:30:00] INFO: === Starting Heartbeat + Maintenance ===[0m
[0;32m[2026-03-14 22:30:00] INFO: Checking HEARTBEAT conditions...[0m
[1;33m[2026-03-14 22:30:00] WARN: Alert triggered: IHS Towers email detected - URGENT[0m
[1;33m[2026-03-14 22:30:00] WARN: Failed to send iMessage alert to temikolawole@icloud.com[0m
[1;33m[2026-03-14 22:30:00] WARN: Alert triggered: Deadline within 24 hours[0m
[1;33m[2026-03-14 22:30:00] WARN: Failed to send iMessage alert to temikolawole@icloud.com[0m
[0;34m[2026-03-14 22:30:00] DEBUG: Checking calendar for next 48 hours...[0m
[0;34m[2026-03-14 22:30:00] DEBUG: Checking IHS Towers follow-ups...[0m
[1;33m[2026-03-14 22:30:00] WARN: Found 2 urgent item(s) requiring attention[0m
[0;32m[2026-03-14 23:00:00] INFO: === Starting Heartbeat + Maintenance ===[0m
[0;32m[2026-03-14 23:00:00] INFO: Quiet hours (23:00-08:00), running minimal checks only[0m
[0;32m[2026-03-14 23:00:00] INFO: Checking HEARTBEAT conditions...[0m
[1;33m[2026-03-14 23:00:00] WARN: Alert triggered: IHS Towers email detected - URGENT[0m
[1;33m[2026-03-14 23:00:00] WARN: Failed to send iMessage alert to temikolawole@icloud.com[0m
[1;33m[2026-03-14 23:00:00] WARN: Alert triggered: Deadline within 24 hours[0m
[1;33m[2026-03-14 23:00:00] WARN: Failed to send iMessage alert to temikolawole@icloud.com[0m
[0;34m[2026-03-14 23:00:00] DEBUG: Checking calendar for next 48 hours...[0m
[0;34m[2026-03-14 23:00:00] DEBUG: Checking IHS Towers follow-ups...[0m
[1;33m[2026-03-14 23:00:00] WARN: Found 2 urgent item(s) requiring attention[0m
[0;32m[2026-03-14 23:30:01] INFO: === Starting Heartbeat + Maintenance ===[0m
[0;32m[2026-03-14 23:30:01] INFO: Quiet hours (23:00-08:00), running minimal checks only[0m
[0;32m[2026-03-14 23:30:01] INFO: Checking HEARTBEAT conditions...[0m
[1;33m[2026-03-14 23:30:01] WARN: Alert triggered: IHS Towers email detected - URGENT[0m
[1;33m[2026-03-14 23:30:01] WARN: Failed to send iMessage alert to temikolawole@icloud.com[0m
[1;33m[2026-03-14 23:30:01] WARN: Alert triggered: Deadline within 24 hours[0m
[1;33m[2026-03-14 23:30:01] WARN: Failed to send iMessage alert to temikolawole@icloud.com[0m
[0;34m[2026-03-14 23:30:01] DEBUG: Checking calendar for next 48 hours...[0m
[0;34m[2026-03-14 23:30:01] DEBUG: Checking IHS Towers follow-ups...[0m
[1;33m[2026-03-14 23:30:01] WARN: Found 2 urgent item(s) requiring attention[0m
[0;32m[2026-03-15 00:00:00] INFO: === Starting Heartbeat + Maintenance ===[0m
[0;32m[2026-03-15 00:00:00] INFO: Quiet hours (23:00-08:00), running minimal checks only[0m
[0;32m[2026-03-15 00:00:00] INFO: Checking HEARTBEAT conditions...[0m
[1;33m[2026-03-15 00:00:00] WARN: Alert triggered: IHS Towers email detected - URGENT[0m
[1;33m[2026-03-15 00:00:00] WARN: Failed to send iMessage alert to temikolawole@icloud.com[0m
[1;33m[2026-03-15 00:00:00] WARN: Alert triggered: Deadline within 24 hours[0m
[1;33m[2026-03-15 00:00:00] WARN: Failed to send iMessage alert to temikolawole@icloud.com[0m
[0;34m[2026-03-15 00:00:00] DEBUG: Checking calendar for next 48 hours...[0m
[0;34m[2026-03-15 00:00:00] DEBUG: Checking IHS Towers follow-ups...[0m
[1;33m[2026-03-15 00:00:00] WARN: Found 2 urgent item(s) requiring attention[0m
[0;32m[2026-03-15 00:30:00] INFO: === Starting Heartbeat + Maintenance ===[0m
[0;32m[2026-03-15 00:30:00] INFO: Quiet hours (23:00-08:00), running minimal checks only[0m
[0;32m[2026-03-15 00:30:00] INFO: Checking HEARTBEAT conditions...[0m
[1;33m[2026-03-15 00:30:00] WARN: Alert triggered: IHS Towers email detected - URGENT[0m
[1;33m[2026-03-15 00:30:00] WARN: Failed to send iMessage alert to temikolawole@icloud.com[0m
[1;33m[2026-03-15 00:30:00] WARN: Alert triggered: Deadline within 24 hours[0m
[1;33m[2026-03-15 00:30:00] WARN: Failed to send iMessage alert to temikolawole@icloud.com[0m
[0;34m[2026-03-15 00:30:00] DEBUG: Checking calendar for next 48 hours...[0m
[0;34m[2026-03-15 00:30:00] DEBUG: Checking IHS Towers follow-ups...[0m
[1;33m[2026-03-15 00:30:00] WARN: Found 2 urgent item(s) requiring attention[0m
[0;32m[2026-03-15 01:00:00] INFO: === Starting Heartbeat + Maintenance ===[0m
[0;32m[2026-03-15 01:00:00] INFO: Quiet hours (23:00-08:00), running minimal checks only[0m
[0;32m[2026-03-15 01:00:00] INFO: Checking HEARTBEAT conditions...[0m
[1;33m[2026-03-15 01:00:00] WARN: Alert triggered: IHS Towers email detected - URGENT[0m
[1;33m[2026-03-15 01:00:00] WARN: Failed to send iMessage alert to temikolawole@icloud.com[0m
[1;33m[2026-03-15 01:00:00] WARN: Alert triggered: Deadline within 24 hours[0m
[1;33m[2026-03-15 01:00:00] WARN: Failed to send iMessage alert to temikolawole@icloud.com[0m
[0;34m[2026-03-15 01:00:00] DEBUG: Checking calendar for next 48 hours...[0m
[0;34m[2026-03-15 01:00:01] DEBUG: Checking IHS Towers follow-ups...[0m
[1;33m[2026-03-15 01:00:01] WARN: Found 2 urgent item(s) requiring attention[0m
[0;32m[2026-03-15 01:30:00] INFO: === Starting Heartbeat + Maintenance ===[0m
[0;32m[2026-03-15 01:30:00] INFO: Quiet hours (23:00-08:00), running minimal checks only[0m
[0;32m[2026-03-15 01:30:00] INFO: Checking HEARTBEAT conditions...[0m
[1;33m[2026-03-15 01:30:00] WARN: Alert triggered: IHS Towers email detected - URGENT[0m
[1;33m[2026-03-15 01:30:00] WARN: Failed to send iMessage alert to temikolawole@icloud.com[0m
[1;33m[2026-03-15 01:30:00] WARN: Alert triggered: Deadline within 24 hours[0m
[1;33m[2026-03-15 01:30:00] WARN: Failed to send iMessage alert to temikolawole@icloud.com[0m
[0;34m[2026-03-15 01:30:00] DEBUG: Checking calendar for next 48 hours...[0m
[0;34m[2026-03-15 01:30:00] DEBUG: Checking IHS Towers follow-ups...[0m
[1;33m[2026-03-15 01:30:00] WARN: Found 2 urgent item(s) requiring attention[0m
[0;32m[2026-03-15 02:00:00] INFO: === Starting Heartbeat + Maintenance ===[0m
[0;32m[2026-03-15 02:00:00] INFO: Quiet hours (23:00-08:00), running minimal checks only[0m
[0;32m[2026-03-15 02:00:00] INFO: Checking HEARTBEAT conditions...[0m
[1;33m[2026-03-15 02:00:00] WARN: Alert triggered: IHS Towers email detected - URGENT[0m
[1;33m[2026-03-15 02:00:00] WARN: Failed to send iMessage alert to temikolawole@icloud.com[0m
[1;33m[2026-03-15 02:00:00] WARN: Alert triggered: Deadline within 24 hours[0m
[1;33m[2026-03-15 02:00:00] WARN: Failed to send iMessage alert to temikolawole@icloud.com[0m
[0;34m[2026-03-15 02:00:00] DEBUG: Checking calendar for next 48 hours...[0m
[0;34m[2026-03-15 02:00:00] DEBUG: Checking IHS Towers follow-ups...[0m
[1;33m[2026-03-15 02:00:00] WARN: Found 2 urgent item(s) requiring attention[0m
[0;32m[2026-03-15 02:30:00] INFO: === Starting Heartbeat + Maintenance ===[0m
[0;32m[2026-03-15 02:30:00] INFO: Quiet hours (23:00-08:00), running minimal checks only[0m
[0;32m[2026-03-15 02:30:00] INFO: Checking HEARTBEAT conditions...[0m
[1;33m[2026-03-15 02:30:00] WARN: Alert triggered: IHS Towers email detected - URGENT[0m
[1;33m[2026-03-15 02:30:00] WARN: Failed to send iMessage alert to temikolawole@icloud.com[0m
[1;33m[2026-03-15 02:30:00] WARN: Alert triggered: Deadline within 24 hours[0m
[1;33m[2026-03-15 02:30:00] WARN: Failed to send iMessage alert to temikolawole@icloud.com[0m
[0;34m[2026-03-15 02:30:00] DEBUG: Checking calendar for next 48 hours...[0m
[0;34m[2026-03-15 02:30:00] DEBUG: Checking IHS Towers follow-ups...[0m
[1;33m[2026-03-15 02:30:00] WARN: Found 2 urgent item(s) requiring attention[0m
[0;32m[2026-03-15 03:00:00] INFO: === Starting Heartbeat + Maintenance ===[0m
[0;32m[2026-03-15 03:00:00] INFO: Quiet hours (23:00-08:00), running minimal checks only[0m
[0;32m[2026-03-15 03:00:00] INFO: Checking HEARTBEAT conditions...[0m
[1;33m[2026-03-15 03:00:00] WARN: Alert triggered: IHS Towers email detected - URGENT[0m
[1;33m[2026-03-15 03:00:00] WARN: Failed to send iMessage alert to temikolawole@icloud.com[0m
[1;33m[2026-03-15 03:00:00] WARN: Alert triggered: Deadline within 24 hours[0m
[1;33m[2026-03-15 03:00:00] WARN: Failed to send iMessage alert to temikolawole@icloud.com[0m
[0;34m[2026-03-15 03:00:00] DEBUG: Checking calendar for next 48 hours...[0m
[0;34m[2026-03-15 03:00:00] DEBUG: Checking IHS Towers follow-ups...[0m
[1;33m[2026-03-15 03:00:00] WARN: Found 2 urgent item(s) requiring attention[0m
[0;32m[2026-03-15 03:30:00] INFO: === Starting Heartbeat + Maintenance ===[0m
[0;32m[2026-03-15 03:30:00] INFO: Quiet hours (23:00-08:00), running minimal checks only[0m
[0;32m[2026-03-15 03:30:00] INFO: Checking HEARTBEAT conditions...[0m
[1;33m[2026-03-15 03:30:00] WARN: Alert triggered: IHS Towers email detected - URGENT[0m
[1;33m[2026-03-15 03:30:00] WARN: Failed to send iMessage alert to temikolawole@icloud.com[0m
[1;33m[2026-03-15 03:30:00] WARN: Alert triggered: Deadline within 24 hours[0m
[1;33m[2026-03-15 03:30:00] WARN: Failed to send iMessage alert to temikolawole@icloud.com[0m
[0;34m[2026-03-15 03:30:00] DEBUG: Checking calendar for next 48 hours...[0m
[0;32m[2026-03-15 03:30:00] INFO: Found 1 upcoming event(s) in next 48 hours[0m
[0;32m[2026-03-15 04:00:00] INFO: === Starting Heartbeat + Maintenance ===[0m
[0;32m[2026-03-15 04:00:00] INFO: Quiet hours (23:00-08:00), running minimal checks only[0m
[0;32m[2026-03-15 04:00:00] INFO: Checking HEARTBEAT conditions...[0m
[1;33m[2026-03-15 04:00:00] WARN: Alert triggered: IHS Towers email detected - URGENT[0m
[1;33m[2026-03-15 04:00:00] WARN: Failed to send iMessage alert to temikolawole@icloud.com[0m
[1;33m[2026-03-15 04:00:00] WARN: Alert triggered: Deadline within 24 hours[0m
[1;33m[2026-03-15 04:00:00] WARN: Failed to send iMessage alert to temikolawole@icloud.com[0m
[0;34m[2026-03-15 04:00:00] DEBUG: Checking calendar for next 48 hours...[0m
[0;34m[2026-03-15 04:00:00] DEBUG: Checking IHS Towers follow-ups...[0m
[1;33m[2026-03-15 04:00:00] WARN: Found 2 urgent item(s) requiring attention[0m
[0;32m[2026-03-15 04:30:00] INFO: === Starting Heartbeat + Maintenance ===[0m
[0;32m[2026-03-15 04:30:00] INFO: Quiet hours (23:00-08:00), running minimal checks only[0m
[0;32m[2026-03-15 04:30:00] INFO: Checking HEARTBEAT conditions...[0m
[1;33m[2026-03-15 04:30:00] WARN: Alert triggered: IHS Towers email detected - URGENT[0m
[1;33m[2026-03-15 04:30:00] WARN: Failed to send iMessage alert to temikolawole@icloud.com[0m
[1;33m[2026-03-15 04:30:00] WARN: Alert triggered: Deadline within 24 hours[0m
[1;33m[2026-03-15 04:30:00] WARN: Failed to send iMessage alert to temikolawole@icloud.com[0m
[0;34m[2026-03-15 04:30:00] DEBUG: Checking calendar for next 48 hours...[0m
[0;34m[2026-03-15 04:30:00] DEBUG: Checking IHS Towers follow-ups...[0m
[1;33m[2026-03-15 04:30:00] WARN: Found 2 urgent item(s) requiring attention[0m
[0;32m[2026-03-15 05:00:00] INFO: === Starting Heartbeat + Maintenance ===[0m
[0;32m[2026-03-15 05:00:00] INFO: Quiet hours (23:00-08:00), running minimal checks only[0m
[0;32m[2026-03-15 05:00:00] INFO: Checking HEARTBEAT conditions...[0m
[1;33m[2026-03-15 05:00:00] WARN: Alert triggered: IHS Towers email detected - URGENT[0m
[1;33m[2026-03-15 05:00:00] WARN: Failed to send iMessage alert to temikolawole@icloud.com[0m
[1;33m[2026-03-15 05:00:00] WARN: Alert triggered: Deadline within 24 hours[0m
[1;33m[2026-03-15 05:00:00] WARN: Failed to send iMessage alert to temikolawole@icloud.com[0m
[0;34m[2026-03-15 05:00:00] DEBUG: Checking calendar for next 48 hours...[0m
[0;34m[2026-03-15 05:00:00] DEBUG: Checking IHS Towers follow-ups...[0m
[1;33m[2026-03-15 05:00:00] WARN: Found 2 urgent item(s) requiring attention[0m
[0;32m[2026-03-15 05:30:01] INFO: === Starting Heartbeat + Maintenance ===[0m
[0;32m[2026-03-15 05:30:01] INFO: Quiet hours (23:00-08:00), running minimal checks only[0m
[0;32m[2026-03-15 05:30:01] INFO: Checking HEARTBEAT conditions...[0m
[1;33m[2026-03-15 05:30:01] WARN: Alert triggered: IHS Towers email detected - URGENT[0m
[1;33m[2026-03-15 05:30:01] WARN: Failed to send iMessage alert to temikolawole@icloud.com[0m
[1;33m[2026-03-15 05:30:01] WARN: Alert triggered: Deadline within 24 hours[0m
[1;33m[2026-03-15 05:30:01] WARN: Failed to send iMessage alert to temikolawole@icloud.com[0m
[0;34m[2026-03-15 05:30:01] DEBUG: Checking calendar for next 48 hours...[0m
[0;34m[2026-03-15 05:30:01] DEBUG: Checking IHS Towers follow-ups...[0m
[1;33m[2026-03-15 05:30:01] WARN: Found 2 urgent item(s) requiring attention[0m
[0;32m[2026-03-15 06:00:00] INFO: === Starting Heartbeat + Maintenance ===[0m
[0;32m[2026-03-15 06:00:00] INFO: Quiet hours (23:00-08:00), running minimal checks only[0m
[0;32m[2026-03-15 06:00:00] INFO: Checking HEARTBEAT conditions...[0m
[1;33m[2026-03-15 06:00:00] WARN: Alert triggered: IHS Towers email detected - URGENT[0m
[1;33m[2026-03-15 06:00:00] WARN: Failed to send iMessage alert to temikolawole@icloud.com[0m
[1;33m[2026-03-15 06:00:00] WARN: Alert triggered: Deadline within 24 hours[0m
[1;33m[2026-03-15 06:00:00] WARN: Failed to send iMessage alert to temikolawole@icloud.com[0m
[0;34m[2026-03-15 06:00:00] DEBUG: Checking calendar for next 48 hours...[0m
[0;34m[2026-03-15 06:00:00] DEBUG: Checking IHS Towers follow-ups...[0m
[1;33m[2026-03-15 06:00:00] WARN: Found 2 urgent item(s) requiring attention[0m
[0;32m[2026-03-15 06:30:00] INFO: === Starting Heartbeat + Maintenance ===[0m
[0;32m[2026-03-15 06:30:00] INFO: Quiet hours (23:00-08:00), running minimal checks only[0m
[0;32m[2026-03-15 06:30:00] INFO: Checking HEARTBEAT conditions...[0m
[1;33m[2026-03-15 06:30:00] WARN: Alert triggered: IHS Towers email detected - URGENT[0m
[1;33m[2026-03-15 06:30:00] WARN: Failed to send iMessage alert to temikolawole@icloud.com[0m
[1;33m[2026-03-15 06:30:00] WARN: Alert triggered: Deadline within 24 hours[0m
[1;33m[2026-03-15 06:30:00] WARN: Failed to send iMessage alert to temikolawole@icloud.com[0m
[0;34m[2026-03-15 06:30:00] DEBUG: Checking calendar for next 48 hours...[0m
[0;34m[2026-03-15 06:30:00] DEBUG: Checking IHS Towers follow-ups...[0m
[1;33m[2026-03-15 06:30:00] WARN: Found 2 urgent item(s) requiring attention[0m
[0;32m[2026-03-15 07:00:01] INFO: === Starting Heartbeat + Maintenance ===[0m
[0;32m[2026-03-15 07:00:01] INFO: Quiet hours (23:00-08:00), running minimal checks only[0m
[0;32m[2026-03-15 07:00:01] INFO: Checking HEARTBEAT conditions...[0m
[1;33m[2026-03-15 07:00:01] WARN: Alert triggered: IHS Towers email detected - URGENT[0m
[1;33m[2026-03-15 07:00:01] WARN: Failed to send iMessage alert to temikolawole@icloud.com[0m
[1;33m[2026-03-15 07:00:01] WARN: Alert triggered: Deadline within 24 hours[0m
[1;33m[2026-03-15 07:00:01] WARN: Failed to send iMessage alert to temikolawole@icloud.com[0m
[0;34m[2026-03-15 07:00:01] DEBUG: Checking calendar for next 48 hours...[0m
[0;34m[2026-03-15 07:00:01] DEBUG: Checking IHS Towers follow-ups...[0m
[1;33m[2026-03-15 07:00:01] WARN: Found 2 urgent item(s) requiring attention[0m
[0;32m[2026-03-15 07:30:00] INFO: === Starting Heartbeat + Maintenance ===[0m
[0;32m[2026-03-15 07:30:01] INFO: Quiet hours (23:00-08:00), running minimal checks only[0m
[0;32m[2026-03-15 07:30:01] INFO: Checking HEARTBEAT conditions...[0m
[1;33m[2026-03-15 07:30:01] WARN: Alert triggered: IHS Towers email detected - URGENT[0m
[1;33m[2026-03-15 07:30:01] WARN: Failed to send iMessage alert to temikolawole@icloud.com[0m
[1;33m[2026-03-15 07:30:01] WARN: Alert triggered: Deadline within 24 hours[0m
[1;33m[2026-03-15 07:30:01] WARN: Failed to send iMessage alert to temikolawole@icloud.com[0m
[0;34m[2026-03-15 07:30:01] DEBUG: Checking calendar for next 48 hours...[0m
[0;34m[2026-03-15 07:30:01] DEBUG: Checking IHS Towers follow-ups...[0m
[1;33m[2026-03-15 07:30:01] WARN: Found 2 urgent item(s) requiring attention[0m
[0;32m[2026-03-15 08:00:00] INFO: === Starting Heartbeat + Maintenance ===[0m
[0;32m[2026-03-15 08:00:00] INFO: Checking HEARTBEAT conditions...[0m
[1;33m[2026-03-15 08:00:00] WARN: Alert triggered: IHS Towers email detected - URGENT[0m
[1;33m[2026-03-15 08:00:00] WARN: Failed to send iMessage alert to temikolawole@icloud.com[0m
[1;33m[2026-03-15 08:00:00] WARN: Alert triggered: Deadline within 24 hours[0m
[1;33m[2026-03-15 08:00:00] WARN: Failed to send iMessage alert to temikolawole@icloud.com[0m
[0;34m[2026-03-15 08:00:00] DEBUG: Checking calendar for next 48 hours...[0m
[0;34m[2026-03-15 08:00:00] DEBUG: Checking IHS Towers follow-ups...[0m
[1;33m[2026-03-15 08:00:00] WARN: Found 2 urgent item(s) requiring attention[0m
[0;32m[2026-03-15 08:30:00] INFO: === Starting Heartbeat + Maintenance ===[0m
[0;32m[2026-03-15 08:30:00] INFO: Checking HEARTBEAT conditions...[0m
[1;33m[2026-03-15 08:30:00] WARN: Alert triggered: IHS Towers email detected - URGENT[0m
[1;33m[2026-03-15 08:30:00] WARN: Failed to send iMessage alert to temikolawole@icloud.com[0m
[1;33m[2026-03-15 08:30:00] WARN: Alert triggered: Deadline within 24 hours[0m
[1;33m[2026-03-15 08:30:00] WARN: Failed to send iMessage alert to temikolawole@icloud.com[0m
[0;34m[2026-03-15 08:30:00] DEBUG: Checking calendar for next 48 hours...[0m
[0;34m[2026-03-15 08:30:00] DEBUG: Checking IHS Towers follow-ups...[0m
[1;33m[2026-03-15 08:30:00] WARN: Found 2 urgent item(s) requiring attention[0m
[0;32m[2026-03-15 09:00:01] INFO: === Starting Heartbeat + Maintenance ===[0m
[0;32m[2026-03-15 09:00:01] INFO: Checking HEARTBEAT conditions...[0m
[1;33m[2026-03-15 09:00:01] WARN: Alert triggered: IHS Towers email detected - URGENT[0m
[1;33m[2026-03-15 09:00:01] WARN: Failed to send iMessage alert to temikolawole@icloud.com[0m
[1;33m[2026-03-15 09:00:01] WARN: Alert triggered: Deadline within 24 hours[0m
[1;33m[2026-03-15 09:00:01] WARN: Failed to send iMessage alert to temikolawole@icloud.com[0m
[0;34m[2026-03-15 09:00:01] DEBUG: Checking calendar for next 48 hours...[0m
[0;34m[2026-03-15 09:00:01] DEBUG: Checking IHS Towers follow-ups...[0m
[1;33m[2026-03-15 09:00:01] WARN: Found 2 urgent item(s) requiring attention[0m
[0;32m[2026-03-15 09:30:00] INFO: === Starting Heartbeat + Maintenance ===[0m
[0;32m[2026-03-15 09:30:00] INFO: Checking HEARTBEAT conditions...[0m
[1;33m[2026-03-15 09:30:00] WARN: Alert triggered: IHS Towers email detected - URGENT[0m
[1;33m[2026-03-15 09:30:00] WARN: Failed to send iMessage alert to temikolawole@icloud.com[0m
[1;33m[2026-03-15 09:30:00] WARN: Alert triggered: Deadline within 24 hours[0m
[1;33m[2026-03-15 09:30:00] WARN: Failed to send iMessage alert to temikolawole@icloud.com[0m
[0;34m[2026-03-15 09:30:00] DEBUG: Checking calendar for next 48 hours...[0m
[0;34m[2026-03-15 09:30:00] DEBUG: Checking IHS Towers follow-ups...[0m
[1;33m[2026-03-15 09:30:00] WARN: Found 2 urgent item(s) requiring attention[0m
[0;32m[2026-03-15 10:00:01] INFO: === Starting Heartbeat + Maintenance ===[0m
[0;32m[2026-03-15 10:00:01] INFO: Checking HEARTBEAT conditions...[0m
[1;33m[2026-03-15 10:00:01] WARN: Alert triggered: IHS Towers email detected - URGENT[0m
[1;33m[2026-03-15 10:00:01] WARN: Failed to send iMessage alert to temikolawole@icloud.com[0m
[1;33m[2026-03-15 10:00:01] WARN: Alert triggered: Deadline within 24 hours[0m
[1;33m[2026-03-15 10:00:01] WARN: Failed to send iMessage alert to temikolawole@icloud.com[0m
[0;34m[2026-03-15 10:00:01] DEBUG: Checking calendar for next 48 hours...[0m
[0;34m[2026-03-15 10:00:01] DEBUG: Checking IHS Towers follow-ups...[0m
[1;33m[2026-03-15 10:00:01] WARN: Found 2 urgent item(s) requiring attention[0m
[0;32m[2026-03-15 10:30:00] INFO: === Starting Heartbeat + Maintenance ===[0m
[0;32m[2026-03-15 10:30:00] INFO: Checking HEARTBEAT conditions...[0m
[1;33m[2026-03-15 10:30:00] WARN: Alert triggered: IHS Towers email detected - URGENT[0m
[1;33m[2026-03-15 10:30:00] WARN: Failed to send iMessage alert to temikolawole@icloud.com[0m
[1;33m[2026-03-15 10:30:00] WARN: Alert triggered: Deadline within 24 hours[0m
[1;33m[2026-03-15 10:30:00] WARN: Failed to send iMessage alert to temikolawole@icloud.com[0m
[0;34m[2026-03-15 10:30:00] DEBUG: Checking calendar for next 48 hours...[0m
[0;34m[2026-03-15 10:30:00] DEBUG: Checking IHS Towers follow-ups...[0m
[1;33m[2026-03-15 10:30:00] WARN: Found 2 urgent item(s) requiring attention[0m
[0;32m[2026-03-15 11:00:00] INFO: === Starting Heartbeat + Maintenance ===[0m
[0;32m[2026-03-15 11:00:00] INFO: Checking HEARTBEAT conditions...[0m
[1;33m[2026-03-15 11:00:00] WARN: Alert triggered: IHS Towers email detected - URGENT[0m
[1;33m[2026-03-15 11:00:00] WARN: Failed to send iMessage alert to temikolawole@icloud.com[0m
[1;33m[2026-03-15 11:00:00] WARN: Alert triggered: Deadline within 24 hours[0m
[1;33m[2026-03-15 11:00:00] WARN: Failed to send iMessage alert to temikolawole@icloud.com[0m
[0;34m[2026-03-15 11:00:00] DEBUG: Checking calendar for next 48 hours...[0m
[0;34m[2026-03-15 11:00:00] DEBUG: Checking IHS Towers follow-ups...[0m
[1;33m[2026-03-15 11:00:00] WARN: Found 2 urgent item(s) requiring attention[0m
[0;32m[2026-03-15 11:30:00] INFO: === Starting Heartbeat + Maintenance ===[0m
[0;32m[2026-03-15 11:30:00] INFO: Checking HEARTBEAT conditions...[0m
[1;33m[2026-03-15 11:30:00] WARN: Alert triggered: IHS Towers email detected - URGENT[0m
[1;33m[2026-03-15 11:30:00] WARN: Failed to send iMessage alert to temikolawole@icloud.com[0m
[1;33m[2026-03-15 11:30:00] WARN: Alert triggered: Deadline within 24 hours[0m
[1;33m[2026-03-15 11:30:00] WARN: Failed to send iMessage alert to temikolawole@icloud.com[0m
[0;34m[2026-03-15 11:30:00] DEBUG: Checking calendar for next 48 hours...[0m
[0;34m[2026-03-15 11:30:00] DEBUG: Checking IHS Towers follow-ups...[0m
[1;33m[2026-03-15 11:30:00] WARN: Found 2 urgent item(s) requiring attention[0m
[0;32m[2026-03-15 12:00:00] INFO: === Starting Heartbeat + Maintenance ===[0m
[0;32m[2026-03-15 12:00:00] INFO: Checking HEARTBEAT conditions...[0m
[1;33m[2026-03-15 12:00:00] WARN: Alert triggered: IHS Towers email detected - URGENT[0m
[1;33m[2026-03-15 12:00:00] WARN: Failed to send iMessage alert to temikolawole@icloud.com[0m
[1;33m[2026-03-15 12:00:00] WARN: Alert triggered: Deadline within 24 hours[0m
[1;33m[2026-03-15 12:00:00] WARN: Failed to send iMessage alert to temikolawole@icloud.com[0m
[0;34m[2026-03-15 12:00:00] DEBUG: Checking calendar for next 48 hours...[0m
[0;34m[2026-03-15 12:00:00] DEBUG: Checking IHS Towers follow-ups...[0m
[1;33m[2026-03-15 12:00:00] WARN: Found 2 urgent item(s) requiring attention[0m
[0;32m[2026-03-15 12:30:00] INFO: === Starting Heartbeat + Maintenance ===[0m
[0;32m[2026-03-15 12:30:00] INFO: Checking HEARTBEAT conditions...[0m
[1;33m[2026-03-15 12:30:00] WARN: Alert triggered: IHS Towers email detected - URGENT[0m
[1;33m[2026-03-15 12:30:00] WARN: Failed to send iMessage alert to temikolawole@icloud.com[0m
[1;33m[2026-03-15 12:30:00] WARN: Alert triggered: Deadline within 24 hours[0m
[1;33m[2026-03-15 12:30:00] WARN: Failed to send iMessage alert to temikolawole@icloud.com[0m
[0;34m[2026-03-15 12:30:00] DEBUG: Checking calendar for next 48 hours...[0m
[0;32m[2026-03-15 12:30:00] INFO: Found 3 upcoming event(s) in next 48 hours[0m
[0;32m[2026-03-15 13:00:00] INFO: === Starting Heartbeat + Maintenance ===[0m
[0;32m[2026-03-15 13:00:00] INFO: Checking HEARTBEAT conditions...[0m
[1;33m[2026-03-15 13:00:00] WARN: Alert triggered: IHS Towers email detected - URGENT[0m
[1;33m[2026-03-15 13:00:01] WARN: Failed to send iMessage alert to temikolawole@icloud.com[0m
[1;33m[2026-03-15 13:00:01] WARN: Alert triggered: Deadline within 24 hours[0m
[1;33m[2026-03-15 13:00:01] WARN: Failed to send iMessage alert to temikolawole@icloud.com[0m
[0;34m[2026-03-15 13:00:01] DEBUG: Checking calendar for next 48 hours...[0m
[0;34m[2026-03-15 13:00:01] DEBUG: Checking IHS Towers follow-ups...[0m
[1;33m[2026-03-15 13:00:01] WARN: Found 2 urgent item(s) requiring attention[0m
[0;32m[2026-03-15 13:30:00] INFO: === Starting Heartbeat + Maintenance ===[0m
[0;32m[2026-03-15 13:30:00] INFO: Checking HEARTBEAT conditions...[0m
[1;33m[2026-03-15 13:30:00] WARN: Alert triggered: IHS Towers email detected - URGENT[0m
[1;33m[2026-03-15 13:30:00] WARN: Failed to send iMessage alert to temikolawole@icloud.com[0m
[1;33m[2026-03-15 13:30:00] WARN: Alert triggered: Deadline within 24 hours[0m
[1;33m[2026-03-15 13:30:00] WARN: Failed to send iMessage alert to temikolawole@icloud.com[0m
[0;34m[2026-03-15 13:30:00] DEBUG: Checking calendar for next 48 hours...[0m
[0;34m[2026-03-15 13:30:00] DEBUG: Checking IHS Towers follow-ups...[0m
[1;33m[2026-03-15 13:30:00] WARN: Found 2 urgent item(s) requiring attention[0m
[0;32m[2026-03-15 14:00:00] INFO: === Starting Heartbeat + Maintenance ===[0m
[0;32m[2026-03-15 14:00:00] INFO: Checking HEARTBEAT conditions...[0m
[1;33m[2026-03-15 14:00:00] WARN: Alert triggered: IHS Towers email detected - URGENT[0m
[1;33m[2026-03-15 14:00:00] WARN: Failed to send iMessage alert to temikolawole@icloud.com[0m
[1;33m[2026-03-15 14:00:00] WARN: Alert triggered: Deadline within 24 hours[0m
[1;33m[2026-03-15 14:00:00] WARN: Failed to send iMessage alert to temikolawole@icloud.com[0m
[0;34m[2026-03-15 14:00:00] DEBUG: Checking calendar for next 48 hours...[0m
[0;34m[2026-03-15 14:00:00] DEBUG: Checking IHS Towers follow-ups...[0m
[1;33m[2026-03-15 14:00:00] WARN: Found 2 urgent item(s) requiring attention[0m
[0;32m[2026-03-15 14:30:00] INFO: === Starting Heartbeat + Maintenance ===[0m
[0;32m[2026-03-15 14:30:00] INFO: Checking HEARTBEAT conditions...[0m
[1;33m[2026-03-15 14:30:00] WARN: Alert triggered: IHS Towers email detected - URGENT[0m
[1;33m[2026-03-15 14:30:00] WARN: Failed to send iMessage alert to temikolawole@icloud.com[0m
[1;33m[2026-03-15 14:30:00] WARN: Alert triggered: Deadline within 24 hours[0m
[1;33m[2026-03-15 14:30:00] WARN: Failed to send iMessage alert to temikolawole@icloud.com[0m
[0;34m[2026-03-15 14:30:00] DEBUG: Checking calendar for next 48 hours...[0m
[0;32m[2026-03-15 14:30:00] INFO: Found 2 upcoming event(s) in next 48 hours[0m
[0;32m[2026-03-15 15:00:00] INFO: === Starting Heartbeat + Maintenance ===[0m
[0;32m[2026-03-15 15:00:00] INFO: Checking HEARTBEAT conditions...[0m
[1;33m[2026-03-15 15:00:00] WARN: Alert triggered: IHS Towers email detected - URGENT[0m
[1;33m[2026-03-15 15:00:00] WARN: Failed to send iMessage alert to temikolawole@icloud.com[0m
[1;33m[2026-03-15 15:00:00] WARN: Alert triggered: Deadline within 24 hours[0m
[1;33m[2026-03-15 15:00:00] WARN: Failed to send iMessage alert to temikolawole@icloud.com[0m
[0;34m[2026-03-15 15:00:00] DEBUG: Checking calendar for next 48 hours...[0m
[0;32m[2026-03-15 15:00:00] INFO: Found 1 upcoming event(s) in next 48 hours[0m
[0;32m[2026-03-15 15:30:00] INFO: === Starting Heartbeat + Maintenance ===[0m
[0;32m[2026-03-15 15:30:00] INFO: Checking HEARTBEAT conditions...[0m
[1;33m[2026-03-15 15:30:00] WARN: Alert triggered: IHS Towers email detected - URGENT[0m
[1;33m[2026-03-15 15:30:01] WARN: Failed to send iMessage alert to temikolawole@icloud.com[0m
[1;33m[2026-03-15 15:30:01] WARN: Alert triggered: Deadline within 24 hours[0m
[1;33m[2026-03-15 15:30:01] WARN: Failed to send iMessage alert to temikolawole@icloud.com[0m
[0;34m[2026-03-15 15:30:01] DEBUG: Checking calendar for next 48 hours...[0m
[0;34m[2026-03-15 15:30:01] DEBUG: Checking IHS Towers follow-ups...[0m
[1;33m[2026-03-15 15:30:01] WARN: Found 2 urgent item(s) requiring attention[0m
[0;32m[2026-03-15 16:00:00] INFO: === Starting Heartbeat + Maintenance ===[0m
[0;32m[2026-03-15 16:00:00] INFO: Checking HEARTBEAT conditions...[0m
[1;33m[2026-03-15 16:00:00] WARN: Alert triggered: IHS Towers email detected - URGENT[0m
[1;33m[2026-03-15 16:00:00] WARN: Failed to send iMessage alert to temikolawole@icloud.com[0m
[1;33m[2026-03-15 16:00:00] WARN: Alert triggered: Deadline within 24 hours[0m
[1;33m[2026-03-15 16:00:00] WARN: Failed to send iMessage alert to temikolawole@icloud.com[0m
[0;34m[2026-03-15 16:00:00] DEBUG: Checking calendar for next 48 hours...[0m
[0;34m[2026-03-15 16:00:00] DEBUG: Checking IHS Towers follow-ups...[0m
[1;33m[2026-03-15 16:00:00] WARN: Found 2 urgent item(s) requiring attention[0m
[0;32m[2026-03-15 16:30:00] INFO: === Starting Heartbeat + Maintenance ===[0m
[0;32m[2026-03-15 16:30:00] INFO: Checking HEARTBEAT conditions...[0m
[1;33m[2026-03-15 16:30:00] WARN: Alert triggered: IHS Towers email detected - URGENT[0m
[1;33m[2026-03-15 16:30:00] WARN: Failed to send iMessage alert to temikolawole@icloud.com[0m
[1;33m[2026-03-15 16:30:00] WARN: Alert triggered: Deadline within 24 hours[0m
[1;33m[2026-03-15 16:30:00] WARN: Failed to send iMessage alert to temikolawole@icloud.com[0m
[0;34m[2026-03-15 16:30:00] DEBUG: Checking calendar for next 48 hours...[0m
[0;34m[2026-03-15 16:30:00] DEBUG: Checking IHS Towers follow-ups...[0m
[1;33m[2026-03-15 16:30:00] WARN: Found 2 urgent item(s) requiring attention[0m
[0;32m[2026-03-15 17:00:00] INFO: === Starting Heartbeat + Maintenance ===[0m
[0;32m[2026-03-15 17:00:00] INFO: Checking HEARTBEAT conditions...[0m
[1;33m[2026-03-15 17:00:00] WARN: Alert triggered: IHS Towers email detected - URGENT[0m
[1;33m[2026-03-15 17:00:00] WARN: Failed to send iMessage alert to temikolawole@icloud.com[0m
[1;33m[2026-03-15 17:00:00] WARN: Alert triggered: Deadline within 24 hours[0m
[1;33m[2026-03-15 17:00:00] WARN: Failed to send iMessage alert to temikolawole@icloud.com[0m
[0;34m[2026-03-15 17:00:00] DEBUG: Checking calendar for next 48 hours...[0m
[0;32m[2026-03-15 17:00:00] INFO: Found 2 upcoming event(s) in next 48 hours[0m
[0;32m[2026-03-15 17:30:00] INFO: === Starting Heartbeat + Maintenance ===[0m
[0;32m[2026-03-15 17:30:00] INFO: Checking HEARTBEAT conditions...[0m
[1;33m[2026-03-15 17:30:00] WARN: Alert triggered: IHS Towers email detected - URGENT[0m
[1;33m[2026-03-15 17:30:00] WARN: Failed to send iMessage alert to temikolawole@icloud.com[0m
[1;33m[2026-03-15 17:30:00] WARN: Alert triggered: Deadline within 24 hours[0m
[1;33m[2026-03-15 17:30:00] WARN: Failed to send iMessage alert to temikolawole@icloud.com[0m
[0;34m[2026-03-15 17:30:00] DEBUG: Checking calendar for next 48 hours...[0m
[0;32m[2026-03-15 17:30:00] INFO: Found 1 upcoming event(s) in next 48 hours[0m
[0;32m[2026-03-15 18:00:01] INFO: === Starting Heartbeat + Maintenance ===[0m
[0;32m[2026-03-15 18:00:01] INFO: Checking HEARTBEAT conditions...[0m
[1;33m[2026-03-15 18:00:01] WARN: Alert triggered: IHS Towers email detected - URGENT[0m
[1;33m[2026-03-15 18:00:01] WARN: Failed to send iMessage alert to temikolawole@icloud.com[0m
[1;33m[2026-03-15 18:00:01] WARN: Alert triggered: Deadline within 24 hours[0m
[1;33m[2026-03-15 18:00:01] WARN: Failed to send iMessage alert to temikolawole@icloud.com[0m
[0;34m[2026-03-15 18:00:01] DEBUG: Checking calendar for next 48 hours...[0m
[0;34m[2026-03-15 18:00:01] DEBUG: Checking IHS Towers follow-ups...[0m
[1;33m[2026-03-15 18:00:01] WARN: Found 2 urgent item(s) requiring attention[0m
[0;32m[2026-03-15 18:30:01] INFO: === Starting Heartbeat + Maintenance ===[0m
[0;32m[2026-03-15 18:30:01] INFO: Checking HEARTBEAT conditions...[0m
[1;33m[2026-03-15 18:30:01] WARN: Alert triggered: IHS Towers email detected - URGENT[0m
[1;33m[2026-03-15 18:30:01] WARN: Failed to send iMessage alert to temikolawole@icloud.com[0m
[1;33m[2026-03-15 18:30:01] WARN: Alert triggered: Deadline within 24 hours[0m
[1;33m[2026-03-15 18:30:01] WARN: Failed to send iMessage alert to temikolawole@icloud.com[0m
[0;34m[2026-03-15 18:30:01] DEBUG: Checking calendar for next 48 hours...[0m
[0;34m[2026-03-15 18:30:01] DEBUG: Checking IHS Towers follow-ups...[0m
[1;33m[2026-03-15 18:30:01] WARN: Found 2 urgent item(s) requiring attention[0m
[0;32m[2026-03-15 19:00:01] INFO: === Starting Heartbeat + Maintenance ===[0m
[0;32m[2026-03-15 19:00:01] INFO: Checking HEARTBEAT conditions...[0m
[1;33m[2026-03-15 19:00:01] WARN: Alert triggered: IHS Towers email detected - URGENT[0m
[1;33m[2026-03-15 19:00:01] WARN: Failed to send iMessage alert to temikolawole@icloud.com[0m
[1;33m[2026-03-15 19:00:01] WARN: Alert triggered: Deadline within 24 hours[0m
[1;33m[2026-03-15 19:00:01] WARN: Failed to send iMessage alert to temikolawole@icloud.com[0m
[0;34m[2026-03-15 19:00:01] DEBUG: Checking calendar for next 48 hours...[0m
[0;34m[2026-03-15 19:00:01] DEBUG: Checking IHS Towers follow-ups...[0m
[1;33m[2026-03-15 19:00:01] WARN: Found 2 urgent item(s) requiring attention[0m
[0;32m[2026-03-15 19:30:00] INFO: === Starting Heartbeat + Maintenance ===[0m
[0;32m[2026-03-15 19:30:00] INFO: Checking HEARTBEAT conditions...[0m
[1;33m[2026-03-15 19:30:00] WARN: Alert triggered: IHS Towers email detected - URGENT[0m
[1;33m[2026-03-15 19:30:00] WARN: Failed to send iMessage alert to temikolawole@icloud.com[0m
[1;33m[2026-03-15 19:30:00] WARN: Alert triggered: Deadline within 24 hours[0m
[1;33m[2026-03-15 19:30:00] WARN: Failed to send iMessage alert to temikolawole@icloud.com[0m
[0;34m[2026-03-15 19:30:00] DEBUG: Checking calendar for next 48 hours...[0m
[0;34m[2026-03-15 19:30:00] DEBUG: Checking IHS Towers follow-ups...[0m
[1;33m[2026-03-15 19:30:00] WARN: Found 2 urgent item(s) requiring attention[0m
[0;32m[2026-03-15 20:00:00] INFO: === Starting Heartbeat + Maintenance ===[0m
[0;32m[2026-03-15 20:00:00] INFO: Checking HEARTBEAT conditions...[0m
[1;33m[2026-03-15 20:00:00] WARN: Alert triggered: IHS Towers email detected - URGENT[0m
[1;33m[2026-03-15 20:00:00] WARN: Failed to send iMessage alert to temikolawole@icloud.com[0m
[1;33m[2026-03-15 20:00:00] WARN: Alert triggered: Deadline within 24 hours[0m
[1;33m[2026-03-15 20:00:00] WARN: Failed to send iMessage alert to temikolawole@icloud.com[0m
[0;34m[2026-03-15 20:00:00] DEBUG: Checking calendar for next 48 hours...[0m
[0;34m[2026-03-15 20:00:00] DEBUG: Checking IHS Towers follow-ups...[0m
[1;33m[2026-03-15 20:00:00] WARN: Found 2 urgent item(s) requiring attention[0m
[0;32m[2026-03-15 20:30:01] INFO: === Starting Heartbeat + Maintenance ===[0m
[0;32m[2026-03-15 20:30:01] INFO: Checking HEARTBEAT conditions...[0m
[1;33m[2026-03-15 20:30:01] WARN: Alert triggered: IHS Towers email detected - URGENT[0m
[1;33m[2026-03-15 20:30:01] WARN: Failed to send iMessage alert to temikolawole@icloud.com[0m
[1;33m[2026-03-15 20:30:01] WARN: Alert triggered: Deadline within 24 hours[0m
[1;33m[2026-03-15 20:30:01] WARN: Failed to send iMessage alert to temikolawole@icloud.com[0m
[0;34m[2026-03-15 20:30:01] DEBUG: Checking calendar for next 48 hours...[0m
[0;34m[2026-03-15 20:30:01] DEBUG: Checking IHS Towers follow-ups...[0m
[1;33m[2026-03-15 20:30:01] WARN: Found 2 urgent item(s) requiring attention[0m
[0;32m[2026-03-15 21:00:00] INFO: === Starting Heartbeat + Maintenance ===[0m
[0;32m[2026-03-15 21:00:00] INFO: Checking HEARTBEAT conditions...[0m
[1;33m[2026-03-15 21:00:00] WARN: Alert triggered: IHS Towers email detected - URGENT[0m
[1;33m[2026-03-15 21:00:00] WARN: Failed to send iMessage alert to temikolawole@icloud.com[0m
[1;33m[2026-03-15 21:00:00] WARN: Alert triggered: Deadline within 24 hours[0m
[1;33m[2026-03-15 21:00:00] WARN: Failed to send iMessage alert to temikolawole@icloud.com[0m
[0;34m[2026-03-15 21:00:00] DEBUG: Checking calendar for next 48 hours...[0m
[0;34m[2026-03-15 21:00:00] DEBUG: Checking IHS Towers follow-ups...[0m
[1;33m[2026-03-15 21:00:00] WARN: Found 2 urgent item(s) requiring attention[0m
[0;32m[2026-03-15 21:30:00] INFO: === Starting Heartbeat + Maintenance ===[0m
[0;32m[2026-03-15 21:30:00] INFO: Checking HEARTBEAT conditions...[0m
[1;33m[2026-03-15 21:30:00] WARN: Alert triggered: IHS Towers email detected - URGENT[0m
[1;33m[2026-03-15 21:30:00] WARN: Failed to send iMessage alert to temikolawole@icloud.com[0m
[1;33m[2026-03-15 21:30:00] WARN: Alert triggered: Deadline within 24 hours[0m
[1;33m[2026-03-15 21:30:00] WARN: Failed to send iMessage alert to temikolawole@icloud.com[0m
[0;34m[2026-03-15 21:30:00] DEBUG: Checking calendar for next 48 hours...[0m
[0;32m[2026-03-15 21:30:00] INFO: Found 2 upcoming event(s) in next 48 hours[0m
[0;32m[2026-03-15 22:00:00] INFO: === Starting Heartbeat + Maintenance ===[0m
[0;32m[2026-03-15 22:00:00] INFO: Checking HEARTBEAT conditions...[0m
[1;33m[2026-03-15 22:00:00] WARN: Alert triggered: IHS Towers email detected - URGENT[0m
[1;33m[2026-03-15 22:00:00] WARN: Failed to send iMessage alert to temikolawole@icloud.com[0m
[1;33m[2026-03-15 22:00:00] WARN: Alert triggered: Deadline within 24 hours[0m
[1;33m[2026-03-15 22:00:00] WARN: Failed to send iMessage alert to temikolawole@icloud.com[0m
[0;34m[2026-03-15 22:00:00] DEBUG: Checking calendar for next 48 hours...[0m
[0;34m[2026-03-15 22:00:00] DEBUG: Checking IHS Towers follow-ups...[0m
[1;33m[2026-03-15 22:00:00] WARN: Found 2 urgent item(s) requiring attention[0m
[0;32m[2026-03-15 22:30:00] INFO: === Starting Heartbeat + Maintenance ===[0m
[0;32m[2026-03-15 22:30:00] INFO: Checking HEARTBEAT conditions...[0m
[1;33m[2026-03-15 22:30:00] WARN: Alert triggered: IHS Towers email detected - URGENT[0m
[1;33m[2026-03-15 22:30:00] WARN: Failed to send iMessage alert to temikolawole@icloud.com[0m
[1;33m[2026-03-15 22:30:00] WARN: Alert triggered: Deadline within 24 hours[0m
[1;33m[2026-03-15 22:30:00] WARN: Failed to send iMessage alert to temikolawole@icloud.com[0m
[0;34m[2026-03-15 22:30:00] DEBUG: Checking calendar for next 48 hours...[0m
[0;34m[2026-03-15 22:30:00] DEBUG: Checking IHS Towers follow-ups...[0m
[1;33m[2026-03-15 22:30:00] WARN: Found 2 urgent item(s) requiring attention[0m
[0;32m[2026-03-15 23:00:00] INFO: === Starting Heartbeat + Maintenance ===[0m
[0;32m[2026-03-15 23:00:00] INFO: Quiet hours (23:00-08:00), running minimal checks only[0m
[0;32m[2026-03-15 23:00:00] INFO: Checking HEARTBEAT conditions...[0m
[1;33m[2026-03-15 23:00:00] WARN: Alert triggered: IHS Towers email detected - URGENT[0m
[1;33m[2026-03-15 23:00:00] WARN: Failed to send iMessage alert to temikolawole@icloud.com[0m
[1;33m[2026-03-15 23:00:00] WARN: Alert triggered: Deadline within 24 hours[0m
[1;33m[2026-03-15 23:00:00] WARN: Failed to send iMessage alert to temikolawole@icloud.com[0m
[0;34m[2026-03-15 23:00:00] DEBUG: Checking calendar for next 48 hours...[0m
[0;34m[2026-03-15 23:00:00] DEBUG: Checking IHS Towers follow-ups...[0m
[1;33m[2026-03-15 23:00:00] WARN: Found 2 urgent item(s) requiring attention[0m
[0;32m[2026-03-15 23:30:01] INFO: === Starting Heartbeat + Maintenance ===[0m
[0;32m[2026-03-15 23:30:01] INFO: Quiet hours (23:00-08:00), running minimal checks only[0m
[0;32m[2026-03-15 23:30:01] INFO: Checking HEARTBEAT conditions...[0m
[1;33m[2026-03-15 23:30:01] WARN: Alert triggered: IHS Towers email detected - URGENT[0m
[1;33m[2026-03-15 23:30:01] WARN: Failed to send iMessage alert to temikolawole@icloud.com[0m
[1;33m[2026-03-15 23:30:01] WARN: Alert triggered: Deadline within 24 hours[0m
[1;33m[2026-03-15 23:30:01] WARN: Failed to send iMessage alert to temikolawole@icloud.com[0m
[0;34m[2026-03-15 23:30:01] DEBUG: Checking calendar for next 48 hours...[0m
[0;34m[2026-03-15 23:30:01] DEBUG: Checking IHS Towers follow-ups...[0m
[1;33m[2026-03-15 23:30:01] WARN: Found 2 urgent item(s) requiring attention[0m
[0;32m[2026-03-16 00:00:00] INFO: === Starting Heartbeat + Maintenance ===[0m
[0;32m[2026-03-16 00:00:00] INFO: Quiet hours (23:00-08:00), running minimal checks only[0m
[0;32m[2026-03-16 00:00:00] INFO: Checking HEARTBEAT conditions...[0m
[1;33m[2026-03-16 00:00:00] WARN: Alert triggered: IHS Towers email detected - URGENT[0m
[1;33m[2026-03-16 00:00:00] WARN: Failed to send iMessage alert to temikolawole@icloud.com[0m
[1;33m[2026-03-16 00:00:00] WARN: Alert triggered: Deadline within 24 hours[0m
[1;33m[2026-03-16 00:00:00] WARN: Failed to send iMessage alert to temikolawole@icloud.com[0m
[0;34m[2026-03-16 00:00:00] DEBUG: Checking calendar for next 48 hours...[0m
[0;32m[2026-03-16 00:00:00] INFO: Found 2 upcoming event(s) in next 48 hours[0m
[1;33m[2026-03-16 00:00:00] WARN: Meeting preparation may be needed for upcoming events[0m
[0;32m[2026-03-16 00:30:00] INFO: === Starting Heartbeat + Maintenance ===[0m
[0;32m[2026-03-16 00:30:00] INFO: Quiet hours (23:00-08:00), running minimal checks only[0m
[0;32m[2026-03-16 00:30:00] INFO: Checking HEARTBEAT conditions...[0m
[1;33m[2026-03-16 00:30:00] WARN: Alert triggered: IHS Towers email detected - URGENT[0m
[1;33m[2026-03-16 00:30:00] WARN: Failed to send iMessage alert to temikolawole@icloud.com[0m
[1;33m[2026-03-16 00:30:00] WARN: Alert triggered: Deadline within 24 hours[0m
[1;33m[2026-03-16 00:30:00] WARN: Failed to send iMessage alert to temikolawole@icloud.com[0m
[0;34m[2026-03-16 00:30:00] DEBUG: Checking calendar for next 48 hours...[0m
[0;34m[2026-03-16 00:30:00] DEBUG: Checking IHS Towers follow-ups...[0m
[1;33m[2026-03-16 00:30:00] WARN: Found 2 urgent item(s) requiring attention[0m
[0;32m[2026-03-16 01:00:00] INFO: === Starting Heartbeat + Maintenance ===[0m
[0;32m[2026-03-16 01:00:00] INFO: Quiet hours (23:00-08:00), running minimal checks only[0m
[0;32m[2026-03-16 01:00:00] INFO: Checking HEARTBEAT conditions...[0m
[1;33m[2026-03-16 01:00:00] WARN: Alert triggered: IHS Towers email detected - URGENT[0m
[1;33m[2026-03-16 01:00:00] WARN: Failed to send iMessage alert to temikolawole@icloud.com[0m
[1;33m[2026-03-16 01:00:00] WARN: Alert triggered: Deadline within 24 hours[0m
[1;33m[2026-03-16 01:00:00] WARN: Failed to send iMessage alert to temikolawole@icloud.com[0m
[0;34m[2026-03-16 01:00:00] DEBUG: Checking calendar for next 48 hours...[0m
[0;34m[2026-03-16 01:00:00] DEBUG: Checking IHS Towers follow-ups...[0m
[1;33m[2026-03-16 01:00:00] WARN: Found 2 urgent item(s) requiring attention[0m
[0;32m[2026-03-16 01:30:00] INFO: === Starting Heartbeat + Maintenance ===[0m
[0;32m[2026-03-16 01:30:00] INFO: Quiet hours (23:00-08:00), running minimal checks only[0m
[0;32m[2026-03-16 01:30:00] INFO: Checking HEARTBEAT conditions...[0m
[1;33m[2026-03-16 01:30:00] WARN: Alert triggered: IHS Towers email detected - URGENT[0m
[1;33m[2026-03-16 01:30:00] WARN: Failed to send iMessage alert to temikolawole@icloud.com[0m
[1;33m[2026-03-16 01:30:00] WARN: Alert triggered: Deadline within 24 hours[0m
[1;33m[2026-03-16 01:30:00] WARN: Failed to send iMessage alert to temikolawole@icloud.com[0m
[0;34m[2026-03-16 01:30:00] DEBUG: Checking calendar for next 48 hours...[0m
[0;34m[2026-03-16 01:30:00] DEBUG: Checking IHS Towers follow-ups...[0m
[1;33m[2026-03-16 01:30:00] WARN: Found 2 urgent item(s) requiring attention[0m
[0;32m[2026-03-16 02:00:00] INFO: === Starting Heartbeat + Maintenance ===[0m
[0;32m[2026-03-16 02:00:00] INFO: Quiet hours (23:00-08:00), running minimal checks only[0m
[0;32m[2026-03-16 02:00:00] INFO: Checking HEARTBEAT conditions...[0m
[1;33m[2026-03-16 02:00:00] WARN: Alert triggered: IHS Towers email detected - URGENT[0m
[1;33m[2026-03-16 02:00:00] WARN: Failed to send iMessage alert to temikolawole@icloud.com[0m
[1;33m[2026-03-16 02:00:00] WARN: Alert triggered: Deadline within 24 hours[0m
[1;33m[2026-03-16 02:00:00] WARN: Failed to send iMessage alert to temikolawole@icloud.com[0m
[0;34m[2026-03-16 02:00:00] DEBUG: Checking calendar for next 48 hours...[0m
[0;34m[2026-03-16 02:00:00] DEBUG: Checking IHS Towers follow-ups...[0m
[1;33m[2026-03-16 02:00:00] WARN: Found 2 urgent item(s) requiring attention[0m
[0;32m[2026-03-16 02:30:00] INFO: === Starting Heartbeat + Maintenance ===[0m
[0;32m[2026-03-16 02:30:00] INFO: Quiet hours (23:00-08:00), running minimal checks only[0m
[0;32m[2026-03-16 02:30:00] INFO: Checking HEARTBEAT conditions...[0m
[1;33m[2026-03-16 02:30:00] WARN: Alert triggered: IHS Towers email detected - URGENT[0m
[1;33m[2026-03-16 02:30:00] WARN: Failed to send iMessage alert to temikolawole@icloud.com[0m
[1;33m[2026-03-16 02:30:00] WARN: Alert triggered: Deadline within 24 hours[0m
[1;33m[2026-03-16 02:30:00] WARN: Failed to send iMessage alert to temikolawole@icloud.com[0m
[0;34m[2026-03-16 02:30:00] DEBUG: Checking calendar for next 48 hours...[0m
[0;32m[2026-03-16 02:30:00] INFO: Found 1 upcoming event(s) in next 48 hours[0m
[0;32m[2026-03-16 03:00:00] INFO: === Starting Heartbeat + Maintenance ===[0m
[0;32m[2026-03-16 03:00:00] INFO: Quiet hours (23:00-08:00), running minimal checks only[0m
[0;32m[2026-03-16 03:00:00] INFO: Checking HEARTBEAT conditions...[0m
[1;33m[2026-03-16 03:00:00] WARN: Alert triggered: IHS Towers email detected - URGENT[0m
[1;33m[2026-03-16 03:00:00] WARN: Failed to send iMessage alert to temikolawole@icloud.com[0m
[1;33m[2026-03-16 03:00:00] WARN: Alert triggered: Deadline within 24 hours[0m
[1;33m[2026-03-16 03:00:00] WARN: Failed to send iMessage alert to temikolawole@icloud.com[0m
[0;34m[2026-03-16 03:00:00] DEBUG: Checking calendar for next 48 hours...[0m
[0;34m[2026-03-16 03:00:00] DEBUG: Checking IHS Towers follow-ups...[0m
[1;33m[2026-03-16 03:00:00] WARN: Found 2 urgent item(s) requiring attention[0m
[0;32m[2026-03-16 03:30:00] INFO: === Starting Heartbeat + Maintenance ===[0m
[0;32m[2026-03-16 03:30:00] INFO: Quiet hours (23:00-08:00), running minimal checks only[0m
[0;32m[2026-03-16 03:30:00] INFO: Checking HEARTBEAT conditions...[0m
[1;33m[2026-03-16 03:30:00] WARN: Alert triggered: IHS Towers email detected - URGENT[0m
[1;33m[2026-03-16 03:30:00] WARN: Failed to send iMessage alert to temikolawole@icloud.com[0m
[1;33m[2026-03-16 03:30:00] WARN: Alert triggered: Deadline within 24 hours[0m
[1;33m[2026-03-16 03:30:00] WARN: Failed to send iMessage alert to temikolawole@icloud.com[0m
[0;34m[2026-03-16 03:30:00] DEBUG: Checking calendar for next 48 hours...[0m
[0;34m[2026-03-16 03:30:00] DEBUG: Checking IHS Towers follow-ups...[0m
[1;33m[2026-03-16 03:30:00] WARN: Found 2 urgent item(s) requiring attention[0m
[0;32m[2026-03-16 04:00:00] INFO: === Starting Heartbeat + Maintenance ===[0m
[0;32m[2026-03-16 04:00:00] INFO: Quiet hours (23:00-08:00), running minimal checks only[0m
[0;32m[2026-03-16 04:00:00] INFO: Checking HEARTBEAT conditions...[0m
[1;33m[2026-03-16 04:00:00] WARN: Alert triggered: IHS Towers email detected - URGENT[0m
[1;33m[2026-03-16 04:00:01] WARN: Failed to send iMessage alert to temikolawole@icloud.com[0m
[1;33m[2026-03-16 04:00:01] WARN: Alert triggered: Deadline within 24 hours[0m
[1;33m[2026-03-16 04:00:01] WARN: Failed to send iMessage alert to temikolawole@icloud.com[0m
[0;34m[2026-03-16 04:00:01] DEBUG: Checking calendar for next 48 hours...[0m
[0;34m[2026-03-16 04:00:01] DEBUG: Checking IHS Towers follow-ups...[0m
[1;33m[2026-03-16 04:00:01] WARN: Found 2 urgent item(s) requiring attention[0m
[0;32m[2026-03-16 04:30:00] INFO: === Starting Heartbeat + Maintenance ===[0m
[0;32m[2026-03-16 04:30:00] INFO: Quiet hours (23:00-08:00), running minimal checks only[0m
[0;32m[2026-03-16 04:30:00] INFO: Checking HEARTBEAT conditions...[0m
[1;33m[2026-03-16 04:30:00] WARN: Alert triggered: IHS Towers email detected - URGENT[0m
[1;33m[2026-03-16 04:30:00] WARN: Failed to send iMessage alert to temikolawole@icloud.com[0m
[1;33m[2026-03-16 04:30:00] WARN: Alert triggered: Deadline within 24 hours[0m
[1;33m[2026-03-16 04:30:00] WARN: Failed to send iMessage alert to temikolawole@icloud.com[0m
[0;34m[2026-03-16 04:30:00] DEBUG: Checking calendar for next 48 hours...[0m
[0;34m[2026-03-16 04:30:00] DEBUG: Checking IHS Towers follow-ups...[0m
[1;33m[2026-03-16 04:30:00] WARN: Found 2 urgent item(s) requiring attention[0m
[0;32m[2026-03-16 05:00:00] INFO: === Starting Heartbeat + Maintenance ===[0m
[0;32m[2026-03-16 05:00:00] INFO: Quiet hours (23:00-08:00), running minimal checks only[0m
[0;32m[2026-03-16 05:00:00] INFO: Checking HEARTBEAT conditions...[0m
[1;33m[2026-03-16 05:00:00] WARN: Alert triggered: IHS Towers email detected - URGENT[0m
[1;33m[2026-03-16 05:00:00] WARN: Failed to send iMessage alert to temikolawole@icloud.com[0m
[1;33m[2026-03-16 05:00:00] WARN: Alert triggered: Deadline within 24 hours[0m
[1;33m[2026-03-16 05:00:00] WARN: Failed to send iMessage alert to temikolawole@icloud.com[0m
[0;34m[2026-03-16 05:00:00] DEBUG: Checking calendar for next 48 hours...[0m
[0;34m[2026-03-16 05:00:00] DEBUG: Checking IHS Towers follow-ups...[0m
[1;33m[2026-03-16 05:00:00] WARN: Found 2 urgent item(s) requiring attention[0m
[0;32m[2026-03-16 05:30:01] INFO: === Starting Heartbeat + Maintenance ===[0m
[0;32m[2026-03-16 05:30:01] INFO: Quiet hours (23:00-08:00), running minimal checks only[0m
[0;32m[2026-03-16 05:30:01] INFO: Checking HEARTBEAT conditions...[0m
[1;33m[2026-03-16 05:30:01] WARN: Alert triggered: IHS Towers email detected - URGENT[0m
[1;33m[2026-03-16 05:30:01] WARN: Failed to send iMessage alert to temikolawole@icloud.com[0m
[1;33m[2026-03-16 05:30:01] WARN: Alert triggered: Deadline within 24 hours[0m
[1;33m[2026-03-16 05:30:01] WARN: Failed to send iMessage alert to temikolawole@icloud.com[0m
[0;34m[2026-03-16 05:30:01] DEBUG: Checking calendar for next 48 hours...[0m
[0;34m[2026-03-16 05:30:01] DEBUG: Checking IHS Towers follow-ups...[0m
[1;33m[2026-03-16 05:30:01] WARN: Found 2 urgent item(s) requiring attention[0m
[0;32m[2026-03-16 06:00:00] INFO: === Starting Heartbeat + Maintenance ===[0m
[0;32m[2026-03-16 06:00:00] INFO: Quiet hours (23:00-08:00), running minimal checks only[0m
[0;32m[2026-03-16 06:00:00] INFO: Checking HEARTBEAT conditions...[0m
[1;33m[2026-03-16 06:00:00] WARN: Alert triggered: IHS Towers email detected - URGENT[0m
[1;33m[2026-03-16 06:00:00] WARN: Failed to send iMessage alert to temikolawole@icloud.com[0m
[1;33m[2026-03-16 06:00:00] WARN: Alert triggered: Deadline within 24 hours[0m
[1;33m[2026-03-16 06:00:00] WARN: Failed to send iMessage alert to temikolawole@icloud.com[0m
[0;34m[2026-03-16 06:00:00] DEBUG: Checking calendar for next 48 hours...[0m
[0;34m[2026-03-16 06:00:00] DEBUG: Checking IHS Towers follow-ups...[0m
[1;33m[2026-03-16 06:00:00] WARN: Found 2 urgent item(s) requiring attention[0m
[0;32m[2026-03-16 06:30:01] INFO: === Starting Heartbeat + Maintenance ===[0m
[0;32m[2026-03-16 06:30:01] INFO: Quiet hours (23:00-08:00), running minimal checks only[0m
[0;32m[2026-03-16 06:30:01] INFO: Checking HEARTBEAT conditions...[0m
[1;33m[2026-03-16 06:30:01] WARN: Alert triggered: IHS Towers email detected - URGENT[0m
[1;33m[2026-03-16 06:30:01] WARN: Failed to send iMessage alert to temikolawole@icloud.com[0m
[1;33m[2026-03-16 06:30:01] WARN: Alert triggered: Deadline within 24 hours[0m
[1;33m[2026-03-16 06:30:01] WARN: Failed to send iMessage alert to temikolawole@icloud.com[0m
[0;34m[2026-03-16 06:30:01] DEBUG: Checking calendar for next 48 hours...[0m
[0;34m[2026-03-16 06:30:01] DEBUG: Checking IHS Towers follow-ups...[0m
[1;33m[2026-03-16 06:30:01] WARN: Found 2 urgent item(s) requiring attention[0m
[0;32m[2026-03-16 07:00:01] INFO: === Starting Heartbeat + Maintenance ===[0m
[0;32m[2026-03-16 07:00:01] INFO: Quiet hours (23:00-08:00), running minimal checks only[0m
[0;32m[2026-03-16 07:00:01] INFO: Checking HEARTBEAT conditions...[0m
[1;33m[2026-03-16 07:00:01] WARN: Alert triggered: IHS Towers email detected - URGENT[0m
[1;33m[2026-03-16 07:00:01] WARN: Failed to send iMessage alert to temikolawole@icloud.com[0m
[1;33m[2026-03-16 07:00:01] WARN: Alert triggered: Deadline within 24 hours[0m
[1;33m[2026-03-16 07:00:01] WARN: Failed to send iMessage alert to temikolawole@icloud.com[0m
[0;34m[2026-03-16 07:00:01] DEBUG: Checking calendar for next 48 hours...[0m
[0;34m[2026-03-16 07:00:01] DEBUG: Checking IHS Towers follow-ups...[0m
[1;33m[2026-03-16 07:00:01] WARN: Found 2 urgent item(s) requiring attention[0m
[0;32m[2026-03-16 07:30:00] INFO: === Starting Heartbeat + Maintenance ===[0m
[0;32m[2026-03-16 07:30:00] INFO: Quiet hours (23:00-08:00), running minimal checks only[0m
[0;32m[2026-03-16 07:30:00] INFO: Checking HEARTBEAT conditions...[0m
[1;33m[2026-03-16 07:30:00] WARN: Alert triggered: IHS Towers email detected - URGENT[0m
[1;33m[2026-03-16 07:30:00] WARN: Failed to send iMessage alert to temikolawole@icloud.com[0m
[1;33m[2026-03-16 07:30:00] WARN: Alert triggered: Deadline within 24 hours[0m
[1;33m[2026-03-16 07:30:00] WARN: Failed to send iMessage alert to temikolawole@icloud.com[0m
[0;34m[2026-03-16 07:30:00] DEBUG: Checking calendar for next 48 hours...[0m
[0;34m[2026-03-16 07:30:00] DEBUG: Checking IHS Towers follow-ups...[0m
[1;33m[2026-03-16 07:30:00] WARN: Found 2 urgent item(s) requiring attention[0m
[0;32m[2026-03-16 08:00:00] INFO: === Starting Heartbeat + Maintenance ===[0m
[0;32m[2026-03-16 08:00:00] INFO: Checking HEARTBEAT conditions...[0m
[1;33m[2026-03-16 08:00:00] WARN: Alert triggered: IHS Towers email detected - URGENT[0m
[1;33m[2026-03-16 08:00:00] WARN: Failed to send iMessage alert to temikolawole@icloud.com[0m
[1;33m[2026-03-16 08:00:00] WARN: Alert triggered: Deadline within 24 hours[0m
[1;33m[2026-03-16 08:00:00] WARN: Failed to send iMessage alert to temikolawole@icloud.com[0m
[0;34m[2026-03-16 08:00:00] DEBUG: Checking calendar for next 48 hours...[0m
[0;34m[2026-03-16 08:00:00] DEBUG: Checking IHS Towers follow-ups...[0m
[1;33m[2026-03-16 08:00:00] WARN: Found 2 urgent item(s) requiring attention[0m
[0;32m[2026-03-16 08:30:00] INFO: === Starting Heartbeat + Maintenance ===[0m
[0;32m[2026-03-16 08:30:00] INFO: Checking HEARTBEAT conditions...[0m
[1;33m[2026-03-16 08:30:00] WARN: Alert triggered: IHS Towers email detected - URGENT[0m
[1;33m[2026-03-16 08:30:00] WARN: Failed to send iMessage alert to temikolawole@icloud.com[0m
[1;33m[2026-03-16 08:30:00] WARN: Alert triggered: Deadline within 24 hours[0m
[1;33m[2026-03-16 08:30:00] WARN: Failed to send iMessage alert to temikolawole@icloud.com[0m
[0;34m[2026-03-16 08:30:00] DEBUG: Checking calendar for next 48 hours...[0m
[0;34m[2026-03-16 08:30:00] DEBUG: Checking IHS Towers follow-ups...[0m
[1;33m[2026-03-16 08:30:00] WARN: Found 2 urgent item(s) requiring attention[0m
[0;32m[2026-03-16 09:00:00] INFO: === Starting Heartbeat + Maintenance ===[0m
[0;32m[2026-03-16 09:00:00] INFO: Checking HEARTBEAT conditions...[0m
[1;33m[2026-03-16 09:00:01] WARN: Alert triggered: IHS Towers email detected - URGENT[0m
[1;33m[2026-03-16 09:00:01] WARN: Failed to send iMessage alert to temikolawole@icloud.com[0m
[1;33m[2026-03-16 09:00:01] WARN: Alert triggered: Deadline within 24 hours[0m
[1;33m[2026-03-16 09:00:01] WARN: Failed to send iMessage alert to temikolawole@icloud.com[0m
[0;34m[2026-03-16 09:00:01] DEBUG: Checking calendar for next 48 hours...[0m
[0;34m[2026-03-16 09:00:01] DEBUG: Checking IHS Towers follow-ups...[0m
[1;33m[2026-03-16 09:00:01] WARN: Found 2 urgent item(s) requiring attention[0m
[0;32m[2026-03-16 09:30:00] INFO: === Starting Heartbeat + Maintenance ===[0m
[0;32m[2026-03-16 09:30:00] INFO: Checking HEARTBEAT conditions...[0m
[1;33m[2026-03-16 09:30:00] WARN: Alert triggered: IHS Towers email detected - URGENT[0m
[1;33m[2026-03-16 09:30:00] WARN: Failed to send iMessage alert to temikolawole@icloud.com[0m
[1;33m[2026-03-16 09:30:00] WARN: Alert triggered: Deadline within 24 hours[0m
[1;33m[2026-03-16 09:30:00] WARN: Failed to send iMessage alert to temikolawole@icloud.com[0m
[0;34m[2026-03-16 09:30:00] DEBUG: Checking calendar for next 48 hours...[0m
[0;34m[2026-03-16 09:30:00] DEBUG: Checking IHS Towers follow-ups...[0m
[1;33m[2026-03-16 09:30:00] WARN: Found 2 urgent item(s) requiring attention[0m
[0;32m[2026-03-16 10:00:00] INFO: === Starting Heartbeat + Maintenance ===[0m
[0;32m[2026-03-16 10:00:00] INFO: Checking HEARTBEAT conditions...[0m
[1;33m[2026-03-16 10:00:00] WARN: Alert triggered: IHS Towers email detected - URGENT[0m
[1;33m[2026-03-16 10:00:00] WARN: Failed to send iMessage alert to temikolawole@icloud.com[0m
[1;33m[2026-03-16 10:00:00] WARN: Alert triggered: Deadline within 24 hours[0m
[1;33m[2026-03-16 10:00:00] WARN: Failed to send iMessage alert to temikolawole@icloud.com[0m
[0;34m[2026-03-16 10:00:00] DEBUG: Checking calendar for next 48 hours...[0m
[0;34m[2026-03-16 10:00:00] DEBUG: Checking IHS Towers follow-ups...[0m
[1;33m[2026-03-16 10:00:00] WARN: Found 2 urgent item(s) requiring attention[0m
[0;32m[2026-03-16 10:30:00] INFO: === Starting Heartbeat + Maintenance ===[0m
[0;32m[2026-03-16 10:30:00] INFO: Checking HEARTBEAT conditions...[0m
[1;33m[2026-03-16 10:30:00] WARN: Alert triggered: IHS Towers email detected - URGENT[0m
[1;33m[2026-03-16 10:30:00] WARN: Failed to send iMessage alert to temikolawole@icloud.com[0m
[1;33m[2026-03-16 10:30:00] WARN: Alert triggered: Deadline within 24 hours[0m
[1;33m[2026-03-16 10:30:00] WARN: Failed to send iMessage alert to temikolawole@icloud.com[0m
[0;34m[2026-03-16 10:30:00] DEBUG: Checking calendar for next 48 hours...[0m
[0;34m[2026-03-16 10:30:00] DEBUG: Checking IHS Towers follow-ups...[0m
[1;33m[2026-03-16 10:30:00] WARN: Found 2 urgent item(s) requiring attention[0m
[0;32m[2026-03-16 11:00:00] INFO: === Starting Heartbeat + Maintenance ===[0m
[0;32m[2026-03-16 11:00:00] INFO: Checking HEARTBEAT conditions...[0m
[1;33m[2026-03-16 11:00:00] WARN: Alert triggered: IHS Towers email detected - URGENT[0m
[1;33m[2026-03-16 11:00:00] WARN: Failed to send iMessage alert to temikolawole@icloud.com[0m
[1;33m[2026-03-16 11:00:00] WARN: Alert triggered: Deadline within 24 hours[0m
[1;33m[2026-03-16 11:00:00] WARN: Failed to send iMessage alert to temikolawole@icloud.com[0m
[0;34m[2026-03-16 11:00:00] DEBUG: Checking calendar for next 48 hours...[0m
[0;34m[2026-03-16 11:00:00] DEBUG: Checking IHS Towers follow-ups...[0m
[1;33m[2026-03-16 11:00:00] WARN: Found 2 urgent item(s) requiring attention[0m
[0;32m[2026-03-16 11:30:00] INFO: === Starting Heartbeat + Maintenance ===[0m
[0;32m[2026-03-16 11:30:00] INFO: Checking HEARTBEAT conditions...[0m
[1;33m[2026-03-16 11:30:00] WARN: Alert triggered: IHS Towers email detected - URGENT[0m
[1;33m[2026-03-16 11:30:00] WARN: Failed to send iMessage alert to temikolawole@icloud.com[0m
[1;33m[2026-03-16 11:30:00] WARN: Alert triggered: Deadline within 24 hours[0m
[1;33m[2026-03-16 11:30:00] WARN: Failed to send iMessage alert to temikolawole@icloud.com[0m
[0;34m[2026-03-16 11:30:00] DEBUG: Checking calendar for next 48 hours...[0m
[0;34m[2026-03-16 11:30:00] DEBUG: Checking IHS Towers follow-ups...[0m
[1;33m[2026-03-16 11:30:00] WARN: Found 2 urgent item(s) requiring attention[0m
[0;32m[2026-03-16 12:00:00] INFO: === Starting Heartbeat + Maintenance ===[0m
[0;32m[2026-03-16 12:00:00] INFO: Checking HEARTBEAT conditions...[0m
[1;33m[2026-03-16 12:00:00] WARN: Alert triggered: IHS Towers email detected - URGENT[0m
[1;33m[2026-03-16 12:00:00] WARN: Failed to send iMessage alert to temikolawole@icloud.com[0m
[1;33m[2026-03-16 12:00:00] WARN: Alert triggered: Deadline within 24 hours[0m
[1;33m[2026-03-16 12:00:00] WARN: Failed to send iMessage alert to temikolawole@icloud.com[0m
[0;34m[2026-03-16 12:00:00] DEBUG: Checking calendar for next 48 hours...[0m
[0;34m[2026-03-16 12:00:00] DEBUG: Checking IHS Towers follow-ups...[0m
[1;33m[2026-03-16 12:00:00] WARN: Found 2 urgent item(s) requiring attention[0m
[0;32m[2026-03-16 12:30:00] INFO: === Starting Heartbeat + Maintenance ===[0m
[0;32m[2026-03-16 12:30:00] INFO: Checking HEARTBEAT conditions...[0m
[1;33m[2026-03-16 12:30:00] WARN: Alert triggered: IHS Towers email detected - URGENT[0m
[1;33m[2026-03-16 12:30:00] WARN: Failed to send iMessage alert to temikolawole@icloud.com[0m
[1;33m[2026-03-16 12:30:00] WARN: Alert triggered: Deadline within 24 hours[0m
[1;33m[2026-03-16 12:30:00] WARN: Failed to send iMessage alert to temikolawole@icloud.com[0m
[0;34m[2026-03-16 12:30:00] DEBUG: Checking calendar for next 48 hours...[0m
[0;34m[2026-03-16 12:30:00] DEBUG: Checking IHS Towers follow-ups...[0m
[1;33m[2026-03-16 12:30:00] WARN: Found 2 urgent item(s) requiring attention[0m
[0;32m[2026-03-16 13:00:00] INFO: === Starting Heartbeat + Maintenance ===[0m
[0;32m[2026-03-16 13:00:00] INFO: Checking HEARTBEAT conditions...[0m
[1;33m[2026-03-16 13:00:00] WARN: Alert triggered: IHS Towers email detected - URGENT[0m
[1;33m[2026-03-16 13:00:00] WARN: Failed to send iMessage alert to temikolawole@icloud.com[0m
[1;33m[2026-03-16 13:00:00] WARN: Alert triggered: Deadline within 24 hours[0m
[1;33m[2026-03-16 13:00:00] WARN: Failed to send iMessage alert to temikolawole@icloud.com[0m
[0;34m[2026-03-16 13:00:00] DEBUG: Checking calendar for next 48 hours...[0m
[0;34m[2026-03-16 13:00:00] DEBUG: Checking IHS Towers follow-ups...[0m
[1;33m[2026-03-16 13:00:00] WARN: Found 2 urgent item(s) requiring attention[0m
[0;32m[2026-03-16 13:30:00] INFO: === Starting Heartbeat + Maintenance ===[0m
[0;32m[2026-03-16 13:30:00] INFO: Checking HEARTBEAT conditions...[0m
[1;33m[2026-03-16 13:30:00] WARN: Alert triggered: IHS Towers email detected - URGENT[0m
[1;33m[2026-03-16 13:30:00] WARN: Failed to send iMessage alert to temikolawole@icloud.com[0m
[1;33m[2026-03-16 13:30:00] WARN: Alert triggered: Deadline within 24 hours[0m
[1;33m[2026-03-16 13:30:00] WARN: Failed to send iMessage alert to temikolawole@icloud.com[0m
[0;34m[2026-03-16 13:30:00] DEBUG: Checking calendar for next 48 hours...[0m
[0;34m[2026-03-16 13:30:00] DEBUG: Checking IHS Towers follow-ups...[0m
[1;33m[2026-03-16 13:30:00] WARN: Found 2 urgent item(s) requiring attention[0m
[0;32m[2026-03-16 14:00:00] INFO: === Starting Heartbeat + Maintenance ===[0m
[0;32m[2026-03-16 14:00:00] INFO: Checking HEARTBEAT conditions...[0m
[1;33m[2026-03-16 14:00:00] WARN: Alert triggered: IHS Towers email detected - URGENT[0m
[1;33m[2026-03-16 14:00:00] WARN: Failed to send iMessage alert to temikolawole@icloud.com[0m
[1;33m[2026-03-16 14:00:00] WARN: Alert triggered: Deadline within 24 hours[0m
[1;33m[2026-03-16 14:00:00] WARN: Failed to send iMessage alert to temikolawole@icloud.com[0m
[0;34m[2026-03-16 14:00:00] DEBUG: Checking calendar for next 48 hours...[0m
[0;34m[2026-03-16 14:00:00] DEBUG: Checking IHS Towers follow-ups...[0m
[1;33m[2026-03-16 14:00:00] WARN: Found 2 urgent item(s) requiring attention[0m
[0;32m[2026-03-16 14:30:00] INFO: === Starting Heartbeat + Maintenance ===[0m
[0;32m[2026-03-16 14:30:00] INFO: Checking HEARTBEAT conditions...[0m
[1;33m[2026-03-16 14:30:00] WARN: Alert triggered: IHS Towers email detected - URGENT[0m
[1;33m[2026-03-16 14:30:01] WARN: Failed to send iMessage alert to temikolawole@icloud.com[0m
[1;33m[2026-03-16 14:30:01] WARN: Alert triggered: Deadline within 24 hours[0m
[1;33m[2026-03-16 14:30:01] WARN: Failed to send iMessage alert to temikolawole@icloud.com[0m
[0;34m[2026-03-16 14:30:01] DEBUG: Checking calendar for next 48 hours...[0m
[0;34m[2026-03-16 14:30:01] DEBUG: Checking IHS Towers follow-ups...[0m
[1;33m[2026-03-16 14:30:01] WARN: Found 2 urgent item(s) requiring attention[0m
[0;32m[2026-03-16 15:00:00] INFO: === Starting Heartbeat + Maintenance ===[0m
[0;32m[2026-03-16 15:00:00] INFO: Checking HEARTBEAT conditions...[0m
[1;33m[2026-03-16 15:00:00] WARN: Alert triggered: IHS Towers email detected - URGENT[0m
[1;33m[2026-03-16 15:00:00] WARN: Failed to send iMessage alert to temikolawole@icloud.com[0m
[1;33m[2026-03-16 15:00:00] WARN: Alert triggered: Deadline within 24 hours[0m
[1;33m[2026-03-16 15:00:00] WARN: Failed to send iMessage alert to temikolawole@icloud.com[0m
[0;34m[2026-03-16 15:00:00] DEBUG: Checking calendar for next 48 hours...[0m
[0;34m[2026-03-16 15:00:00] DEBUG: Checking IHS Towers follow-ups...[0m
[1;33m[2026-03-16 15:00:00] WARN: Found 2 urgent item(s) requiring attention[0m
[0;32m[2026-03-16 15:30:00] INFO: === Starting Heartbeat + Maintenance ===[0m
[0;32m[2026-03-16 15:30:00] INFO: Checking HEARTBEAT conditions...[0m
[1;33m[2026-03-16 15:30:00] WARN: Alert triggered: IHS Towers email detected - URGENT[0m
[1;33m[2026-03-16 15:30:00] WARN: Failed to send iMessage alert to temikolawole@icloud.com[0m
[1;33m[2026-03-16 15:30:00] WARN: Alert triggered: Deadline within 24 hours[0m
[1;33m[2026-03-16 15:30:00] WARN: Failed to send iMessage alert to temikolawole@icloud.com[0m
[0;34m[2026-03-16 15:30:00] DEBUG: Checking calendar for next 48 hours...[0m
[0;34m[2026-03-16 15:30:00] DEBUG: Checking IHS Towers follow-ups...[0m
[1;33m[2026-03-16 15:30:00] WARN: Found 2 urgent item(s) requiring attention[0m
[0;32m[2026-03-16 16:00:00] INFO: === Starting Heartbeat + Maintenance ===[0m
[0;32m[2026-03-16 16:00:00] INFO: Checking HEARTBEAT conditions...[0m
[1;33m[2026-03-16 16:00:00] WARN: Alert triggered: IHS Towers email detected - URGENT[0m
[1;33m[2026-03-16 16:00:00] WARN: Failed to send iMessage alert to temikolawole@icloud.com[0m
[1;33m[2026-03-16 16:00:00] WARN: Alert triggered: Deadline within 24 hours[0m
[1;33m[2026-03-16 16:00:00] WARN: Failed to send iMessage alert to temikolawole@icloud.com[0m
[0;34m[2026-03-16 16:00:00] DEBUG: Checking calendar for next 48 hours...[0m
[0;34m[2026-03-16 16:00:00] DEBUG: Checking IHS Towers follow-ups...[0m
[1;33m[2026-03-16 16:00:00] WARN: Found 2 urgent item(s) requiring attention[0m
[0;32m[2026-03-16 16:30:00] INFO: === Starting Heartbeat + Maintenance ===[0m
[0;32m[2026-03-16 16:30:00] INFO: Checking HEARTBEAT conditions...[0m
[1;33m[2026-03-16 16:30:00] WARN: Alert triggered: IHS Towers email detected - URGENT[0m
[1;33m[2026-03-16 16:30:00] WARN: Failed to send iMessage alert to temikolawole@icloud.com[0m
[1;33m[2026-03-16 16:30:00] WARN: Alert triggered: Deadline within 24 hours[0m
[1;33m[2026-03-16 16:30:00] WARN: Failed to send iMessage alert to temikolawole@icloud.com[0m
[0;34m[2026-03-16 16:30:00] DEBUG: Checking calendar for next 48 hours...[0m
[0;34m[2026-03-16 16:30:00] DEBUG: Checking IHS Towers follow-ups...[0m
[1;33m[2026-03-16 16:30:00] WARN: Found 2 urgent item(s) requiring attention[0m
[0;32m[2026-03-16 17:00:00] INFO: === Starting Heartbeat + Maintenance ===[0m
[0;32m[2026-03-16 17:00:00] INFO: Checking HEARTBEAT conditions...[0m
[1;33m[2026-03-16 17:00:00] WARN: Alert triggered: IHS Towers email detected - URGENT[0m
[1;33m[2026-03-16 17:00:00] WARN: Failed to send iMessage alert to temikolawole@icloud.com[0m
[1;33m[2026-03-16 17:00:00] WARN: Alert triggered: Deadline within 24 hours[0m
[1;33m[2026-03-16 17:00:00] WARN: Failed to send iMessage alert to temikolawole@icloud.com[0m
[0;34m[2026-03-16 17:00:00] DEBUG: Checking calendar for next 48 hours...[0m
[0;32m[2026-03-16 17:00:00] INFO: Found 1 upcoming event(s) in next 48 hours[0m
[0;32m[2026-03-16 17:30:00] INFO: === Starting Heartbeat + Maintenance ===[0m
[0;32m[2026-03-16 17:30:00] INFO: Checking HEARTBEAT conditions...[0m
[1;33m[2026-03-16 17:30:00] WARN: Alert triggered: IHS Towers email detected - URGENT[0m
[1;33m[2026-03-16 17:30:00] WARN: Failed to send iMessage alert to temikolawole@icloud.com[0m
[1;33m[2026-03-16 17:30:00] WARN: Alert triggered: Deadline within 24 hours[0m
[1;33m[2026-03-16 17:30:00] WARN: Failed to send iMessage alert to temikolawole@icloud.com[0m
[0;34m[2026-03-16 17:30:00] DEBUG: Checking calendar for next 48 hours...[0m
[0;34m[2026-03-16 17:30:00] DEBUG: Checking IHS Towers follow-ups...[0m
[1;33m[2026-03-16 17:30:00] WARN: Found 2 urgent item(s) requiring attention[0m
[0;32m[2026-03-16 18:00:00] INFO: === Starting Heartbeat + Maintenance ===[0m
[0;32m[2026-03-16 18:00:00] INFO: Checking HEARTBEAT conditions...[0m
[1;33m[2026-03-16 18:00:00] WARN: Alert triggered: IHS Towers email detected - URGENT[0m
[1;33m[2026-03-16 18:00:00] WARN: Failed to send iMessage alert to temikolawole@icloud.com[0m
[1;33m[2026-03-16 18:00:00] WARN: Alert triggered: Deadline within 24 hours[0m
[1;33m[2026-03-16 18:00:00] WARN: Failed to send iMessage alert to temikolawole@icloud.com[0m
[0;34m[2026-03-16 18:00:00] DEBUG: Checking calendar for next 48 hours...[0m
[0;34m[2026-03-16 18:00:00] DEBUG: Checking IHS Towers follow-ups...[0m
[1;33m[2026-03-16 18:00:00] WARN: Found 2 urgent item(s) requiring attention[0m
[0;32m[2026-03-16 18:30:00] INFO: === Starting Heartbeat + Maintenance ===[0m
[0;32m[2026-03-16 18:30:00] INFO: Checking HEARTBEAT conditions...[0m
[1;33m[2026-03-16 18:30:00] WARN: Alert triggered: IHS Towers email detected - URGENT[0m
[1;33m[2026-03-16 18:30:00] WARN: Failed to send iMessage alert to temikolawole@icloud.com[0m
[1;33m[2026-03-16 18:30:00] WARN: Alert triggered: Deadline within 24 hours[0m
[1;33m[2026-03-16 18:30:00] WARN: Failed to send iMessage alert to temikolawole@icloud.com[0m
[0;34m[2026-03-16 18:30:00] DEBUG: Checking calendar for next 48 hours...[0m
[0;34m[2026-03-16 18:30:00] DEBUG: Checking IHS Towers follow-ups...[0m
[1;33m[2026-03-16 18:30:00] WARN: Found 2 urgent item(s) requiring attention[0m
[0;32m[2026-03-16 19:00:00] INFO: === Starting Heartbeat + Maintenance ===[0m
[0;32m[2026-03-16 19:00:00] INFO: Checking HEARTBEAT conditions...[0m
[1;33m[2026-03-16 19:00:00] WARN: Alert triggered: IHS Towers email detected - URGENT[0m
[1;33m[2026-03-16 19:00:00] WARN: Failed to send iMessage alert to temikolawole@icloud.com[0m
[1;33m[2026-03-16 19:00:00] WARN: Alert triggered: Deadline within 24 hours[0m
[1;33m[2026-03-16 19:00:01] WARN: Failed to send iMessage alert to temikolawole@icloud.com[0m
[0;34m[2026-03-16 19:00:01] DEBUG: Checking calendar for next 48 hours...[0m
[0;34m[2026-03-16 19:00:01] DEBUG: Checking IHS Towers follow-ups...[0m
[1;33m[2026-03-16 19:00:01] WARN: Found 2 urgent item(s) requiring attention[0m
[0;32m[2026-03-16 19:30:00] INFO: === Starting Heartbeat + Maintenance ===[0m
[0;32m[2026-03-16 19:30:00] INFO: Checking HEARTBEAT conditions...[0m
[1;33m[2026-03-16 19:30:00] WARN: Alert triggered: IHS Towers email detected - URGENT[0m
[1;33m[2026-03-16 19:30:00] WARN: Failed to send iMessage alert to temikolawole@icloud.com[0m
[1;33m[2026-03-16 19:30:00] WARN: Alert triggered: Deadline within 24 hours[0m
[1;33m[2026-03-16 19:30:00] WARN: Failed to send iMessage alert to temikolawole@icloud.com[0m
[0;34m[2026-03-16 19:30:00] DEBUG: Checking calendar for next 48 hours...[0m
[0;34m[2026-03-16 19:30:00] DEBUG: Checking IHS Towers follow-ups...[0m
[1;33m[2026-03-16 19:30:00] WARN: Found 2 urgent item(s) requiring attention[0m
[0;32m[2026-03-16 20:00:00] INFO: === Starting Heartbeat + Maintenance ===[0m
[0;32m[2026-03-16 20:00:00] INFO: Checking HEARTBEAT conditions...[0m
[1;33m[2026-03-16 20:00:00] WARN: Alert triggered: IHS Towers email detected - URGENT[0m
[1;33m[2026-03-16 20:00:00] WARN: Failed to send iMessage alert to temikolawole@icloud.com[0m
[1;33m[2026-03-16 20:00:00] WARN: Alert triggered: Deadline within 24 hours[0m
[1;33m[2026-03-16 20:00:00] WARN: Failed to send iMessage alert to temikolawole@icloud.com[0m
[0;34m[2026-03-16 20:00:00] DEBUG: Checking calendar for next 48 hours...[0m
[0;34m[2026-03-16 20:00:00] DEBUG: Checking IHS Towers follow-ups...[0m
[1;33m[2026-03-16 20:00:00] WARN: Found 2 urgent item(s) requiring attention[0m
[0;32m[2026-03-16 20:30:00] INFO: === Starting Heartbeat + Maintenance ===[0m
[0;32m[2026-03-16 20:30:00] INFO: Checking HEARTBEAT conditions...[0m
[1;33m[2026-03-16 20:30:00] WARN: Alert triggered: IHS Towers email detected - URGENT[0m
[1;33m[2026-03-16 20:30:00] WARN: Failed to send iMessage alert to temikolawole@icloud.com[0m
[1;33m[2026-03-16 20:30:00] WARN: Alert triggered: Deadline within 24 hours[0m
[1;33m[2026-03-16 20:30:00] WARN: Failed to send iMessage alert to temikolawole@icloud.com[0m
[0;34m[2026-03-16 20:30:00] DEBUG: Checking calendar for next 48 hours...[0m
[0;34m[2026-03-16 20:30:00] DEBUG: Checking IHS Towers follow-ups...[0m
[1;33m[2026-03-16 20:30:00] WARN: Found 2 urgent item(s) requiring attention[0m
[0;32m[2026-03-16 21:00:00] INFO: === Starting Heartbeat + Maintenance ===[0m
[0;32m[2026-03-16 21:00:00] INFO: Checking HEARTBEAT conditions...[0m
[1;33m[2026-03-16 21:00:00] WARN: Alert triggered: IHS Towers email detected - URGENT[0m
[1;33m[2026-03-16 21:00:00] WARN: Failed to send iMessage alert to temikolawole@icloud.com[0m
[1;33m[2026-03-16 21:00:00] WARN: Alert triggered: Deadline within 24 hours[0m
[1;33m[2026-03-16 21:00:00] WARN: Failed to send iMessage alert to temikolawole@icloud.com[0m
[0;34m[2026-03-16 21:00:00] DEBUG: Checking calendar for next 48 hours...[0m
[0;34m[2026-03-16 21:00:00] DEBUG: Checking IHS Towers follow-ups...[0m
[1;33m[2026-03-16 21:00:00] WARN: Found 2 urgent item(s) requiring attention[0m
[0;32m[2026-03-16 21:30:00] INFO: === Starting Heartbeat + Maintenance ===[0m
[0;32m[2026-03-16 21:30:00] INFO: Checking HEARTBEAT conditions...[0m
[1;33m[2026-03-16 21:30:00] WARN: Alert triggered: IHS Towers email detected - URGENT[0m
[1;33m[2026-03-16 21:30:00] WARN: Failed to send iMessage alert to temikolawole@icloud.com[0m
[1;33m[2026-03-16 21:30:00] WARN: Alert triggered: Deadline within 24 hours[0m
[1;33m[2026-03-16 21:30:00] WARN: Failed to send iMessage alert to temikolawole@icloud.com[0m
[0;34m[2026-03-16 21:30:00] DEBUG: Checking calendar for next 48 hours...[0m
[0;34m[2026-03-16 21:30:00] DEBUG: Checking IHS Towers follow-ups...[0m
[1;33m[2026-03-16 21:30:00] WARN: Found 2 urgent item(s) requiring attention[0m
[0;32m[2026-03-16 22:00:00] INFO: === Starting Heartbeat + Maintenance ===[0m
[0;32m[2026-03-16 22:00:00] INFO: Checking HEARTBEAT conditions...[0m
[1;33m[2026-03-16 22:00:00] WARN: Alert triggered: IHS Towers email detected - URGENT[0m
[1;33m[2026-03-16 22:00:01] WARN: Failed to send iMessage alert to temikolawole@icloud.com[0m
[1;33m[2026-03-16 22:00:01] WARN: Alert triggered: Deadline within 24 hours[0m
[1;33m[2026-03-16 22:00:01] WARN: Failed to send iMessage alert to temikolawole@icloud.com[0m
[0;34m[2026-03-16 22:00:01] DEBUG: Checking calendar for next 48 hours...[0m
[0;34m[2026-03-16 22:00:01] DEBUG: Checking IHS Towers follow-ups...[0m
[1;33m[2026-03-16 22:00:01] WARN: Found 2 urgent item(s) requiring attention[0m
[0;32m[2026-03-16 22:30:00] INFO: === Starting Heartbeat + Maintenance ===[0m
[0;32m[2026-03-16 22:30:00] INFO: Checking HEARTBEAT conditions...[0m
[1;33m[2026-03-16 22:30:00] WARN: Alert triggered: IHS Towers email detected - URGENT[0m
[1;33m[2026-03-16 22:30:00] WARN: Failed to send iMessage alert to temikolawole@icloud.com[0m
[1;33m[2026-03-16 22:30:00] WARN: Alert triggered: Deadline within 24 hours[0m
[1;33m[2026-03-16 22:30:00] WARN: Failed to send iMessage alert to temikolawole@icloud.com[0m
[0;34m[2026-03-16 22:30:00] DEBUG: Checking calendar for next 48 hours...[0m
[0;34m[2026-03-16 22:30:00] DEBUG: Checking IHS Towers follow-ups...[0m
[1;33m[2026-03-16 22:30:00] WARN: Found 2 urgent item(s) requiring attention[0m
[0;32m[2026-03-16 23:00:00] INFO: === Starting Heartbeat + Maintenance ===[0m
[0;32m[2026-03-16 23:00:00] INFO: Quiet hours (23:00-08:00), running minimal checks only[0m
[0;32m[2026-03-16 23:00:00] INFO: Checking HEARTBEAT conditions...[0m
[1;33m[2026-03-16 23:00:00] WARN: Alert triggered: IHS Towers email detected - URGENT[0m
[1;33m[2026-03-16 23:00:00] WARN: Failed to send iMessage alert to temikolawole@icloud.com[0m
[1;33m[2026-03-16 23:00:00] WARN: Alert triggered: Deadline within 24 hours[0m
[1;33m[2026-03-16 23:00:00] WARN: Failed to send iMessage alert to temikolawole@icloud.com[0m
[0;34m[2026-03-16 23:00:00] DEBUG: Checking calendar for next 48 hours...[0m
[0;34m[2026-03-16 23:00:00] DEBUG: Checking IHS Towers follow-ups...[0m
[1;33m[2026-03-16 23:00:00] WARN: Found 2 urgent item(s) requiring attention[0m
[0;32m[2026-03-16 23:30:00] INFO: === Starting Heartbeat + Maintenance ===[0m
[0;32m[2026-03-16 23:30:00] INFO: Quiet hours (23:00-08:00), running minimal checks only[0m
[0;32m[2026-03-16 23:30:00] INFO: Checking HEARTBEAT conditions...[0m
[1;33m[2026-03-16 23:30:01] WARN: Alert triggered: IHS Towers email detected - URGENT[0m
[1;33m[2026-03-16 23:30:01] WARN: Failed to send iMessage alert to temikolawole@icloud.com[0m
[1;33m[2026-03-16 23:30:01] WARN: Alert triggered: Deadline within 24 hours[0m
[1;33m[2026-03-16 23:30:01] WARN: Failed to send iMessage alert to temikolawole@icloud.com[0m
[0;34m[2026-03-16 23:30:01] DEBUG: Checking calendar for next 48 hours...[0m
[0;34m[2026-03-16 23:30:01] DEBUG: Checking IHS Towers follow-ups...[0m
[1;33m[2026-03-16 23:30:01] WARN: Found 2 urgent item(s) requiring attention[0m
[0;32m[2026-03-17 00:00:00] INFO: === Starting Heartbeat + Maintenance ===[0m
[0;32m[2026-03-17 00:00:00] INFO: Quiet hours (23:00-08:00), running minimal checks only[0m
[0;32m[2026-03-17 00:00:00] INFO: Checking HEARTBEAT conditions...[0m
[1;33m[2026-03-17 00:00:00] WARN: Alert triggered: IHS Towers email detected - URGENT[0m
[1;33m[2026-03-17 00:00:00] WARN: Failed to send iMessage alert to temikolawole@icloud.com[0m
[1;33m[2026-03-17 00:00:00] WARN: Alert triggered: Deadline within 24 hours[0m
[1;33m[2026-03-17 00:00:00] WARN: Failed to send iMessage alert to temikolawole@icloud.com[0m
[0;34m[2026-03-17 00:00:00] DEBUG: Checking calendar for next 48 hours...[0m
[0;34m[2026-03-17 00:00:00] DEBUG: Checking IHS Towers follow-ups...[0m
[1;33m[2026-03-17 00:00:00] WARN: Found 2 urgent item(s) requiring attention[0m
[0;32m[2026-03-17 00:30:00] INFO: === Starting Heartbeat + Maintenance ===[0m
[0;32m[2026-03-17 00:30:00] INFO: Quiet hours (23:00-08:00), running minimal checks only[0m
[0;32m[2026-03-17 00:30:00] INFO: Checking HEARTBEAT conditions...[0m
[1;33m[2026-03-17 00:30:00] WARN: Alert triggered: IHS Towers email detected - URGENT[0m
[1;33m[2026-03-17 00:30:00] WARN: Failed to send iMessage alert to temikolawole@icloud.com[0m
[1;33m[2026-03-17 00:30:00] WARN: Alert triggered: Deadline within 24 hours[0m
[1;33m[2026-03-17 00:30:00] WARN: Failed to send iMessage alert to temikolawole@icloud.com[0m
[0;34m[2026-03-17 00:30:00] DEBUG: Checking calendar for next 48 hours...[0m
[0;34m[2026-03-17 00:30:00] DEBUG: Checking IHS Towers follow-ups...[0m
[1;33m[2026-03-17 00:30:00] WARN: Found 2 urgent item(s) requiring attention[0m
[0;32m[2026-03-17 01:00:00] INFO: === Starting Heartbeat + Maintenance ===[0m
[0;32m[2026-03-17 01:00:00] INFO: Quiet hours (23:00-08:00), running minimal checks only[0m
[0;32m[2026-03-17 01:00:00] INFO: Checking HEARTBEAT conditions...[0m
[1;33m[2026-03-17 01:00:00] WARN: Alert triggered: IHS Towers email detected - URGENT[0m
[1;33m[2026-03-17 01:00:00] WARN: Failed to send iMessage alert to temikolawole@icloud.com[0m
[1;33m[2026-03-17 01:00:00] WARN: Alert triggered: Deadline within 24 hours[0m
[1;33m[2026-03-17 01:00:00] WARN: Failed to send iMessage alert to temikolawole@icloud.com[0m
[0;34m[2026-03-17 01:00:01] DEBUG: Checking calendar for next 48 hours...[0m
[0;34m[2026-03-17 01:00:01] DEBUG: Checking IHS Towers follow-ups...[0m
[1;33m[2026-03-17 01:00:01] WARN: Found 2 urgent item(s) requiring attention[0m
[0;32m[2026-03-17 01:30:00] INFO: === Starting Heartbeat + Maintenance ===[0m
[0;32m[2026-03-17 01:30:00] INFO: Quiet hours (23:00-08:00), running minimal checks only[0m
[0;32m[2026-03-17 01:30:00] INFO: Checking HEARTBEAT conditions...[0m
[1;33m[2026-03-17 01:30:00] WARN: Alert triggered: IHS Towers email detected - URGENT[0m
[1;33m[2026-03-17 01:30:00] WARN: Failed to send iMessage alert to temikolawole@icloud.com[0m
[1;33m[2026-03-17 01:30:00] WARN: Alert triggered: Deadline within 24 hours[0m
[1;33m[2026-03-17 01:30:00] WARN: Failed to send iMessage alert to temikolawole@icloud.com[0m
[0;34m[2026-03-17 01:30:00] DEBUG: Checking calendar for next 48 hours...[0m
[0;34m[2026-03-17 01:30:00] DEBUG: Checking IHS Towers follow-ups...[0m
[1;33m[2026-03-17 01:30:00] WARN: Found 2 urgent item(s) requiring attention[0m
[0;32m[2026-03-17 02:00:00] INFO: === Starting Heartbeat + Maintenance ===[0m
[0;32m[2026-03-17 02:00:00] INFO: Quiet hours (23:00-08:00), running minimal checks only[0m
[0;32m[2026-03-17 02:00:00] INFO: Checking HEARTBEAT conditions...[0m
[1;33m[2026-03-17 02:00:00] WARN: Alert triggered: IHS Towers email detected - URGENT[0m
[1;33m[2026-03-17 02:00:00] WARN: Failed to send iMessage alert to temikolawole@icloud.com[0m
[1;33m[2026-03-17 02:00:01] WARN: Alert triggered: Deadline within 24 hours[0m
[1;33m[2026-03-17 02:00:01] WARN: Failed to send iMessage alert to temikolawole@icloud.com[0m
[0;34m[2026-03-17 02:00:01] DEBUG: Checking calendar for next 48 hours...[0m
[0;34m[2026-03-17 02:00:01] DEBUG: Checking IHS Towers follow-ups...[0m
[1;33m[2026-03-17 02:00:01] WARN: Found 2 urgent item(s) requiring attention[0m
[0;32m[2026-03-17 02:30:00] INFO: === Starting Heartbeat + Maintenance ===[0m
[0;32m[2026-03-17 02:30:01] INFO: Quiet hours (23:00-08:00), running minimal checks only[0m
[0;32m[2026-03-17 02:30:01] INFO: Checking HEARTBEAT conditions...[0m
[1;33m[2026-03-17 02:30:01] WARN: Alert triggered: IHS Towers email detected - URGENT[0m
[1;33m[2026-03-17 02:30:01] WARN: Failed to send iMessage alert to temikolawole@icloud.com[0m
[1;33m[2026-03-17 02:30:01] WARN: Alert triggered: Deadline within 24 hours[0m
[1;33m[2026-03-17 02:30:01] WARN: Failed to send iMessage alert to temikolawole@icloud.com[0m
[0;34m[2026-03-17 02:30:01] DEBUG: Checking calendar for next 48 hours...[0m
[0;34m[2026-03-17 02:30:01] DEBUG: Checking IHS Towers follow-ups...[0m
[1;33m[2026-03-17 02:30:01] WARN: Found 2 urgent item(s) requiring attention[0m
[0;32m[2026-03-17 03:00:00] INFO: === Starting Heartbeat + Maintenance ===[0m
[0;32m[2026-03-17 03:00:00] INFO: Quiet hours (23:00-08:00), running minimal checks only[0m
[0;32m[2026-03-17 03:00:00] INFO: Checking HEARTBEAT conditions...[0m
[1;33m[2026-03-17 03:00:00] WARN: Alert triggered: IHS Towers email detected - URGENT[0m
[1;33m[2026-03-17 03:00:00] WARN: Failed to send iMessage alert to temikolawole@icloud.com[0m
[1;33m[2026-03-17 03:00:00] WARN: Alert triggered: Deadline within 24 hours[0m
[1;33m[2026-03-17 03:00:00] WARN: Failed to send iMessage alert to temikolawole@icloud.com[0m
[0;34m[2026-03-17 03:00:00] DEBUG: Checking calendar for next 48 hours...[0m
[0;34m[2026-03-17 03:00:00] DEBUG: Checking IHS Towers follow-ups...[0m
[1;33m[2026-03-17 03:00:00] WARN: Found 2 urgent item(s) requiring attention[0m
[0;32m[2026-03-17 03:30:00] INFO: === Starting Heartbeat + Maintenance ===[0m
[0;32m[2026-03-17 03:30:00] INFO: Quiet hours (23:00-08:00), running minimal checks only[0m
[0;32m[2026-03-17 03:30:00] INFO: Checking HEARTBEAT conditions...[0m
[1;33m[2026-03-17 03:30:00] WARN: Alert triggered: IHS Towers email detected - URGENT[0m
[1;33m[2026-03-17 03:30:01] WARN: Failed to send iMessage alert to temikolawole@icloud.com[0m
[1;33m[2026-03-17 03:30:01] WARN: Alert triggered: Deadline within 24 hours[0m
[1;33m[2026-03-17 03:30:01] WARN: Failed to send iMessage alert to temikolawole@icloud.com[0m
[0;34m[2026-03-17 03:30:01] DEBUG: Checking calendar for next 48 hours...[0m
[0;34m[2026-03-17 03:30:01] DEBUG: Checking IHS Towers follow-ups...[0m
[1;33m[2026-03-17 03:30:01] WARN: Found 2 urgent item(s) requiring attention[0m
[0;32m[2026-03-17 04:00:00] INFO: === Starting Heartbeat + Maintenance ===[0m
[0;32m[2026-03-17 04:00:00] INFO: Quiet hours (23:00-08:00), running minimal checks only[0m
[0;32m[2026-03-17 04:00:00] INFO: Checking HEARTBEAT conditions...[0m
[1;33m[2026-03-17 04:00:00] WARN: Alert triggered: IHS Towers email detected - URGENT[0m
[1;33m[2026-03-17 04:00:00] WARN: Failed to send iMessage alert to temikolawole@icloud.com[0m
[1;33m[2026-03-17 04:00:00] WARN: Alert triggered: Deadline within 24 hours[0m
[1;33m[2026-03-17 04:00:00] WARN: Failed to send iMessage alert to temikolawole@icloud.com[0m
[0;34m[2026-03-17 04:00:00] DEBUG: Checking calendar for next 48 hours...[0m
[0;34m[2026-03-17 04:00:00] DEBUG: Checking IHS Towers follow-ups...[0m
[1;33m[2026-03-17 04:00:00] WARN: Found 2 urgent item(s) requiring attention[0m
[0;32m[2026-03-17 04:30:00] INFO: === Starting Heartbeat + Maintenance ===[0m
[0;32m[2026-03-17 04:30:00] INFO: Quiet hours (23:00-08:00), running minimal checks only[0m
[0;32m[2026-03-17 04:30:00] INFO: Checking HEARTBEAT conditions...[0m
[1;33m[2026-03-17 04:30:00] WARN: Alert triggered: IHS Towers email detected - URGENT[0m
[1;33m[2026-03-17 04:30:00] WARN: Failed to send iMessage alert to temikolawole@icloud.com[0m
[1;33m[2026-03-17 04:30:00] WARN: Alert triggered: Deadline within 24 hours[0m
[1;33m[2026-03-17 04:30:00] WARN: Failed to send iMessage alert to temikolawole@icloud.com[0m
[0;34m[2026-03-17 04:30:00] DEBUG: Checking calendar for next 48 hours...[0m
[0;34m[2026-03-17 04:30:00] DEBUG: Checking IHS Towers follow-ups...[0m
[1;33m[2026-03-17 04:30:00] WARN: Found 2 urgent item(s) requiring attention[0m
[0;32m[2026-03-17 05:00:00] INFO: === Starting Heartbeat + Maintenance ===[0m
[0;32m[2026-03-17 05:00:00] INFO: Quiet hours (23:00-08:00), running minimal checks only[0m
[0;32m[2026-03-17 05:00:00] INFO: Checking HEARTBEAT conditions...[0m
[1;33m[2026-03-17 05:00:00] WARN: Alert triggered: IHS Towers email detected - URGENT[0m
[1;33m[2026-03-17 05:00:00] WARN: Failed to send iMessage alert to temikolawole@icloud.com[0m
[1;33m[2026-03-17 05:00:00] WARN: Alert triggered: Deadline within 24 hours[0m
[1;33m[2026-03-17 05:00:00] WARN: Failed to send iMessage alert to temikolawole@icloud.com[0m
[0;34m[2026-03-17 05:00:00] DEBUG: Checking calendar for next 48 hours...[0m
[0;34m[2026-03-17 05:00:00] DEBUG: Checking IHS Towers follow-ups...[0m
[1;33m[2026-03-17 05:00:00] WARN: Found 2 urgent item(s) requiring attention[0m
[0;32m[2026-03-17 05:30:00] INFO: === Starting Heartbeat + Maintenance ===[0m
[0;32m[2026-03-17 05:30:00] INFO: Quiet hours (23:00-08:00), running minimal checks only[0m
[0;32m[2026-03-17 05:30:00] INFO: Checking HEARTBEAT conditions...[0m
[1;33m[2026-03-17 05:30:00] WARN: Alert triggered: IHS Towers email detected - URGENT[0m
[1;33m[2026-03-17 05:30:00] WARN: Failed to send iMessage alert to temikolawole@icloud.com[0m
[1;33m[2026-03-17 05:30:00] WARN: Alert triggered: Deadline within 24 hours[0m
[1;33m[2026-03-17 05:30:00] WARN: Failed to send iMessage alert to temikolawole@icloud.com[0m
[0;34m[2026-03-17 05:30:00] DEBUG: Checking calendar for next 48 hours...[0m
[0;34m[2026-03-17 05:30:00] DEBUG: Checking IHS Towers follow-ups...[0m
[1;33m[2026-03-17 05:30:00] WARN: Found 2 urgent item(s) requiring attention[0m
[0;32m[2026-03-17 06:00:00] INFO: === Starting Heartbeat + Maintenance ===[0m
[0;32m[2026-03-17 06:00:00] INFO: Quiet hours (23:00-08:00), running minimal checks only[0m
[0;32m[2026-03-17 06:00:00] INFO: Checking HEARTBEAT conditions...[0m
[1;33m[2026-03-17 06:00:00] WARN: Alert triggered: IHS Towers email detected - URGENT[0m
[1;33m[2026-03-17 06:00:00] WARN: Failed to send iMessage alert to temikolawole@icloud.com[0m
[1;33m[2026-03-17 06:00:00] WARN: Alert triggered: Deadline within 24 hours[0m
[1;33m[2026-03-17 06:00:00] WARN: Failed to send iMessage alert to temikolawole@icloud.com[0m
[0;34m[2026-03-17 06:00:00] DEBUG: Checking calendar for next 48 hours...[0m
[0;34m[2026-03-17 06:00:00] DEBUG: Checking IHS Towers follow-ups...[0m
[1;33m[2026-03-17 06:00:00] WARN: Found 2 urgent item(s) requiring attention[0m
[0;32m[2026-03-17 06:30:00] INFO: === Starting Heartbeat + Maintenance ===[0m
[0;32m[2026-03-17 06:30:00] INFO: Quiet hours (23:00-08:00), running minimal checks only[0m
[0;32m[2026-03-17 06:30:00] INFO: Checking HEARTBEAT conditions...[0m
[1;33m[2026-03-17 06:30:00] WARN: Alert triggered: IHS Towers email detected - URGENT[0m
[1;33m[2026-03-17 06:30:00] WARN: Failed to send iMessage alert to temikolawole@icloud.com[0m
[1;33m[2026-03-17 06:30:00] WARN: Alert triggered: Deadline within 24 hours[0m
[1;33m[2026-03-17 06:30:00] WARN: Failed to send iMessage alert to temikolawole@icloud.com[0m
[0;34m[2026-03-17 06:30:00] DEBUG: Checking calendar for next 48 hours...[0m
[0;34m[2026-03-17 06:30:00] DEBUG: Checking IHS Towers follow-ups...[0m
[1;33m[2026-03-17 06:30:00] WARN: Found 2 urgent item(s) requiring attention[0m
[0;32m[2026-03-17 07:00:00] INFO: === Starting Heartbeat + Maintenance ===[0m
[0;32m[2026-03-17 07:00:00] INFO: Quiet hours (23:00-08:00), running minimal checks only[0m
[0;32m[2026-03-17 07:00:00] INFO: Checking HEARTBEAT conditions...[0m
[1;33m[2026-03-17 07:00:00] WARN: Alert triggered: IHS Towers email detected - URGENT[0m
[1;33m[2026-03-17 07:00:00] WARN: Failed to send iMessage alert to temikolawole@icloud.com[0m
[1;33m[2026-03-17 07:00:00] WARN: Alert triggered: Deadline within 24 hours[0m
[1;33m[2026-03-17 07:00:00] WARN: Failed to send iMessage alert to temikolawole@icloud.com[0m
[0;34m[2026-03-17 07:00:00] DEBUG: Checking calendar for next 48 hours...[0m
[0;34m[2026-03-17 07:00:00] DEBUG: Checking IHS Towers follow-ups...[0m
[1;33m[2026-03-17 07:00:00] WARN: Found 2 urgent item(s) requiring attention[0m
[0;32m[2026-03-17 07:30:00] INFO: === Starting Heartbeat + Maintenance ===[0m
[0;32m[2026-03-17 07:30:00] INFO: Quiet hours (23:00-08:00), running minimal checks only[0m
[0;32m[2026-03-17 07:30:00] INFO: Checking HEARTBEAT conditions...[0m
[1;33m[2026-03-17 07:30:00] WARN: Alert triggered: IHS Towers email detected - URGENT[0m
[1;33m[2026-03-17 07:30:00] WARN: Failed to send iMessage alert to temikolawole@icloud.com[0m
[1;33m[2026-03-17 07:30:00] WARN: Alert triggered: Deadline within 24 hours[0m
[1;33m[2026-03-17 07:30:00] WARN: Failed to send iMessage alert to temikolawole@icloud.com[0m
[0;34m[2026-03-17 07:30:00] DEBUG: Checking calendar for next 48 hours...[0m
[0;34m[2026-03-17 07:30:00] DEBUG: Checking IHS Towers follow-ups...[0m
[1;33m[2026-03-17 07:30:00] WARN: Found 2 urgent item(s) requiring attention[0m
[0;32m[2026-03-17 08:00:00] INFO: === Starting Heartbeat + Maintenance ===[0m
[0;32m[2026-03-17 08:00:00] INFO: Checking HEARTBEAT conditions...[0m
[1;33m[2026-03-17 08:00:00] WARN: Alert triggered: IHS Towers email detected - URGENT[0m
[1;33m[2026-03-17 08:00:00] WARN: Failed to send iMessage alert to temikolawole@icloud.com[0m
[1;33m[2026-03-17 08:00:00] WARN: Alert triggered: Deadline within 24 hours[0m
[1;33m[2026-03-17 08:00:00] WARN: Failed to send iMessage alert to temikolawole@icloud.com[0m
[0;34m[2026-03-17 08:00:00] DEBUG: Checking calendar for next 48 hours...[0m
[0;34m[2026-03-17 08:00:00] DEBUG: Checking IHS Towers follow-ups...[0m
[1;33m[2026-03-17 08:00:00] WARN: Found 2 urgent item(s) requiring attention[0m
[0;32m[2026-03-17 08:30:00] INFO: === Starting Heartbeat + Maintenance ===[0m
[0;32m[2026-03-17 08:30:00] INFO: Checking HEARTBEAT conditions...[0m
[1;33m[2026-03-17 08:30:00] WARN: Alert triggered: IHS Towers email detected - URGENT[0m
[1;33m[2026-03-17 08:30:00] WARN: Failed to send iMessage alert to temikolawole@icloud.com[0m
[1;33m[2026-03-17 08:30:00] WARN: Alert triggered: Deadline within 24 hours[0m
[1;33m[2026-03-17 08:30:00] WARN: Failed to send iMessage alert to temikolawole@icloud.com[0m
[0;34m[2026-03-17 08:30:00] DEBUG: Checking calendar for next 48 hours...[0m
[0;32m[2026-03-17 08:30:00] INFO: Found 1 upcoming event(s) in next 48 hours[0m
[1;33m[2026-03-17 08:30:01] WARN: Meeting preparation may be needed for upcoming events[0m
[0;32m[2026-03-17 09:00:00] INFO: === Starting Heartbeat + Maintenance ===[0m
[0;32m[2026-03-17 09:00:00] INFO: Checking HEARTBEAT conditions...[0m
[1;33m[2026-03-17 09:00:00] WARN: Alert triggered: IHS Towers email detected - URGENT[0m
[1;33m[2026-03-17 09:00:00] WARN: Failed to send iMessage alert to temikolawole@icloud.com[0m
[1;33m[2026-03-17 09:00:00] WARN: Alert triggered: Deadline within 24 hours[0m
[1;33m[2026-03-17 09:00:00] WARN: Failed to send iMessage alert to temikolawole@icloud.com[0m
[0;34m[2026-03-17 09:00:00] DEBUG: Checking calendar for next 48 hours...[0m
[0;34m[2026-03-17 09:00:00] DEBUG: Checking IHS Towers follow-ups...[0m
[1;33m[2026-03-17 09:00:00] WARN: Found 2 urgent item(s) requiring attention[0m
[0;32m[2026-03-17 09:30:00] INFO: === Starting Heartbeat + Maintenance ===[0m
[0;32m[2026-03-17 09:30:00] INFO: Checking HEARTBEAT conditions...[0m
[1;33m[2026-03-17 09:30:00] WARN: Alert triggered: IHS Towers email detected - URGENT[0m
[1;33m[2026-03-17 09:30:00] WARN: Failed to send iMessage alert to temikolawole@icloud.com[0m
[1;33m[2026-03-17 09:30:00] WARN: Alert triggered: Deadline within 24 hours[0m
[1;33m[2026-03-17 09:30:00] WARN: Failed to send iMessage alert to temikolawole@icloud.com[0m
[0;34m[2026-03-17 09:30:00] DEBUG: Checking calendar for next 48 hours...[0m
[0;34m[2026-03-17 09:30:00] DEBUG: Checking IHS Towers follow-ups...[0m
[1;33m[2026-03-17 09:30:00] WARN: Found 2 urgent item(s) requiring attention[0m
[0;32m[2026-03-17 10:00:00] INFO: === Starting Heartbeat + Maintenance ===[0m
[0;32m[2026-03-17 10:00:00] INFO: Checking HEARTBEAT conditions...[0m
[1;33m[2026-03-17 10:00:00] WARN: Alert triggered: IHS Towers email detected - URGENT[0m
[1;33m[2026-03-17 10:00:00] WARN: Failed to send iMessage alert to temikolawole@icloud.com[0m
[1;33m[2026-03-17 10:00:00] WARN: Alert triggered: Deadline within 24 hours[0m
[1;33m[2026-03-17 10:00:00] WARN: Failed to send iMessage alert to temikolawole@icloud.com[0m
[0;34m[2026-03-17 10:00:00] DEBUG: Checking calendar for next 48 hours...[0m
[0;34m[2026-03-17 10:00:00] DEBUG: Checking IHS Towers follow-ups...[0m
[1;33m[2026-03-17 10:00:00] WARN: Found 2 urgent item(s) requiring attention[0m
[0;32m[2026-03-17 10:30:00] INFO: === Starting Heartbeat + Maintenance ===[0m
[0;32m[2026-03-17 10:30:00] INFO: Checking HEARTBEAT conditions...[0m
[1;33m[2026-03-17 10:30:00] WARN: Alert triggered: IHS Towers email detected - URGENT[0m
[1;33m[2026-03-17 10:30:00] WARN: Failed to send iMessage alert to temikolawole@icloud.com[0m
[1;33m[2026-03-17 10:30:00] WARN: Alert triggered: Deadline within 24 hours[0m
[1;33m[2026-03-17 10:30:00] WARN: Failed to send iMessage alert to temikolawole@icloud.com[0m
[0;34m[2026-03-17 10:30:00] DEBUG: Checking calendar for next 48 hours...[0m
[0;34m[2026-03-17 10:30:00] DEBUG: Checking IHS Towers follow-ups...[0m
[1;33m[2026-03-17 10:30:00] WARN: Found 2 urgent item(s) requiring attention[0m
[0;32m[2026-03-17 11:00:00] INFO: === Starting Heartbeat + Maintenance ===[0m
[0;32m[2026-03-17 11:00:00] INFO: Checking HEARTBEAT conditions...[0m
[1;33m[2026-03-17 11:00:00] WARN: Alert triggered: IHS Towers email detected - URGENT[0m
[1;33m[2026-03-17 11:00:00] WARN: Failed to send iMessage alert to temikolawole@icloud.com[0m
[1;33m[2026-03-17 11:00:00] WARN: Alert triggered: Deadline within 24 hours[0m
[1;33m[2026-03-17 11:00:00] WARN: Failed to send iMessage alert to temikolawole@icloud.com[0m
[0;34m[2026-03-17 11:00:00] DEBUG: Checking calendar for next 48 hours...[0m
[0;34m[2026-03-17 11:00:00] DEBUG: Checking IHS Towers follow-ups...[0m
[1;33m[2026-03-17 11:00:00] WARN: Found 2 urgent item(s) requiring attention[0m
[0;32m[2026-03-17 11:30:01] INFO: === Starting Heartbeat + Maintenance ===[0m
[0;32m[2026-03-17 11:30:01] INFO: Checking HEARTBEAT conditions...[0m
[1;33m[2026-03-17 11:30:01] WARN: Alert triggered: IHS Towers email detected - URGENT[0m
[1;33m[2026-03-17 11:30:01] WARN: Failed to send iMessage alert to temikolawole@icloud.com[0m
[1;33m[2026-03-17 11:30:01] WARN: Alert triggered: Deadline within 24 hours[0m
[1;33m[2026-03-17 11:30:01] WARN: Failed to send iMessage alert to temikolawole@icloud.com[0m
[0;34m[2026-03-17 11:30:01] DEBUG: Checking calendar for next 48 hours...[0m
[0;34m[2026-03-17 11:30:01] DEBUG: Checking IHS Towers follow-ups...[0m
[1;33m[2026-03-17 11:30:01] WARN: IHS Towers follow-up may be needed[0m
[0;32m[2026-03-17 12:00:00] INFO: === Starting Heartbeat + Maintenance ===[0m
[0;32m[2026-03-17 12:00:00] INFO: Checking HEARTBEAT conditions...[0m
[1;33m[2026-03-17 12:00:00] WARN: Alert triggered: IHS Towers email detected - URGENT[0m
[1;33m[2026-03-17 12:00:00] WARN: Failed to send iMessage alert to temikolawole@icloud.com[0m
[1;33m[2026-03-17 12:00:00] WARN: Alert triggered: Deadline within 24 hours[0m
[1;33m[2026-03-17 12:00:00] WARN: Failed to send iMessage alert to temikolawole@icloud.com[0m
[0;34m[2026-03-17 12:00:00] DEBUG: Checking calendar for next 48 hours...[0m
[0;34m[2026-03-17 12:00:00] DEBUG: Checking IHS Towers follow-ups...[0m
[1;33m[2026-03-17 12:00:00] WARN: Found 2 urgent item(s) requiring attention[0m
[0;32m[2026-03-17 12:30:00] INFO: === Starting Heartbeat + Maintenance ===[0m
[0;32m[2026-03-17 12:30:00] INFO: Checking HEARTBEAT conditions...[0m
[1;33m[2026-03-17 12:30:00] WARN: Alert triggered: IHS Towers email detected - URGENT[0m
[1;33m[2026-03-17 12:30:00] WARN: Failed to send iMessage alert to temikolawole@icloud.com[0m
[1;33m[2026-03-17 12:30:00] WARN: Alert triggered: Deadline within 24 hours[0m
[1;33m[2026-03-17 12:30:00] WARN: Failed to send iMessage alert to temikolawole@icloud.com[0m
[0;34m[2026-03-17 12:30:00] DEBUG: Checking calendar for next 48 hours...[0m
[0;34m[2026-03-17 12:30:00] DEBUG: Checking IHS Towers follow-ups...[0m
[1;33m[2026-03-17 12:30:00] WARN: Found 2 urgent item(s) requiring attention[0m
[0;32m[2026-03-17 13:00:00] INFO: === Starting Heartbeat + Maintenance ===[0m
[0;32m[2026-03-17 13:00:00] INFO: Checking HEARTBEAT conditions...[0m
[1;33m[2026-03-17 13:00:00] WARN: Alert triggered: IHS Towers email detected - URGENT[0m
[1;33m[2026-03-17 13:00:00] WARN: Failed to send iMessage alert to temikolawole@icloud.com[0m
[1;33m[2026-03-17 13:00:00] WARN: Alert triggered: Deadline within 24 hours[0m
[1;33m[2026-03-17 13:00:00] WARN: Failed to send iMessage alert to temikolawole@icloud.com[0m
[0;34m[2026-03-17 13:00:00] DEBUG: Checking calendar for next 48 hours...[0m
[0;34m[2026-03-17 13:00:00] DEBUG: Checking IHS Towers follow-ups...[0m
[1;33m[2026-03-17 13:00:00] WARN: Found 2 urgent item(s) requiring attention[0m
[0;32m[2026-03-17 13:30:00] INFO: === Starting Heartbeat + Maintenance ===[0m
[0;32m[2026-03-17 13:30:00] INFO: Checking HEARTBEAT conditions...[0m
[1;33m[2026-03-17 13:30:00] WARN: Alert triggered: IHS Towers email detected - URGENT[0m
[1;33m[2026-03-17 13:30:00] WARN: Failed to send iMessage alert to temikolawole@icloud.com[0m
[1;33m[2026-03-17 13:30:00] WARN: Alert triggered: Deadline within 24 hours[0m
[1;33m[2026-03-17 13:30:00] WARN: Failed to send iMessage alert to temikolawole@icloud.com[0m
[0;34m[2026-03-17 13:30:00] DEBUG: Checking calendar for next 48 hours...[0m
[0;34m[2026-03-17 13:30:00] DEBUG: Checking IHS Towers follow-ups...[0m
[1;33m[2026-03-17 13:30:00] WARN: Found 2 urgent item(s) requiring attention[0m
[0;32m[2026-03-17 14:00:00] INFO: === Starting Heartbeat + Maintenance ===[0m
[0;32m[2026-03-17 14:00:00] INFO: Checking HEARTBEAT conditions...[0m
[1;33m[2026-03-17 14:00:00] WARN: Alert triggered: IHS Towers email detected - URGENT[0m
[1;33m[2026-03-17 14:00:00] WARN: Failed to send iMessage alert to temikolawole@icloud.com[0m
[1;33m[2026-03-17 14:00:00] WARN: Alert triggered: Deadline within 24 hours[0m
[1;33m[2026-03-17 14:00:00] WARN: Failed to send iMessage alert to temikolawole@icloud.com[0m
[0;34m[2026-03-17 14:00:00] DEBUG: Checking calendar for next 48 hours...[0m
[0;34m[2026-03-17 14:00:00] DEBUG: Checking IHS Towers follow-ups...[0m
[1;33m[2026-03-17 14:00:00] WARN: Found 2 urgent item(s) requiring attention[0m
[0;32m[2026-03-17 14:30:00] INFO: === Starting Heartbeat + Maintenance ===[0m
[0;32m[2026-03-17 14:30:00] INFO: Checking HEARTBEAT conditions...[0m
[1;33m[2026-03-17 14:30:00] WARN: Alert triggered: IHS Towers email detected - URGENT[0m
[1;33m[2026-03-17 14:30:00] WARN: Failed to send iMessage alert to temikolawole@icloud.com[0m
[1;33m[2026-03-17 14:30:00] WARN: Alert triggered: Deadline within 24 hours[0m
[1;33m[2026-03-17 14:30:01] WARN: Failed to send iMessage alert to temikolawole@icloud.com[0m
[0;34m[2026-03-17 14:30:01] DEBUG: Checking calendar for next 48 hours...[0m
[0;34m[2026-03-17 14:30:01] DEBUG: Checking IHS Towers follow-ups...[0m
[1;33m[2026-03-17 14:30:01] WARN: Found 2 urgent item(s) requiring attention[0m
[0;32m[2026-03-17 15:00:00] INFO: === Starting Heartbeat + Maintenance ===[0m
[0;32m[2026-03-17 15:00:00] INFO: Checking HEARTBEAT conditions...[0m
[1;33m[2026-03-17 15:00:00] WARN: Alert triggered: IHS Towers email detected - URGENT[0m
[1;33m[2026-03-17 15:00:00] WARN: Failed to send iMessage alert to temikolawole@icloud.com[0m
[1;33m[2026-03-17 15:00:00] WARN: Alert triggered: Deadline within 24 hours[0m
[1;33m[2026-03-17 15:00:00] WARN: Failed to send iMessage alert to temikolawole@icloud.com[0m
[0;34m[2026-03-17 15:00:00] DEBUG: Checking calendar for next 48 hours...[0m
[0;34m[2026-03-17 15:00:00] DEBUG: Checking IHS Towers follow-ups...[0m
[1;33m[2026-03-17 15:00:00] WARN: Found 2 urgent item(s) requiring attention[0m
[0;32m[2026-03-17 15:30:00] INFO: === Starting Heartbeat + Maintenance ===[0m
[0;32m[2026-03-17 15:30:00] INFO: Checking HEARTBEAT conditions...[0m
[1;33m[2026-03-17 15:30:00] WARN: Alert triggered: IHS Towers email detected - URGENT[0m
[1;33m[2026-03-17 15:30:00] WARN: Failed to send iMessage alert to temikolawole@icloud.com[0m
[1;33m[2026-03-17 15:30:00] WARN: Alert triggered: Deadline within 24 hours[0m
[1;33m[2026-03-17 15:30:00] WARN: Failed to send iMessage alert to temikolawole@icloud.com[0m
[0;34m[2026-03-17 15:30:00] DEBUG: Checking calendar for next 48 hours...[0m
[0;34m[2026-03-17 15:30:00] DEBUG: Checking IHS Towers follow-ups...[0m
[1;33m[2026-03-17 15:30:00] WARN: Found 2 urgent item(s) requiring attention[0m
[0;32m[2026-03-17 16:00:00] INFO: === Starting Heartbeat + Maintenance ===[0m
[0;32m[2026-03-17 16:00:00] INFO: Checking HEARTBEAT conditions...[0m
[1;33m[2026-03-17 16:00:00] WARN: Alert triggered: IHS Towers email detected - URGENT[0m
[1;33m[2026-03-17 16:00:00] WARN: Failed to send iMessage alert to temikolawole@icloud.com[0m
[1;33m[2026-03-17 16:00:00] WARN: Alert triggered: Deadline within 24 hours[0m
[1;33m[2026-03-17 16:00:00] WARN: Failed to send iMessage alert to temikolawole@icloud.com[0m
[0;34m[2026-03-17 16:00:00] DEBUG: Checking calendar for next 48 hours...[0m
[0;34m[2026-03-17 16:00:00] DEBUG: Checking IHS Towers follow-ups...[0m
[1;33m[2026-03-17 16:00:00] WARN: Found 2 urgent item(s) requiring attention[0m
[0;32m[2026-03-17 16:30:00] INFO: === Starting Heartbeat + Maintenance ===[0m
[0;32m[2026-03-17 16:30:00] INFO: Checking HEARTBEAT conditions...[0m
[1;33m[2026-03-17 16:30:00] WARN: Alert triggered: IHS Towers email detected - URGENT[0m
[1;33m[2026-03-17 16:30:00] WARN: Failed to send iMessage alert to temikolawole@icloud.com[0m
[1;33m[2026-03-17 16:30:00] WARN: Alert triggered: Deadline within 24 hours[0m
[1;33m[2026-03-17 16:30:00] WARN: Failed to send iMessage alert to temikolawole@icloud.com[0m
[0;34m[2026-03-17 16:30:00] DEBUG: Checking calendar for next 48 hours...[0m
[0;32m[2026-03-17 16:30:00] INFO: Found 3 upcoming event(s) in next 48 hours[0m
[0;32m[2026-03-17 17:00:00] INFO: === Starting Heartbeat + Maintenance ===[0m
[0;32m[2026-03-17 17:00:00] INFO: Checking HEARTBEAT conditions...[0m
[1;33m[2026-03-17 17:00:00] WARN: Alert triggered: IHS Towers email detected - URGENT[0m
[1;33m[2026-03-17 17:00:00] WARN: Failed to send iMessage alert to temikolawole@icloud.com[0m
[1;33m[2026-03-17 17:00:00] WARN: Alert triggered: Deadline within 24 hours[0m
[1;33m[2026-03-17 17:00:00] WARN: Failed to send iMessage alert to temikolawole@icloud.com[0m
[0;34m[2026-03-17 17:00:00] DEBUG: Checking calendar for next 48 hours...[0m
[0;34m[2026-03-17 17:00:00] DEBUG: Checking IHS Towers follow-ups...[0m
[1;33m[2026-03-17 17:00:00] WARN: Found 2 urgent item(s) requiring attention[0m
[0;32m[2026-03-17 17:30:00] INFO: === Starting Heartbeat + Maintenance ===[0m
[0;32m[2026-03-17 17:30:00] INFO: Checking HEARTBEAT conditions...[0m
[1;33m[2026-03-17 17:30:00] WARN: Alert triggered: IHS Towers email detected - URGENT[0m
[1;33m[2026-03-17 17:30:00] WARN: Failed to send iMessage alert to temikolawole@icloud.com[0m
[1;33m[2026-03-17 17:30:00] WARN: Alert triggered: Deadline within 24 hours[0m
[1;33m[2026-03-17 17:30:00] WARN: Failed to send iMessage alert to temikolawole@icloud.com[0m
[0;34m[2026-03-17 17:30:00] DEBUG: Checking calendar for next 48 hours...[0m
[0;32m[2026-03-17 17:30:00] INFO: Found 2 upcoming event(s) in next 48 hours[0m
[0;32m[2026-03-17 18:00:01] INFO: === Starting Heartbeat + Maintenance ===[0m
[0;32m[2026-03-17 18:00:01] INFO: Checking HEARTBEAT conditions...[0m
[1;33m[2026-03-17 18:00:01] WARN: Alert triggered: IHS Towers email detected - URGENT[0m
[1;33m[2026-03-17 18:00:01] WARN: Failed to send iMessage alert to temikolawole@icloud.com[0m
[1;33m[2026-03-17 18:00:01] WARN: Alert triggered: Deadline within 24 hours[0m
[1;33m[2026-03-17 18:00:01] WARN: Failed to send iMessage alert to temikolawole@icloud.com[0m
[0;34m[2026-03-17 18:00:01] DEBUG: Checking calendar for next 48 hours...[0m
[0;34m[2026-03-17 18:00:01] DEBUG: Checking IHS Towers follow-ups...[0m
[1;33m[2026-03-17 18:00:01] WARN: Found 2 urgent item(s) requiring attention[0m
[0;32m[2026-03-17 18:30:00] INFO: === Starting Heartbeat + Maintenance ===[0m
[0;32m[2026-03-17 18:30:00] INFO: Checking HEARTBEAT conditions...[0m
[1;33m[2026-03-17 18:30:00] WARN: Alert triggered: IHS Towers email detected - URGENT[0m
[1;33m[2026-03-17 18:30:00] WARN: Failed to send iMessage alert to temikolawole@icloud.com[0m
[1;33m[2026-03-17 18:30:00] WARN: Alert triggered: Deadline within 24 hours[0m
[1;33m[2026-03-17 18:30:00] WARN: Failed to send iMessage alert to temikolawole@icloud.com[0m
[0;34m[2026-03-17 18:30:00] DEBUG: Checking calendar for next 48 hours...[0m
[0;34m[2026-03-17 18:30:00] DEBUG: Checking IHS Towers follow-ups...[0m
[1;33m[2026-03-17 18:30:00] WARN: Found 2 urgent item(s) requiring attention[0m
[0;32m[2026-03-17 19:00:01] INFO: === Starting Heartbeat + Maintenance ===[0m
[0;32m[2026-03-17 19:00:01] INFO: Checking HEARTBEAT conditions...[0m
[1;33m[2026-03-17 19:00:01] WARN: Alert triggered: IHS Towers email detected - URGENT[0m
[1;33m[2026-03-17 19:00:01] WARN: Failed to send iMessage alert to temikolawole@icloud.com[0m
[1;33m[2026-03-17 19:00:01] WARN: Alert triggered: Deadline within 24 hours[0m
[1;33m[2026-03-17 19:00:01] WARN: Failed to send iMessage alert to temikolawole@icloud.com[0m
[0;34m[2026-03-17 19:00:01] DEBUG: Checking calendar for next 48 hours...[0m
[0;34m[2026-03-17 19:00:01] DEBUG: Checking IHS Towers follow-ups...[0m
[1;33m[2026-03-17 19:00:01] WARN: Found 2 urgent item(s) requiring attention[0m
[0;32m[2026-03-17 19:30:00] INFO: === Starting Heartbeat + Maintenance ===[0m
[0;32m[2026-03-17 19:30:00] INFO: Checking HEARTBEAT conditions...[0m
[1;33m[2026-03-17 19:30:00] WARN: Alert triggered: IHS Towers email detected - URGENT[0m
[1;33m[2026-03-17 19:30:00] WARN: Failed to send iMessage alert to temikolawole@icloud.com[0m
[1;33m[2026-03-17 19:30:00] WARN: Alert triggered: Deadline within 24 hours[0m
[1;33m[2026-03-17 19:30:00] WARN: Failed to send iMessage alert to temikolawole@icloud.com[0m
[0;34m[2026-03-17 19:30:00] DEBUG: Checking calendar for next 48 hours...[0m
[0;34m[2026-03-17 19:30:00] DEBUG: Checking IHS Towers follow-ups...[0m
[1;33m[2026-03-17 19:30:00] WARN: Found 2 urgent item(s) requiring attention[0m
[0;32m[2026-03-17 20:00:00] INFO: === Starting Heartbeat + Maintenance ===[0m
[0;32m[2026-03-17 20:00:00] INFO: Checking HEARTBEAT conditions...[0m
[1;33m[2026-03-17 20:00:00] WARN: Alert triggered: IHS Towers email detected - URGENT[0m
[1;33m[2026-03-17 20:00:00] WARN: Failed to send iMessage alert to temikolawole@icloud.com[0m
[1;33m[2026-03-17 20:00:00] WARN: Alert triggered: Deadline within 24 hours[0m
[1;33m[2026-03-17 20:00:00] WARN: Failed to send iMessage alert to temikolawole@icloud.com[0m
[0;34m[2026-03-17 20:00:00] DEBUG: Checking calendar for next 48 hours...[0m
[0;34m[2026-03-17 20:00:00] DEBUG: Checking IHS Towers follow-ups...[0m
[1;33m[2026-03-17 20:00:00] WARN: Found 2 urgent item(s) requiring attention[0m
[0;32m[2026-03-17 20:30:01] INFO: === Starting Heartbeat + Maintenance ===[0m
[0;32m[2026-03-17 20:30:01] INFO: Checking HEARTBEAT conditions...[0m
[1;33m[2026-03-17 20:30:01] WARN: Alert triggered: IHS Towers email detected - URGENT[0m
[1;33m[2026-03-17 20:30:01] WARN: Failed to send iMessage alert to temikolawole@icloud.com[0m
[1;33m[2026-03-17 20:30:01] WARN: Alert triggered: Deadline within 24 hours[0m
[1;33m[2026-03-17 20:30:01] WARN: Failed to send iMessage alert to temikolawole@icloud.com[0m
[0;34m[2026-03-17 20:30:01] DEBUG: Checking calendar for next 48 hours...[0m
[0;34m[2026-03-17 20:30:01] DEBUG: Checking IHS Towers follow-ups...[0m
[1;33m[2026-03-17 20:30:01] WARN: Found 2 urgent item(s) requiring attention[0m
[0;32m[2026-03-17 21:00:00] INFO: === Starting Heartbeat + Maintenance ===[0m
[0;32m[2026-03-17 21:00:00] INFO: Checking HEARTBEAT conditions...[0m
[1;33m[2026-03-17 21:00:00] WARN: Alert triggered: IHS Towers email detected - URGENT[0m
[1;33m[2026-03-17 21:00:00] WARN: Failed to send iMessage alert to temikolawole@icloud.com[0m
[1;33m[2026-03-17 21:00:00] WARN: Alert triggered: Deadline within 24 hours[0m
[1;33m[2026-03-17 21:00:00] WARN: Failed to send iMessage alert to temikolawole@icloud.com[0m
[0;34m[2026-03-17 21:00:00] DEBUG: Checking calendar for next 48 hours...[0m
[0;34m[2026-03-17 21:00:00] DEBUG: Checking IHS Towers follow-ups...[0m
[1;33m[2026-03-17 21:00:00] WARN: Found 2 urgent item(s) requiring attention[0m
[0;32m[2026-03-17 21:30:00] INFO: === Starting Heartbeat + Maintenance ===[0m
[0;32m[2026-03-17 21:30:00] INFO: Checking HEARTBEAT conditions...[0m
[1;33m[2026-03-17 21:30:00] WARN: Alert triggered: IHS Towers email detected - URGENT[0m
[1;33m[2026-03-17 21:30:00] WARN: Failed to send iMessage alert to temikolawole@icloud.com[0m
[1;33m[2026-03-17 21:30:00] WARN: Alert triggered: Deadline within 24 hours[0m
[1;33m[2026-03-17 21:30:00] WARN: Failed to send iMessage alert to temikolawole@icloud.com[0m
[0;34m[2026-03-17 21:30:00] DEBUG: Checking calendar for next 48 hours...[0m
[0;34m[2026-03-17 21:30:00] DEBUG: Checking IHS Towers follow-ups...[0m
[1;33m[2026-03-17 21:30:00] WARN: Found 2 urgent item(s) requiring attention[0m
[0;32m[2026-03-17 22:00:00] INFO: === Starting Heartbeat + Maintenance ===[0m
[0;32m[2026-03-17 22:00:00] INFO: Checking HEARTBEAT conditions...[0m
[1;33m[2026-03-17 22:00:00] WARN: Alert triggered: IHS Towers email detected - URGENT[0m
[1;33m[2026-03-17 22:00:00] WARN: Failed to send iMessage alert to temikolawole@icloud.com[0m
[1;33m[2026-03-17 22:00:00] WARN: Alert triggered: Deadline within 24 hours[0m
[1;33m[2026-03-17 22:00:00] WARN: Failed to send iMessage alert to temikolawole@icloud.com[0m
[0;34m[2026-03-17 22:00:00] DEBUG: Checking calendar for next 48 hours...[0m
[0;34m[2026-03-17 22:00:00] DEBUG: Checking IHS Towers follow-ups...[0m
[1;33m[2026-03-17 22:00:00] WARN: IHS Towers follow-up may be needed[0m
[0;32m[2026-03-17 22:30:01] INFO: === Starting Heartbeat + Maintenance ===[0m
[0;32m[2026-03-17 22:30:01] INFO: Checking HEARTBEAT conditions...[0m
[1;33m[2026-03-17 22:30:01] WARN: Alert triggered: IHS Towers email detected - URGENT[0m
[1;33m[2026-03-17 22:30:01] WARN: Failed to send iMessage alert to temikolawole@icloud.com[0m
[1;33m[2026-03-17 22:30:01] WARN: Alert triggered: Deadline within 24 hours[0m
[1;33m[2026-03-17 22:30:01] WARN: Failed to send iMessage alert to temikolawole@icloud.com[0m
[0;34m[2026-03-17 22:30:01] DEBUG: Checking calendar for next 48 hours...[0m
[0;34m[2026-03-17 22:30:01] DEBUG: Checking IHS Towers follow-ups...[0m
[1;33m[2026-03-17 22:30:01] WARN: Found 2 urgent item(s) requiring attention[0m
[0;32m[2026-03-17 23:00:00] INFO: === Starting Heartbeat + Maintenance ===[0m
[0;32m[2026-03-17 23:00:00] INFO: Quiet hours (23:00-08:00), running minimal checks only[0m
[0;32m[2026-03-17 23:00:00] INFO: Checking HEARTBEAT conditions...[0m
[1;33m[2026-03-17 23:00:00] WARN: Alert triggered: IHS Towers email detected - URGENT[0m
[1;33m[2026-03-17 23:00:00] WARN: Failed to send iMessage alert to temikolawole@icloud.com[0m
[1;33m[2026-03-17 23:00:00] WARN: Alert triggered: Deadline within 24 hours[0m
[1;33m[2026-03-17 23:00:00] WARN: Failed to send iMessage alert to temikolawole@icloud.com[0m
[0;34m[2026-03-17 23:00:00] DEBUG: Checking calendar for next 48 hours...[0m
[0;34m[2026-03-17 23:00:00] DEBUG: Checking IHS Towers follow-ups...[0m
[1;33m[2026-03-17 23:00:00] WARN: Found 2 urgent item(s) requiring attention[0m
[0;32m[2026-03-17 23:30:00] INFO: === Starting Heartbeat + Maintenance ===[0m
[0;32m[2026-03-17 23:30:00] INFO: Quiet hours (23:00-08:00), running minimal checks only[0m
[0;32m[2026-03-17 23:30:00] INFO: Checking HEARTBEAT conditions...[0m
[1;33m[2026-03-17 23:30:00] WARN: Alert triggered: IHS Towers email detected - URGENT[0m
[1;33m[2026-03-17 23:30:00] WARN: Failed to send iMessage alert to temikolawole@icloud.com[0m
[1;33m[2026-03-17 23:30:00] WARN: Alert triggered: Deadline within 24 hours[0m
[1;33m[2026-03-17 23:30:00] WARN: Failed to send iMessage alert to temikolawole@icloud.com[0m
[0;34m[2026-03-17 23:30:00] DEBUG: Checking calendar for next 48 hours...[0m
[0;34m[2026-03-17 23:30:00] DEBUG: Checking IHS Towers follow-ups...[0m
[1;33m[2026-03-17 23:30:00] WARN: Found 2 urgent item(s) requiring attention[0m
[0;32m[2026-03-18 00:00:00] INFO: === Starting Heartbeat + Maintenance ===[0m
[0;32m[2026-03-18 00:00:00] INFO: Quiet hours (23:00-08:00), running minimal checks only[0m
[0;32m[2026-03-18 00:00:00] INFO: Checking HEARTBEAT conditions...[0m
[1;33m[2026-03-18 00:00:00] WARN: Alert triggered: IHS Towers email detected - URGENT[0m
[1;33m[2026-03-18 00:00:00] WARN: Failed to send iMessage alert to temikolawole@icloud.com[0m
[1;33m[2026-03-18 00:00:00] WARN: Alert triggered: Deadline within 24 hours[0m
[1;33m[2026-03-18 00:00:00] WARN: Failed to send iMessage alert to temikolawole@icloud.com[0m
[0;34m[2026-03-18 00:00:00] DEBUG: Checking calendar for next 48 hours...[0m
[0;32m[2026-03-18 00:00:00] INFO: Found 3 upcoming event(s) in next 48 hours[0m
[1;33m[2026-03-18 00:00:00] WARN: Meeting preparation may be needed for upcoming events[0m
[0;32m[2026-03-18 00:30:00] INFO: === Starting Heartbeat + Maintenance ===[0m
[0;32m[2026-03-18 00:30:00] INFO: Quiet hours (23:00-08:00), running minimal checks only[0m
[0;32m[2026-03-18 00:30:00] INFO: Checking HEARTBEAT conditions...[0m
[1;33m[2026-03-18 00:30:00] WARN: Alert triggered: IHS Towers email detected - URGENT[0m
[1;33m[2026-03-18 00:30:00] WARN: Failed to send iMessage alert to temikolawole@icloud.com[0m
[1;33m[2026-03-18 00:30:00] WARN: Alert triggered: Deadline within 24 hours[0m
[1;33m[2026-03-18 00:30:00] WARN: Failed to send iMessage alert to temikolawole@icloud.com[0m
[0;34m[2026-03-18 00:30:00] DEBUG: Checking calendar for next 48 hours...[0m
[0;34m[2026-03-18 00:30:00] DEBUG: Checking IHS Towers follow-ups...[0m
[1;33m[2026-03-18 00:30:00] WARN: Found 2 urgent item(s) requiring attention[0m
[0;32m[2026-03-18 01:00:00] INFO: === Starting Heartbeat + Maintenance ===[0m
[0;32m[2026-03-18 01:00:00] INFO: Quiet hours (23:00-08:00), running minimal checks only[0m
[0;32m[2026-03-18 01:00:00] INFO: Checking HEARTBEAT conditions...[0m
[1;33m[2026-03-18 01:00:00] WARN: Alert triggered: IHS Towers email detected - URGENT[0m
[1;33m[2026-03-18 01:00:00] WARN: Failed to send iMessage alert to temikolawole@icloud.com[0m
[1;33m[2026-03-18 01:00:00] WARN: Alert triggered: Deadline within 24 hours[0m
[1;33m[2026-03-18 01:00:00] WARN: Failed to send iMessage alert to temikolawole@icloud.com[0m
[0;34m[2026-03-18 01:00:00] DEBUG: Checking calendar for next 48 hours...[0m
[0;34m[2026-03-18 01:00:00] DEBUG: Checking IHS Towers follow-ups...[0m
[1;33m[2026-03-18 01:00:00] WARN: Found 2 urgent item(s) requiring attention[0m
[0;32m[2026-03-18 01:30:00] INFO: === Starting Heartbeat + Maintenance ===[0m
[0;32m[2026-03-18 01:30:00] INFO: Quiet hours (23:00-08:00), running minimal checks only[0m
[0;32m[2026-03-18 01:30:00] INFO: Checking HEARTBEAT conditions...[0m
[1;33m[2026-03-18 01:30:00] WARN: Alert triggered: IHS Towers email detected - URGENT[0m
[1;33m[2026-03-18 01:30:00] WARN: Failed to send iMessage alert to temikolawole@icloud.com[0m
[1;33m[2026-03-18 01:30:00] WARN: Alert triggered: Deadline within 24 hours[0m
[1;33m[2026-03-18 01:30:00] WARN: Failed to send iMessage alert to temikolawole@icloud.com[0m
[0;34m[2026-03-18 01:30:00] DEBUG: Checking calendar for next 48 hours...[0m
[0;34m[2026-03-18 01:30:00] DEBUG: Checking IHS Towers follow-ups...[0m
[1;33m[2026-03-18 01:30:00] WARN: Found 2 urgent item(s) requiring attention[0m
[0;32m[2026-03-18 02:00:01] INFO: === Starting Heartbeat + Maintenance ===[0m
[0;32m[2026-03-18 02:00:01] INFO: Quiet hours (23:00-08:00), running minimal checks only[0m
[0;32m[2026-03-18 02:00:01] INFO: Checking HEARTBEAT conditions...[0m
[1;33m[2026-03-18 02:00:01] WARN: Alert triggered: IHS Towers email detected - URGENT[0m
[1;33m[2026-03-18 02:00:01] WARN: Failed to send iMessage alert to temikolawole@icloud.com[0m
[1;33m[2026-03-18 02:00:01] WARN: Alert triggered: Deadline within 24 hours[0m
[1;33m[2026-03-18 02:00:01] WARN: Failed to send iMessage alert to temikolawole@icloud.com[0m
[0;34m[2026-03-18 02:00:01] DEBUG: Checking calendar for next 48 hours...[0m
[0;34m[2026-03-18 02:00:01] DEBUG: Checking IHS Towers follow-ups...[0m
[1;33m[2026-03-18 02:00:01] WARN: Found 2 urgent item(s) requiring attention[0m
[0;32m[2026-03-18 02:30:00] INFO: === Starting Heartbeat + Maintenance ===[0m
[0;32m[2026-03-18 02:30:00] INFO: Quiet hours (23:00-08:00), running minimal checks only[0m
[0;32m[2026-03-18 02:30:00] INFO: Checking HEARTBEAT conditions...[0m
[1;33m[2026-03-18 02:30:00] WARN: Alert triggered: IHS Towers email detected - URGENT[0m
[1;33m[2026-03-18 02:30:00] WARN: Failed to send iMessage alert to temikolawole@icloud.com[0m
[1;33m[2026-03-18 02:30:00] WARN: Alert triggered: Deadline within 24 hours[0m
[1;33m[2026-03-18 02:30:00] WARN: Failed to send iMessage alert to temikolawole@icloud.com[0m
[0;34m[2026-03-18 02:30:00] DEBUG: Checking calendar for next 48 hours...[0m
[0;34m[2026-03-18 02:30:00] DEBUG: Checking IHS Towers follow-ups...[0m
[1;33m[2026-03-18 02:30:00] WARN: Found 2 urgent item(s) requiring attention[0m
[0;32m[2026-03-18 03:00:00] INFO: === Starting Heartbeat + Maintenance ===[0m
[0;32m[2026-03-18 03:00:00] INFO: Quiet hours (23:00-08:00), running minimal checks only[0m
[0;32m[2026-03-18 03:00:00] INFO: Checking HEARTBEAT conditions...[0m
[1;33m[2026-03-18 03:00:00] WARN: Alert triggered: IHS Towers email detected - URGENT[0m
[1;33m[2026-03-18 03:00:00] WARN: Failed to send iMessage alert to temikolawole@icloud.com[0m
[1;33m[2026-03-18 03:00:00] WARN: Alert triggered: Deadline within 24 hours[0m
[1;33m[2026-03-18 03:00:00] WARN: Failed to send iMessage alert to temikolawole@icloud.com[0m
[0;34m[2026-03-18 03:00:00] DEBUG: Checking calendar for next 48 hours...[0m
[0;34m[2026-03-18 03:00:00] DEBUG: Checking IHS Towers follow-ups...[0m
[1;33m[2026-03-18 03:00:00] WARN: Found 2 urgent item(s) requiring attention[0m
[0;32m[2026-03-18 03:30:01] INFO: === Starting Heartbeat + Maintenance ===[0m
[0;32m[2026-03-18 03:30:01] INFO: Quiet hours (23:00-08:00), running minimal checks only[0m
[0;32m[2026-03-18 03:30:01] INFO: Checking HEARTBEAT conditions...[0m
[1;33m[2026-03-18 03:30:01] WARN: Alert triggered: IHS Towers email detected - URGENT[0m
[1;33m[2026-03-18 03:30:01] WARN: Failed to send iMessage alert to temikolawole@icloud.com[0m
[1;33m[2026-03-18 03:30:01] WARN: Alert triggered: Deadline within 24 hours[0m
[1;33m[2026-03-18 03:30:01] WARN: Failed to send iMessage alert to temikolawole@icloud.com[0m
[0;34m[2026-03-18 03:30:01] DEBUG: Checking calendar for next 48 hours...[0m
[0;34m[2026-03-18 03:30:01] DEBUG: Checking IHS Towers follow-ups...[0m
[1;33m[2026-03-18 03:30:01] WARN: Found 2 urgent item(s) requiring attention[0m
[0;32m[2026-03-18 04:00:00] INFO: === Starting Heartbeat + Maintenance ===[0m
[0;32m[2026-03-18 04:00:00] INFO: Quiet hours (23:00-08:00), running minimal checks only[0m
[0;32m[2026-03-18 04:00:00] INFO: Checking HEARTBEAT conditions...[0m
[1;33m[2026-03-18 04:00:00] WARN: Alert triggered: IHS Towers email detected - URGENT[0m
[1;33m[2026-03-18 04:00:00] WARN: Failed to send iMessage alert to temikolawole@icloud.com[0m
[1;33m[2026-03-18 04:00:00] WARN: Alert triggered: Deadline within 24 hours[0m
[1;33m[2026-03-18 04:00:00] WARN: Failed to send iMessage alert to temikolawole@icloud.com[0m
[0;34m[2026-03-18 04:00:00] DEBUG: Checking calendar for next 48 hours...[0m
[0;34m[2026-03-18 04:00:00] DEBUG: Checking IHS Towers follow-ups...[0m
[1;33m[2026-03-18 04:00:00] WARN: Found 2 urgent item(s) requiring attention[0m
[0;32m[2026-03-18 04:30:00] INFO: === Starting Heartbeat + Maintenance ===[0m
[0;32m[2026-03-18 04:30:00] INFO: Quiet hours (23:00-08:00), running minimal checks only[0m
[0;32m[2026-03-18 04:30:00] INFO: Checking HEARTBEAT conditions...[0m
[1;33m[2026-03-18 04:30:00] WARN: Alert triggered: IHS Towers email detected - URGENT[0m
[1;33m[2026-03-18 04:30:00] WARN: Failed to send iMessage alert to temikolawole@icloud.com[0m
[1;33m[2026-03-18 04:30:00] WARN: Alert triggered: Deadline within 24 hours[0m
[1;33m[2026-03-18 04:30:00] WARN: Failed to send iMessage alert to temikolawole@icloud.com[0m
[0;34m[2026-03-18 04:30:00] DEBUG: Checking calendar for next 48 hours...[0m
[0;34m[2026-03-18 04:30:00] DEBUG: Checking IHS Towers follow-ups...[0m
[1;33m[2026-03-18 04:30:00] WARN: Found 2 urgent item(s) requiring attention[0m
[0;32m[2026-03-18 05:00:01] INFO: === Starting Heartbeat + Maintenance ===[0m
[0;32m[2026-03-18 05:00:01] INFO: Quiet hours (23:00-08:00), running minimal checks only[0m
[0;32m[2026-03-18 05:00:01] INFO: Checking HEARTBEAT conditions...[0m
[1;33m[2026-03-18 05:00:01] WARN: Alert triggered: IHS Towers email detected - URGENT[0m
[1;33m[2026-03-18 05:00:01] WARN: Failed to send iMessage alert to temikolawole@icloud.com[0m
[1;33m[2026-03-18 05:00:01] WARN: Alert triggered: Deadline within 24 hours[0m
[1;33m[2026-03-18 05:00:01] WARN: Failed to send iMessage alert to temikolawole@icloud.com[0m
[0;34m[2026-03-18 05:00:01] DEBUG: Checking calendar for next 48 hours...[0m
[0;34m[2026-03-18 05:00:01] DEBUG: Checking IHS Towers follow-ups...[0m
[1;33m[2026-03-18 05:00:01] WARN: Found 2 urgent item(s) requiring attention[0m
[0;32m[2026-03-18 05:30:00] INFO: === Starting Heartbeat + Maintenance ===[0m
[0;32m[2026-03-18 05:30:00] INFO: Quiet hours (23:00-08:00), running minimal checks only[0m
[0;32m[2026-03-18 05:30:00] INFO: Checking HEARTBEAT conditions...[0m
[1;33m[2026-03-18 05:30:00] WARN: Alert triggered: IHS Towers email detected - URGENT[0m
[1;33m[2026-03-18 05:30:00] WARN: Failed to send iMessage alert to temikolawole@icloud.com[0m
[1;33m[2026-03-18 05:30:00] WARN: Alert triggered: Deadline within 24 hours[0m
[1;33m[2026-03-18 05:30:00] WARN: Failed to send iMessage alert to temikolawole@icloud.com[0m
[0;34m[2026-03-18 05:30:00] DEBUG: Checking calendar for next 48 hours...[0m
[0;34m[2026-03-18 05:30:00] DEBUG: Checking IHS Towers follow-ups...[0m
[1;33m[2026-03-18 05:30:00] WARN: Found 2 urgent item(s) requiring attention[0m
